instCartelNo,cartelNo,cartelNm,cartelInstNm,regDt,biddocStartDt,biddocEndDt,openbidDt,cartelStat,cartelStatStr,proceType,proceTypeDetail,proceTypeDetailCd,cartelInstCd,executorNm,executorId,cartelSeq
2026LD-000077-0001600003,20261001190,COMPRA DE CORTINAS PLASTICAS MRCH,PROGRAMA INTEGRAL DE MERCADEO AGROPECUARIO,09/10/2026 09:01,09/10/2026 09:10,,16/10/2026 08:01,En recepción de ofertas,En recepción de ofertas,LD,,01,3007045942,Kevin Jesus Barquero Rodriguez,G3007045942073,00
2026LD-000287-0006300001,20261001169,MANTENIMIENTO CORRECTIVO DE LA UNIDAD INSTITUCIONALES 265-212 DEL ITCR,INSTITUTO TECNOLÓGICO DE COSTA RICA,09/10/2026 08:58,09/10/2026 09:00,,14/10/2026 09:00,En recepción de ofertas,En recepción de ofertas,LD,,01,4000042145,ANA LUCIA ROJAS GONZALEZ,G4000042145016,00
2026LD-000286-0006300001,20261001166,MANTENIMIENTO CORRECTIVO DE LAS UNIDADES INSTITUCIONALES 265-257 Y 265-176 DEL ITCR,INSTITUTO TECNOLÓGICO DE COSTA RICA,09/10/2026 08:57,09/10/2026 09:00,,14/10/2026 09:00,En recepción de ofertas,En recepción de ofertas,LD,,01,4000042145,ANA LUCIA ROJAS GONZALEZ,G4000042145016,00
2026LD-000045-0043900001,20261001182,Servicios Profesionales en Contaduría,MUNICIPALIDAD DE ABANGARES,09/10/2026 08:46,09/10/2026 09:00,,19/10/2026 09:30,En recepción de ofertas,En recepción de ofertas,LD,,01,3014042099,JORGE EDUARDO RODRIGUEZ PADILLA,G301404209999025,00
2026PX-000009-0004800001,20261001042,SERVICIO DE REPARACIÓN SISTEMA RECIRCULACIÓN LABOR,MUNICIPALIDAD DE LA UNIÓN,09/10/2026 08:31,09/10/2026 09:00,,16/10/2026 09:00,En recepción de ofertas,En recepción de ofertas,PX,,08,3014042083,KRISTIN REBECA CORTES MORALES,G3014042083003,00
2026LD-000113-0001800001,20261001173,adquisición de materiales para le mejora de los edificios de la institución,JUNTA DE ADMINISTRACIÓN PORTUARIA Y DE DESARROLLO ECONÓMICO DE LA VERTIENTE ATLÁNTICA (JAPDEVA),09/10/2026 08:23,09/10/2026 09:00,,14/10/2026 09:00,En recepción de ofertas,En recepción de ofertas,LD,,01,4000042148,FEDERICO FERNANDO CRAWFORD SIMPSON,G4000042148035,00
2026PX-000022-0013200001,20261001144,Curso Inteligencia Emocional y asertividad en la acción del liderazgo gerencial,INSTITUTO DE DESARROLLO PROFESIONAL ULADISLAO GÁMEZ SOLANO,09/10/2026 08:08,09/10/2026 08:30,,13/10/2026 08:30,En recepción de ofertas,En recepción de ofertas,PX,,08,3007586646,PABLO ENRIQUE BARQUERO MATA,G3007586646031,00
2026LD-000022-0010500001,20261000984,"Compra de productos veterinarios para el INTA, bajo la modalidad de entrega según demanda",INSTITUTO NACIONAL DE INNOVACIÓN TECNOLÓGICA AGROPECUARIA INTA,09/10/2026 08:08,09/10/2026 08:30,,16/10/2026 08:00,En recepción de ofertas,En recepción de ofertas,LD,,02,3007320067,Marny Maria Cascante Espinoza,G300732006767135,00
2026LD-000039-0006800001,20261000788,Adquisición de Pruebas de Competencias SINAC,SISTEMA NACIONAL DE ÁREAS DE CONSERVACIÓN,09/10/2026 08:01,09/10/2026 09:00,,16/10/2026 09:00,En recepción de ofertas,En recepción de ofertas,LD,,02,3007317912,Roberto Quesada Quirós,G3007317912001,00
2026LD-000330-0000900001,20261001020,REMODELACIÓN ELÉCTRICA DE LA ESTACIÓN EXPERIMENTAL ALFREDO VOLIO MATA,UNIVERSIDAD DE COSTA RICA,09/10/2026 07:46,09/10/2026 07:46,,16/10/2026 10:00,En recepción de ofertas,En recepción de ofertas,LD,,18,4000042149,JOSUE DAVID SEGURA HERNANDEZ,G4000042149009,00
2026LD-000021-0010500001,20261000986,Útiles y materiales de cocina y comedor,INSTITUTO NACIONAL DE INNOVACIÓN TECNOLÓGICA AGROPECUARIA INTA,09/10/2026 07:23,09/10/2026 07:30,,16/10/2026 13:00,En recepción de ofertas,En recepción de ofertas,LD,,01,3007320067,ANA MARIELA ALFARO GONZALEZ,G300732006767098,00
2026LD-000232-0015499999,20261000997,Adquisición de seis figuras inflables para el Festival de la Luz 2026,MUNICIPALIDAD DEL CANTÓN CENTRAL DE SAN JOSÉ,08/10/2026 20:00,08/10/2026 20:00,,14/10/2026 08:00,En recepción de ofertas,En recepción de ofertas,LD,,01,3014042058,DANIELA STEPHANNY CASTILLO JIMENEZ,G3014042058366,00
2026PX-000018-0015700008,20261001159,Participación Expo PYME – MEIC Quepos 2026,BANCO DE COSTA RICA,08/10/2026 19:30,09/10/2026 08:00,,12/10/2026 12:05,En recepción de ofertas,En recepción de ofertas,PX,,01,4000000019,EDGAR MORA ZUÑIGA,G4000000019103,00
2026LD-000026-0018800002,20261001156,Compra equipos GNSS para el DRAT.,SERVICIO NACIONAL DE AGUAS SUBTERRÁNEAS RIEGO Y AVENAMIENTO,08/10/2026 18:34,08/10/2026 19:00,,14/10/2026 09:00,En recepción de ofertas,En recepción de ofertas,LD,,01,3007042041,Juan Bautista Herrera Oconitrillo,G3007042041122,00
2026LD-000078-0004200001,20261001079,Contratación del cambio de aceite para el SM 6821 - UGAM,MUNICIPALIDAD DE BUENOS AIRES,08/10/2026 17:57,08/10/2026 23:59,,15/10/2026 08:00,En recepción de ofertas,En recepción de ofertas,LD,,01,3014042112,CARLOS ALBAN SERRANO SILES,G3014042112001,00
2026LD-000025-0018800002,20261001153,Compra de Licencias de Software,SERVICIO NACIONAL DE AGUAS SUBTERRÁNEAS RIEGO Y AVENAMIENTO,08/10/2026 17:54,08/10/2026 18:00,,14/10/2026 08:00,En recepción de ofertas,En recepción de ofertas,LD,,01,3007042041,Juan Bautista Herrera Oconitrillo,G3007042041122,00
2026XE-000002-0000300001,20261001126,"Arrendamiento de Inmueble destinado a operaciones logísticas, almacenamiento y distribución",CORREOS DE COSTA RICA SOCIEDAD ANÓNIMA,08/10/2026 17:48,08/10/2026 18:00,,12/10/2026 14:00,En recepción de ofertas,En recepción de ofertas,PE,,08,3101227869,YANORI PATRICIA CASTRILLO SANCHEZ,G3101227869101,00
2026LD-000071-0027600001,20261001152,Servicio de transporte area deportiva,COMITÉ CANTONAL DE DEPORTES Y RECREACIÓN DE HEREDIA,08/10/2026 17:36,08/10/2026 18:00,,14/10/2026 10:30,En recepción de ofertas,En recepción de ofertas,LD,,08,3007087654,LUIS ESTEBAN PRADA RAMIREZ,G3007087654001,00
2026XE-000851-0000400001,20260902989,SE- Contratación Directa Adquisición de materiales para labores de  mantenimiento de las instalaciones de la DDyC,INSTITUTO COSTARRICENSE DE ELECTRICIDAD,08/10/2026 17:34,09/10/2026 00:00,,16/10/2026 08:30,En recepción de ofertas,En recepción de ofertas,PE,,01,4000042139,HERMES GERARDO SALAS MENA,G4000042139115,00
2026XE-000850-0000400001,20260903244,S.E Contratación Directa de Escasa Cuantia/Adquisición de MADERA Y PLYWOOD/GE-371/DISA,INSTITUTO COSTARRICENSE DE ELECTRICIDAD,08/10/2026 17:03,09/10/2026 00:00,,16/10/2026 07:30,En recepción de ofertas,En recepción de ofertas,PE,,01,4000042139,JASON ABRAHAM CECILIANO FERNANDEZ,G4000042139387,00
2026PX-000012-0011700001,20261001099,Capacitación abierta Curso de certificación AZ-104: Administrador de Microsoft Azure (Microsoft Azure Administrator).,SISTEMA DE EMERGENCIA 911,08/10/2026 17:00,08/10/2026 17:20,,09/10/2026 10:05,En recepción de ofertas,En recepción de ofertas,PX,,08,3007213928,KARLA QUIROS ALVAREZ,G3007213928022,00
2026LD-000031-0050872024,20261001145,"“COMPRA POR COMPRA DE CAJAS DE CARTÓN PARA ARCHIVO DE DOCUMENTOS, SEGÚN DEMANDA”",COMITÉ CANTONAL DE DEPORTES Y RECREACIÓN DE GARABITO,08/10/2026 16:56,09/10/2026 08:00,,14/10/2026 08:00,En recepción de ofertas,En recepción de ofertas,LD,,02,3007099056,SUSAN SUGEY NAVARRO VARGAS,G300709905600005,00
2026PX-000011-0011700001,20261001105,Capacitación abierta para el curso Certified Ethical Hacker (CEH) de EC-Council,SISTEMA DE EMERGENCIA 911,08/10/2026 16:55,08/10/2026 17:00,,09/10/2026 10:05,En recepción de ofertas,En recepción de ofertas,PX,,08,3007213928,KARLA QUIROS ALVAREZ,G3007213928022,00
2026PX-000010-0011700001,20261001119,Capacitación abierta Curso Inteligencia artificial en la gestión pública.,SISTEMA DE EMERGENCIA 911,08/10/2026 16:50,08/10/2026 18:00,,09/10/2026 10:05,En recepción de ofertas,En recepción de ofertas,PX,,08,3007213928,KARLA QUIROS ALVAREZ,G3007213928022,00
2026LD-000030-0024250801,20261001143,COMPRA DE MARIMBAS LICEO MAURILIO ALVARADO VARGAS,MUNICIPALIDAD DE TILARÁN,08/10/2026 16:49,09/10/2026 07:00,,15/10/2026 10:00,En recepción de ofertas,En recepción de ofertas,LD,,01,3014042110,Shirley Ramirez Méndez,G3014042110002,00
2026LE-000007-0003100001,20261000994,"ADQUISICIÓN DE UN CAMION DISTRIBUIDOR DE EMULSION ASFALTICA Y AGREGADOS, PARA MANTENIMIENTO DE LA RED VIAL CANTONAL",MUNICIPALIDAD DE PUNTARENAS,08/10/2026 16:37,08/10/2026 17:00,,21/10/2026 12:00,En recepción de ofertas,En recepción de ofertas,LE,,01,3014042120,LUIS EDWARD ROJAS BARRANTES,G3014042120002,00
2026LD-000030-0028202161,20261001139,COMPRA DE LUCES NAVIDEÑAS INDUSTRIALES,MUNICIPALIDAD DE RIO CUARTO,08/10/2026 16:37,08/10/2026 18:00,,13/10/2026 15:01,En recepción de ofertas,En recepción de ofertas,LD,,01,3014795871,JAIRO BOLAÑOS MURILLO,G3014795871001,00
2026LD-000042-0021500001,20261001134,"SERVICIO DE ALQUILER DE MAQUINARIA, SEGÚN DEMANDA PARA EL DEPARTAMENTO DE GESTIÓN VIAL DE LA MUNICIPALIDAD DE UPALA",MUNICIPALIDAD DE UPALA,08/10/2026 16:33,09/10/2026 00:00,,14/10/2026 10:00,En recepción de ofertas,En recepción de ofertas,LD,,02,3014042077,CARLOS ALEXANDER NOGUERA CASTILLO,G3014042077013,00
2026LD-000019-0012100001,20261001100,Servicios de lavado de vehículos (entrega según demanda) para la Oficina Regional Caribe Norte.,FONDO NACIONAL DE FINANCIAMIENTO FORESTAL,08/10/2026 16:28,09/10/2026 00:00,,15/10/2026 08:00,En recepción de ofertas,En recepción de ofertas,LD,,02,3007204724,Gretcheline Jiulianny Aguilar NG,G300720472400082,00
2026LD-000030-0006700001,20261001133,Suministro e instalación de ventanería prefabricada en perfilería europa,TRIBUNAL REGISTRAL ADMINISTRATIVO,08/10/2026 16:26,09/10/2026 08:00,,15/10/2026 16:00,En recepción de ofertas,En recepción de ofertas,LD,,01,3007308700,JEFFREY ALONSO UREÑA GARITA,G3007308700002,00
2026LD-000080-0001102103,20261000867,Equipo quirúrgico especializado para cirugía otorrinolaringológica,CAJA COSTARRICENSE DE SEGURO SOCIAL,08/10/2026 16:23,09/10/2026 00:00,,15/10/2026 10:30,En recepción de ofertas,En recepción de ofertas,LD,,01,4000042147,JESSICA ALFARO HERNANDEZ,I4000042147316,00
2026LD-000226-0018962008,20261000917,L-376-2026 SERVICIO DE IMPRESION DIGITAL Y PANELES GRÁFICOS SEDE PACIFICO,UNIVERSIDAD TÉCNICA NACIONAL,08/10/2026 16:22,09/10/2026 06:00,,15/10/2026 08:05,En recepción de ofertas,En recepción de ofertas,LD,,08,3007556085,OLGER SINFONTE REYES,G3007556085023,00
2026XE-000001-0005300001,20261001137,Contratación especial de urgencia - Articulo 166 RLCP-Suscripción de Enlace empresarial de internet por medio de Fibra Óptica como redundancia.,INSTITUTO MIXTO DE AYUDA SOCIAL,08/10/2026 16:22,09/10/2026 00:01,,14/10/2026 07:01,En recepción de ofertas,En recepción de ofertas,PE,,01,4000042144,BERNARDO RAMIREZ CAMPOS,G4000042144192,00
2026XE-000849-0000400001,20260903040,S.E-Licitación Abreviada Adquisición de repuestos bombas de pozo caliente PG Miravalles II y III (DG-2254-2026),INSTITUTO COSTARRICENSE DE ELECTRICIDAD,08/10/2026 16:21,09/10/2026 00:00,,06/11/2026 07:00,En recepción de ofertas,En recepción de ofertas,PE,,01,4000042139,ORLANDO GONZALEZ MONGE,H4000042139889,00
2026LD-000285-0006300001,20261000844,"SB 288064, 288170 SUMINISTRO E INSTALACION DE EQUIPOS DE LABORATORIO",INSTITUTO TECNOLÓGICO DE COSTA RICA,08/10/2026 16:16,08/10/2026 16:20,,15/10/2026 11:01,En recepción de ofertas,En recepción de ofertas,LD,,01,4000042145,Danilo Valverde Barquero,G4000042145009,00
2026PX-000011-0017700001,20261001131,Medios de Comunicación para aplicación de Plan de Medios,INSTITUTO DE FOMENTO Y ASESORIA MUNICIPAL,08/10/2026 16:16,09/10/2026 08:00,,13/10/2026 10:01,En recepción de ofertas,En recepción de ofertas,PX,,08,4000042142,Alejandro Sequeira Umaña,G400004214242110,00
2026XE-000848-0000400001,20260903160,S.E. LICITACION ABREVIADA. Adquisición de repuestos para turbocompresor Napier Orotina (DG-2247-2026),INSTITUTO COSTARRICENSE DE ELECTRICIDAD,08/10/2026 16:10,09/10/2026 00:00,,06/11/2026 07:30,En recepción de ofertas,En recepción de ofertas,PE,,01,4000042139,LUIS ARMANDO FATJO RIVERA,G4000042139998,00
2026LD-000039-0004611901,20261000988,CONTRATACION DEL SERVICIO DE ALQUILER DE GRADERÍAS PARA LAS ACTIVIDADES DEL FESTIVAL  LUCES DEL VALLE 2026,MUNICIPALIDAD DE PÉREZ ZELEDÓN,08/10/2026 16:08,09/10/2026 00:00,,15/10/2026 10:00,En recepción de ofertas,En recepción de ofertas,LD,,08,3014042056,TATIANA DE LOS ANGELES GAMBOA MORA,G3014042056099,00
2026LD-000009-0018100001,20261000250,Contratación de Servicios Médicos Preventivos de Salud para Zonas Vulnerables,INS SERVICIOS SOCIEDAD ANÓNIMA,08/10/2026 16:00,09/10/2026 00:00,,15/10/2026 11:00,En recepción de ofertas,En recepción de ofertas,LD,,02,3101549082,YENDRY DE LOS ANGELES ZAMORA MARCHENA,G310154908200140,00
2026XE-000847-0000400001,20260903103,"S.E-Contratación Directa Escasa Cuantía, Adquisición de gabinetes metálicos para subestaciones // DT.",INSTITUTO COSTARRICENSE DE ELECTRICIDAD,08/10/2026 15:54,09/10/2026 00:00,,16/10/2026 08:00,En recepción de ofertas,En recepción de ofertas,PE,,01,4000042139,HERMES GERARDO SALAS MENA,G4000042139115,00
2026LE-000023-0012800001,20261001124,"Servicios para la implementación, migración y operación de un modelo DevOps, incluyendo automatización, integración continua, seguridad y soporte",BENEMÉRITO CUERPO DE BOMBEROS DE COSTA RICA,08/10/2026 15:52,08/10/2026 16:00,,22/10/2026 09:01,En recepción de ofertas,En recepción de ofertas,LE,,02,3007547060,NANCI CASCANTE GONZALEZ,G3007547060006,00
2026LD-000284-0006300001,20260803255,Renovación Smartnet Licenciamiento Switch Core C9300X-12Y.  S/N:FJC293616RT,INSTITUTO TECNOLÓGICO DE COSTA RICA,08/10/2026 15:52,08/10/2026 16:00,,15/10/2026 08:00,En recepción de ofertas,En recepción de ofertas,LD,,01,4000042145,MILENNA BERMUDEZ BADILLA,G4000042145001,00
2026XE-000846-0000400001,20261000951,SC- Contratación Directa de Escasa Cuantia. Adquisición de Servicio de uso de plataforma para la gestión de denuncias,INSTITUTO COSTARRICENSE DE ELECTRICIDAD,08/10/2026 15:51,09/10/2026 00:00,,16/10/2026 07:30,En recepción de ofertas,En recepción de ofertas,PE,,08,4000042139,Hazel Jiménez Chaves,H400004213901287,00
2026LD-000047-0023200001,20261001130,Contratación del servicio de Seguridad Privada para eventos públicos - masivos ,MUNICIPALIDAD DE NARANJO,08/10/2026 15:50,08/10/2026 16:00,,14/10/2026 15:00,En recepción de ofertas,En recepción de ofertas,LD,,02,3014042069,YENCI MARGARITA SOLIS MIRANDA,G3014042069009,00
2026LD-000137-0003600001,20261001023,"CONTRATACIÓN DEL SERVICIO DE LIMPIEZA DE TANQUES SÉPTICOS EN INSTALACIONES DEL CENTRO CÍVICO POR LA PAZ, AGUAS ZARCAS",MUNICIPALIDAD DE SAN CARLOS,08/10/2026 15:49,09/10/2026 08:00,,15/10/2026 09:00,En recepción de ofertas,En recepción de ofertas,LD,,08,3014042074,Luis Diego Díaz Mata,G3014042074008,00
2026LD-000038-0004611901,20261000996,"COMPRA DE LOCKERS, SILLAS, ARCHIVEROS, GRUA (PLUMA) Y DESARMADORA DE LLANTA, PARA EL PROCESO DE GESTION VIAL",MUNICIPALIDAD DE PÉREZ ZELEDÓN,08/10/2026 15:40,09/10/2026 00:00,,15/10/2026 10:00,En recepción de ofertas,En recepción de ofertas,LD,,01,3014042056,JULIAN FALLAS CARVAJAL,G3014042056005,00
2026LE-000022-0012800001,20261001121,Adquisición de Multirrotores para labores operativas,BENEMÉRITO CUERPO DE BOMBEROS DE COSTA RICA,08/10/2026 15:39,08/10/2026 16:00,,27/10/2026 09:01,En recepción de ofertas,En recepción de ofertas,LE,,01,3007547060,LOURDES MARIA SOLORZANO SALMERON,G300754706060176,00
2026LD-000030-0027900001,20261001125,ADQUISICIÓN DE TANQUE PARA ALMACENAMIENTO DE AGUA PARA ATENCIÓN DE EMERGENCIAS,MUNICIPALIDAD DEL CANTÓN DE LEÓN CORTES,08/10/2026 15:32,09/10/2026 07:30,,16/10/2026 07:40,En recepción de ofertas,En recepción de ofertas,LD,,01,3014042052,WILBER CASTRO SALAZAR,G3014042052001,00
2026LD-000283-0006300001,20261000987,Cambio de Techos Pasos Cubiertos – Etapa 1 del Campus Tecnológico Local San Carlos,INSTITUTO TECNOLÓGICO DE COSTA RICA,08/10/2026 15:31,08/10/2026 15:40,,15/10/2026 08:00,En recepción de ofertas,En recepción de ofertas,LD,,18,4000042145,EVELIN BUSTOS ROJAS,G4000042145014,00
2026LD-000225-0018962008,20261001083,L-364-2026 MANTENIMIENTO Y MEJORAMIENTO DE CAMINOS INTERNOS Y DEL ACCESO AL AULA ABIERTA ECOCAMPUS SAN CARLOS,UNIVERSIDAD TÉCNICA NACIONAL,08/10/2026 15:24,09/10/2026 08:00,,15/10/2026 15:31,En recepción de ofertas,En recepción de ofertas,LD,,08,3007556085,LIDIA MARIA PEREZ MONTENEGRO,G3007556085022,00
2026LY-000019-0001102306,20261000928,"talquetamab 2 mg/mL, solución inyectable y talquetamab 40 mg/mL solucióninyectable",CAJA COSTARRICENSE DE SEGURO SOCIAL,08/10/2026 15:24,09/10/2026 07:00,,29/10/2026 10:00,En recepción de ofertas,En recepción de ofertas,LY,,02,4000042147,GRETTEL PATRICIA VEGA ALVARADO,H4000042147314,00
2026LD-000018-0029000001,20261001114,COMPRA DE PLAY GRAUND PARA ESCUELA DE SAN BUENAVENTURA,CONCEJO MUNICIPAL DE DISTRITO DE COLORADO DE ABANGARES,08/10/2026 15:20,09/10/2026 08:00,,15/10/2026 10:00,En recepción de ofertas,En recepción de ofertas,LD,,01,3007066304,Idaly Guzmán Mejias,G3007066304001,00
2026LE-000007-0024300001,20261001092,"Tratamiento Superficial Bituminoso triple (TSB-3) demarcación vertical y horizontal para el camino 2-15-129,179 y 131.",MUNICIPALIDAD DE GUATUSO,08/10/2026 15:19,09/10/2026 09:00,,16/10/2026 09:15,En recepción de ofertas,En recepción de ofertas,LE,,08,3014042067,Carlos Mena Hernández,G3014042067001,00
2026LE-000005-0001102599,20261000783,"SUMINISTRO DE GASES MEDICINALES, GASES INDUSTRIALES Y OXÍGENO LÍQUIDOMEDICINAL PARA LAS AREAS DE SALUD : ABANGARES – CARRILLO-JICARAL YNICOYA",CAJA COSTARRICENSE DE SEGURO SOCIAL,08/10/2026 15:16,09/10/2026 07:00,,29/10/2026 09:00,En recepción de ofertas,En recepción de ofertas,LE,,02,4000042147,Elberth Gabriel Albenda Leiva,L4000042147270,00
2026LD-000074-0004900001,20261000955,Aprovisionar el inventario de Lectores de tarjetas para Firma Digital para Aprovisionar el inventario de Lectores de tarjetas para Firma Digital.,BANCO CENTRAL DE COSTA RICA,08/10/2026 15:10,08/10/2026 15:15,,15/10/2026 10:00,En recepción de ofertas,En recepción de ofertas,LD,,01,4000004017,Wendy Bermúdez Cubillo,G4000004017009,00
2026LD-000083-0011900001,20261001103,COMPRA DE PUERTAS Y VENTANAS DE VIDRIO PARA BODEGAS,MUNICIPALIDAD DE LIBERIA,08/10/2026 15:09,08/10/2026 15:20,,14/10/2026 14:15,En recepción de ofertas,En recepción de ofertas,LD,,01,3014042106,ADRIANA ESPINOZA MONTANO,G3014042106007,00
2026LD-000004-0047600001,20261001112,CONTRATACIÓN DE SERVICIOS PROFESIONALES POR DEMANDA DE PERSONAS FÍSICAS O JURIDICAS PARA INSTRUCTORES DEPORTIVOS DEL CCDRS,COMITÉ CANTONAL DE DEPORTES Y RECREACIÓN CANTÓN DE SIQUIRRES,08/10/2026 15:06,08/10/2026 16:00,,16/10/2026 09:00,En recepción de ofertas,En recepción de ofertas,LD,,02,3007108800,GENTEL ANDREA TAYLOR CAMBRONERO,G3007108800001,00
2026XE-000845-0000400001,20261000055,"SE- Contratación Directa de Escasa Cuantía Adquisición repuestos medición, control y potencia Pailas 1 (DG-2226-2026)",INSTITUTO COSTARRICENSE DE ELECTRICIDAD,08/10/2026 15:06,09/10/2026 00:00,,16/10/2026 07:30,En recepción de ofertas,En recepción de ofertas,PE,,01,4000042139,SILVIA ESTELA CHAVES SALAZAR,G4000042139200,00
2026XE-000844-0000400001,20261000939,S.E-Contratación Directa de Escasa Cuantía-Adquisición de micropilotes y accesorios LT Cañas-Guayabal /PE/GE-342/ DISA,INSTITUTO COSTARRICENSE DE ELECTRICIDAD,08/10/2026 15:05,09/10/2026 00:00,,16/10/2026 07:30,En recepción de ofertas,En recepción de ofertas,PE,,01,4000042139,YENDRY MARIA AMADOR NUÑEZ,H400004213901023,00
2026LD-000019-0014700001,20261000976,CONTRATACIÓN DE PERSIANAS,CONSEJO NACIONAL DE PERSONAS CON DISCAPACIDAD (CONAPDIS),08/10/2026 15:01,09/10/2026 00:01,,15/10/2026 08:00,En recepción de ofertas,En recepción de ofertas,LD,,01,3007701595,Armando Gerardo Rodríguez Duval ,G300770159595155,00
2026LD-000026-0012400001,20261001093,Adquisición de postes de plástico,MINISTERIO DE OBRAS PÚBLICAS Y TRANSPORTES,08/10/2026 14:59,08/10/2026 15:00,,15/10/2026 08:00,En recepción de ofertas,En recepción de ofertas,LD,,01,2100042008,KAREN MARIA QUERALT MADRIGAL,G2100042008046,00
2026LD-000029-0027900001,20261001111,"DEMARCACION VIAL HORIZONTAL Y SEÑALIZACION VERTICAL, SUMINISTRO Y COLOCACIÓN DE BARANDAS TIPO FLEX BEAM ",MUNICIPALIDAD DEL CANTÓN DE LEÓN CORTES,08/10/2026 14:58,09/10/2026 07:30,,16/10/2026 07:30,En recepción de ofertas,En recepción de ofertas,LD,,01,3014042052,WILBER CASTRO SALAZAR,G3014042052001,00
2026LD-000029-0031200001,20261000979,Adquisición de instrumentos para la Banda Municipal de Montes de Oro,MUNICIPALIDAD DE MONTES DE ORO,08/10/2026 14:58,09/10/2026 08:30,,15/10/2026 11:15,En recepción de ofertas,En recepción de ofertas,LD,,01,3014042118,CYNTHIA VILLALOBOS CORTES,G3014042118001,00
2026PX-000016-0001102701,20261001025,Reparación indeterminada de secadora,CAJA COSTARRICENSE DE SEGURO SOCIAL,08/10/2026 14:57,09/10/2026 00:00,,15/10/2026 08:00,En recepción de ofertas,En recepción de ofertas,PX,,01,4000042147,JAIRO DAMIAN QUESADA BADILLA,G4000042147556,00
2026LD-000282-0006300001,20261000601,MANTENIMIENTO PREVENTIVO Y CORRECTIVO DE PANELES DE CONTROL DE ACCESO ACCESO Y SUMINISTRO E INSTALACIÓN PARA EL DAR,INSTITUTO TECNOLÓGICO DE COSTA RICA,08/10/2026 14:56,08/10/2026 16:30,,15/10/2026 08:30,En recepción de ofertas,En recepción de ofertas,LD,,01,4000042145,Stephanie Parini Ulloa,G4000042145021,00
2026PX-000025-0008600001,20261001095,"Inscripción a la VII Jornada de Auditoría 2026, modalidad virtual.",CONSEJO DE TRANSPORTE PUBLICO,08/10/2026 14:45,08/10/2026 15:30,,09/10/2026 15:30,En recepción de ofertas,En recepción de ofertas,PX,,01,3007270500,Adriana Rodríguez Montenegro,G3007270500079,00
2026LE-000070-0001102104,20261001074,Mantenimiento Preventivo y Correctivo de Ultrasonidos marca Mindray ConSus Respectivos Repuestos. (CEM-135).,CAJA COSTARRICENSE DE SEGURO SOCIAL,08/10/2026 14:36,09/10/2026 00:00,,29/10/2026 10:00,En recepción de ofertas,En recepción de ofertas,LE,,08,4000042147,Jenyfer Irene Obando Madrigal,N400004214701376,00
2026PX-000026-0003300001,20261001018,Contratación de conciertos para la inauguración y festival navideño 2026,MUNICIPALIDAD DE MORAVIA,08/10/2026 14:34,08/10/2026 14:40,,12/10/2026 10:05,En recepción de ofertas,En recepción de ofertas,PX,,08,3014042055,Silvia Díaz Soto,G301404205500099,00
2026XE-000843-0000400001,20260902450,S.E. Contratación Directa Escasa Cuantía Servicios de catering y mobiliario según demanda para eventos División Generación DG-2388-2026,INSTITUTO COSTARRICENSE DE ELECTRICIDAD,08/10/2026 14:34,09/10/2026 00:00,,16/10/2026 07:00,En recepción de ofertas,En recepción de ofertas,PE,,02,4000042139,MARIA CAROLINA FONSECA MONTERO,G4000042139011,00
2026LD-000237-0013000001,20260903540,Intercomunicadores para el departamento de Autenticaciones,MINISTERIO DE RELACIONES EXTERIORES Y CULTO,08/10/2026 14:33,08/10/2026 14:40,,16/10/2026 09:00,En recepción de ofertas,En recepción de ofertas,LD,,01,2100042009,RONALD JOSUE JIMENEZ BENAVIDES,G2100042009001,00
2026LD-000026-0010800001,20261000621,"COMPRA DE INSUMOS MÉDICOS, REPELENTES Y BLOQUEADORES SOLARES SEGÚN DEMANDA",MINISTERIO DE AMBIENTE Y ENERGÍA,08/10/2026 14:30,09/10/2026 07:00,,15/10/2026 09:00,En recepción de ofertas,En recepción de ofertas,LD,,02,2100042014,Nicole Abarca Fallas,G210004201414142,00
2026LD-000028-0008200001,20261000327,Compra de materiales para mantenimiento de edificio-DGSC,MINISTERIO DE PLANIFICACIÓN NACIONAL Y POLÍTICA ECONÓMICA,08/10/2026 14:29,08/10/2026 15:00,,16/10/2026 08:00,En recepción de ofertas,En recepción de ofertas,LD,,01,2100045230,Mauricio Corrales Escalante,G2100045230004,00
2026LD-000186-0001102102,20261000982,TEST PSICOLOGICOS,CAJA COSTARRICENSE DE SEGURO SOCIAL,08/10/2026 14:26,09/10/2026 00:00,,15/10/2026 09:00,En recepción de ofertas,En recepción de ofertas,LD,,01,4000042147,Alexandra Paola Cascante Vargas,N400004214701382,00
2026LE-000038-0001102101,20261001028,MATRICES DE REGENERACIÓN DÉRMICA PARA EL MANEJO DE SOLUCIONES DECONTINUIDAD ADIPOCUTÁNEAS,CAJA COSTARRICENSE DE SEGURO SOCIAL,08/10/2026 14:26,09/10/2026 00:00,,29/10/2026 09:00,En recepción de ofertas,En recepción de ofertas,LE,,02,4000042147,YEIMY MELISSA CASTRO NARANJO,M4000042147565,00
2026LD-000119-0001000001,20261000292,Compra de Enoxaparina sódica 80 mg- Lidocaína hidrocloruro 2% con epinefrina al 1:80.000,INSTITUTO NACIONAL DE SEGUROS,08/10/2026 14:23,08/10/2026 17:00,,13/10/2026 10:01,En recepción de ofertas,En recepción de ofertas,LD,,01,4000001902,ALISSON VILLEGAS SALGUERA,G4000001902988,00
2026LD-000025-0012400001,20260803530,Adquisición de Chalecos Antibalas para los funcionarios de Seguridad y Vigilancia de la División de Obras Públicas,MINISTERIO DE OBRAS PÚBLICAS Y TRANSPORTES,08/10/2026 14:23,08/10/2026 15:00,,15/10/2026 11:30,En recepción de ofertas,En recepción de ofertas,LD,,01,2100042008,Mariana Morales Monge,G2100042008322,00
2026LD-000074-0003300001,20261001097,Actividades artísticas navideñas para los tres distritos del Cantón de Moravia,MUNICIPALIDAD DE MORAVIA,08/10/2026 14:22,08/10/2026 15:00,,15/10/2026 09:05,En recepción de ofertas,En recepción de ofertas,LD,,08,3014042055,JORGE MESEN SOLORZANO,G3014042055002,00
2026LD-000027-0008200001,20261000623,Compra de Monitor de Signos vitales- DGSC,MINISTERIO DE PLANIFICACIÓN NACIONAL Y POLÍTICA ECONÓMICA,08/10/2026 14:21,08/10/2026 15:00,,15/10/2026 08:00,En recepción de ofertas,En recepción de ofertas,LD,,01,2100045230,Mauricio Corrales Escalante,G2100045230004,00
2026LD-000083-0041342028,20261001012,"Contratación por demanda para el suministro de tuberías, accesorios de PVC y polietileno.",EMPRESA DE SERVICIOS PÚBLICOS DE HEREDIA SOCIEDAD ANÓNIMA,08/10/2026 14:20,08/10/2026 17:00,,16/10/2026 07:01,En recepción de ofertas,En recepción de ofertas,LD,,02,3101042028,Karina Vanessa Barrantes Ugalde,G310104202828174,00
2026PX-000008-0000500001,20261000696,Contratación de empresa especializada para el mantenimiento y la reparación de los equipos de Pretratamiento mecanizado marca Hubert® de la PTAR Villa Bonita,MUNICIPALIDAD DE ALAJUELA,08/10/2026 14:17,08/10/2026 16:30,,16/10/2026 11:00,En recepción de ofertas,En recepción de ofertas,PX,,08,3014042063,SHILENA SALAS JIMENEZ,G3014042063033,00
2026XE-000842-0000400001,20261000849,"S.E.- Contratación Directa de Escasa Cuantía, Adquisición de equipo de protección personal especial para Perforación Pro funda DG-2255-2026",INSTITUTO COSTARRICENSE DE ELECTRICIDAD,08/10/2026 14:16,09/10/2026 00:00,,16/10/2026 07:00,En recepción de ofertas,En recepción de ofertas,PE,,01,4000042139,ORLANDO GONZALEZ MONGE,H4000042139889,00
2026XE-000841-0000400001,20261000160,"SE- Contratación Directa de Escasa Cuantía, Adquisición de Separadores plásticos polimericos para lineas semi-aisladas//DDYC",INSTITUTO COSTARRICENSE DE ELECTRICIDAD,08/10/2026 14:15,09/10/2026 00:00,,16/10/2026 07:30,En recepción de ofertas,En recepción de ofertas,PE,,01,4000042139,ANA CAROLINA RIVAS MORERA,H400004213901028,00
2026LD-000028-0002100007,20261000851,SERVICIOS PARA GRADUACION 2026 DE LA UNIDAD REGIONAL PACIFICO CENTRAL,INSTITUTO NACIONAL DE APRENDIZAJE,08/10/2026 14:14,09/10/2026 07:30,,15/10/2026 09:00,En recepción de ofertas,En recepción de ofertas,LD,,08,4000045127,KATTYA JIMENEZ VIOLANTES,G4000045127101,00
2026LD-000224-0018962008,20261000925,L-377-2026 COMPRA CAJAS DE CARTÓN PARA EL EMPAQUE DE PRODUCTOS LÁCTEOS,UNIVERSIDAD TÉCNICA NACIONAL,08/10/2026 14:10,09/10/2026 06:00,,15/10/2026 08:05,En recepción de ofertas,En recepción de ofertas,LD,,01,3007556085,OLGER SINFONTE REYES,G3007556085023,00
2026LY-000046-0001102101,20261001022,TOALLAS DE SECADO DE MANOS,CAJA COSTARRICENSE DE SEGURO SOCIAL,08/10/2026 14:09,09/10/2026 00:00,,09/11/2026 09:00,En recepción de ofertas,En recepción de ofertas,LY,,02,4000042147,HANS UMAÑA GUTIERREZ,J4000042147726,00
2026LD-000043-0007300001,20260900913,"Adquisición de Materiales, eléctrico, electrónicos y conexos",MINISTERIO DE EDUCACIÓN PUBLICA,08/10/2026 14:09,09/10/2026 07:00,,15/10/2026 08:30,En recepción de ofertas,En recepción de ofertas,LD,,01,2100042002,JOSE IGNACIO MARTINEZ GONZALEZ,G2100042002124,00
2026LD-000223-0018962008,20261000904,"L-366-2026 SERVICIO DE TOMA DE MUESTRAS Y ANÁLISIS DE AGUAS DE CONSUMO HUMANO, AGUAS DE ENFRIAMIENTO, RESIDUALES Y AGUAS DE PROCESO EN SEDE PACIFICO",UNIVERSIDAD TÉCNICA NACIONAL,08/10/2026 14:09,09/10/2026 06:00,,15/10/2026 08:05,En recepción de ofertas,En recepción de ofertas,LD,,08,3007556085,OLGER SINFONTE REYES,G3007556085023,00
2026LD-000024-0012400001,20261000762,Adquisición de bloqueadores solares,MINISTERIO DE OBRAS PÚBLICAS Y TRANSPORTES,08/10/2026 14:08,08/10/2026 15:00,,15/10/2026 09:00,En recepción de ofertas,En recepción de ofertas,LD,,01,2100042008,Edgar Perez Matarrita,G210004200800419,00
2026LD-000084-0002100006,20261001057,SERVICIO PROFESIONAL KAYAKERO DE SEGURIDAD POR DEMANDA UNIDAD REGIONAL HUETAR NORTE,INSTITUTO NACIONAL DE APRENDIZAJE,08/10/2026 14:07,09/10/2026 07:30,,15/10/2026 09:00,En recepción de ofertas,En recepción de ofertas,LD,,02,4000045127,NOILYN MARIA VILLALOBOS GOMEZ,G4000045127675,00
2026LD-000106-0032000702,20261001071,COMPRA DE ESPECIES FORESTALES PARA EMBELLECIMIENTO DE SITIOS PÚBLICOS,MUNICIPALIDAD DEL CANTÓN DE POCOCÍ,08/10/2026 14:06,08/10/2026 15:00,,14/10/2026 23:59,En recepción de ofertas,En recepción de ofertas,LD,,02,3014042125,ENZO JOSE GONZALEZ REYES,G301404212525060,00
2026LD-000011-0009400001,20261000604,"Servicio de recolección, transporte y tratamiento de desechos ordinarios para las oficinas centrales del SENASA, bajo la modalidad de entrega según demanda.",SERVICIO NACIONAL DE SALUD ANIMAL (SENASA),08/10/2026 14:05,08/10/2026 14:10,,15/10/2026 11:00,En recepción de ofertas,En recepción de ofertas,LD,,02,3007475726,BRYAN ESTEBAN MOREIRA RODRIGUEZ,G3007475726004,00
2026PX-000010-0007100001,20261001014,Suscripción Anual de Licencias de Extracción Forense,MINISTERIO DE SEGURIDAD PUBLICA,08/10/2026 13:59,08/10/2026 16:00,,09/10/2026 15:00,En recepción de ofertas,En recepción de ofertas,PX,,01,2100042011,DANNIA ORTEGA ARAYA,G2100042011013,00
2026LD-000077-0004200001,20261001072,Compra de materiales de construcción con recurso de Impuesto del Cemento (varios centros educativos),MUNICIPALIDAD DE BUENOS AIRES,08/10/2026 13:58,08/10/2026 23:59,,15/10/2026 08:00,En recepción de ofertas,En recepción de ofertas,LD,,01,3014042112,CARLOS ALBAN SERRANO SILES,G3014042112001,00
2026LD-000094-0002200001,20261000695,COMPRA DE REPOSAPIES PARA EL ÁREA DE DESARROLLO HUMANO Y COHESIÓN SOCIAL.,MUNICIPALIDAD DE MORA,08/10/2026 13:56,08/10/2026 14:00,,15/10/2026 09:30,En recepción de ofertas,En recepción de ofertas,LD,,01,3014042054,GEREMMY DE LOS ANGELES CHAVES MARIN,G3014042054001,00
2026LD-000031-0049804143,20261001088,Contratación de servicios de outsourcing para la prestación de apoyo administrativo.,MUNICIPALIDAD DE MONTEVERDE,08/10/2026 13:53,09/10/2026 07:30,,13/10/2026 15:30,En recepción de ofertas,En recepción de ofertas,LD,,02,3014904143,Fray Gonzalez Navarro,G301490414300001,00
2026LD-000093-0002200001,20261000052,COMPRA DE PINTURA PARA MERCADO MUNICIPAL,MUNICIPALIDAD DE MORA,08/10/2026 13:47,08/10/2026 14:00,,15/10/2026 09:00,En recepción de ofertas,En recepción de ofertas,LD,,01,3014042054,GEREMMY DE LOS ANGELES CHAVES MARIN,G3014042054001,00
2026LD-000044-0004500001,20261001052,CONTRATACIÓN DE ESTUDIOS PRELIMINARES Y ANTEPROYECTO PARA LA CONSTRUCCIÓN DE UNA ALCANTARILLA DE CUADRO O PUENTE VEHICULAR SOBRE LA QUEBRADA ZAPOTE,MUNICIPALIDAD DE JIMÉNEZ,08/10/2026 13:40,09/10/2026 07:00,,16/10/2026 09:00,En recepción de ofertas,En recepción de ofertas,LD,,08,3014042084,DANIEL SEGURA SABORIO,G301404208484022,00
2026LD-000010-0001102235,20261001030,Suministro de refrigeradoras domésticas y hornos microondas industrialespara los EBAIS del Área de Salud e Naranjo,CAJA COSTARRICENSE DE SEGURO SOCIAL,08/10/2026 13:32,09/10/2026 07:00,,15/10/2026 10:00,En recepción de ofertas,En recepción de ofertas,LD,,01,4000042147,BERNAL FRANCISCO ARAYA MOYA,G4000042147595,00
2026LD-000041-0012700001,20260702999,Impresoras multifuncionales y pantallas táctiles interactivas para Establecimientos CEN-CINAI,DIRECCIÓN NACIONAL DE CENTROS DE EDUCACIÓN Y NUTRICIÓN Y DE CENTROS INFANTILES DE ATENCIÓN INTEGRAL,08/10/2026 13:30,09/10/2026 00:00,,16/10/2026 09:01,En recepción de ofertas,En recepción de ofertas,LD,,01,3007610100,Oscar Montoya Campos,G300761010000236,00
2026LD-000100-0006600001,20261001054,"Adquisición de discos duros externos para varias unidades, DGCA",CONSEJO TÉCNICO DE AVIACIÓN CIVIL,08/10/2026 13:26,08/10/2026 13:40,,15/10/2026 07:00,En recepción de ofertas,En recepción de ofertas,LD,,01,3007045551,ADRIANA FLORES ROJAS,G3007045551102,00
2026LE-000048-0001102306,20261000922,"Inavolisib 3 mg comprimido recubierto e Inavolisib 9 mg comprimido recubierto, en amparo ART 60, inciso d, LGCP",CAJA COSTARRICENSE DE SEGURO SOCIAL,08/10/2026 13:25,09/10/2026 07:00,,22/10/2026 10:00,En recepción de ofertas,En recepción de ofertas,LE,,02,4000042147,JOSE MANUEL PEÑA PEREZ,N400004214701427,00
2026LD-000034-0001102944,20261000806,Contratación de Mantenimiento Preventivo y Correctivo para Espirómetro y Cánula de Alto Flujo,CAJA COSTARRICENSE DE SEGURO SOCIAL,08/10/2026 13:10,09/10/2026 07:00,,15/10/2026 09:00,En recepción de ofertas,En recepción de ofertas,LD,,08,4000042147,ELENA BADILLA NARANJO,G4000042147306,00
2026RE-000001-0053200001,20261000931,Remate de bienes inmuebles (fincas). Recursos Fid. 544-03.,FIDEICOMISO FONAFIFO BNCR,08/10/2026 13:09,,,22/10/2026 08:00,En recepción de ofertas,En recepción de ofertas,RE,,02,3112688505,EVELYN DE LOS ANGELES VENEGAS FERNANDEZ,G311268850500004,00
2026PX-000098-0002400001,20261001063,Adquisición de repuestos originales Toyota Hino para el vehículo institucional placa SM-5628.,MUNICIPALIDAD DEL CANTÓN DE SANTA ANA,08/10/2026 12:48,08/10/2026 12:55,,13/10/2026 07:45,En recepción de ofertas,En recepción de ofertas,PX,,01,3014042059,MARIO ALBERTO MORA SOTO,G3014042059085,00
2026RE-000002-0023200001,20261001064,Remate local 39,MUNICIPALIDAD DE NARANJO,08/10/2026 12:35,,,27/10/2026 13:00,En recepción de ofertas,En recepción de ofertas,RE,,03,3014042069,YENCI MARGARITA SOLIS MIRANDA,G3014042069009,00
2026LD-000009-0017000001,20261001061,"COMPRA DE TIQUETE AEREO PARA ASUNCION (PARAGUAY), PARA UN (1) MIEMBRO DEL EQUIPO GERENCIAL DE BN SOCIEDAD CORREDORA DE SEGUROS S.A. ",BN SOCIEDAD CORREDORA DE SEGUROS SOCIEDAD ANÓNIMA,08/10/2026 12:33,08/10/2026 13:00,,14/10/2026 09:00,En recepción de ofertas,En recepción de ofertas,LD,,08,3101574601,ERIC GERARDO AGUILAR DIAZ,G3101574601001,00
2026LD-000021-0001102703,20261001024,Servicio de Recolección de Tubos de Rayos X,CAJA COSTARRICENSE DE SEGURO SOCIAL,08/10/2026 12:26,09/10/2026 00:00,,15/10/2026 08:00,En recepción de ofertas,En recepción de ofertas,LD,,01,4000042147,KATERINE VANESSA REYES BARRIENTOS,N400004214701528,00
2026LD-000059-0005300001,20260902378,Contratación del Servicio de Mantenimiento Preventivo Planta Eléctrica ARDS Cartago y ARDS Suroeste,INSTITUTO MIXTO DE AYUDA SOCIAL,08/10/2026 12:26,09/10/2026 08:00,,15/10/2026 15:30,En recepción de ofertas,En recepción de ofertas,LD,,08,4000042144,ANA VIRGINIA GARCIA GALLO,G4000042144002,00
2026LD-000005-0046500001,20261000674,CONTRATACIÓN POR DEMANDA DE GPS PARA VEHICULOS CCDRSC,COMITÉ CANTONAL DE DEPORTES Y RECREACIÓN DE SANTA CRUZ GUANACASTE,08/10/2026 12:22,09/10/2026 08:00,,16/10/2026 15:30,En recepción de ofertas,En recepción de ofertas,LD,,02,3007084362,Eduard Jose Somarribas Alvarez,G300708436262003,00
2026LD-000116-0001102701,20261001013,Materiales de Ferretería (Precalificación),CAJA COSTARRICENSE DE SEGURO SOCIAL,08/10/2026 12:21,09/10/2026 00:00,,15/10/2026 08:01,En recepción de ofertas,En recepción de ofertas,LD,,01,4000042147,LUIS DIEGO QUIROS AZOFEIFA,H4000042147568,00
2026LD-000020-0001102703,20261001008,"Aire Acondicionado Tipo Cassette, Piso Cielo y Mini Split",CAJA COSTARRICENSE DE SEGURO SOCIAL,08/10/2026 12:18,09/10/2026 00:00,,15/10/2026 10:00,En recepción de ofertas,En recepción de ofertas,LD,,01,4000042147,KATERINE VANESSA REYES BARRIENTOS,N400004214701528,00
2026PX-000097-0002400001,20261001056,TRABAJOS CORRECTIVOS UNIDAD SM 5949,MUNICIPALIDAD DEL CANTÓN DE SANTA ANA,08/10/2026 12:12,08/10/2026 12:20,,13/10/2026 07:45,En recepción de ofertas,En recepción de ofertas,PX,,01,3014042059,MARIO ALBERTO MORA SOTO,G3014042059085,00
2026LD-000046-0023200001,20261001053,Compra de Uniformes para la Banda Municipal de Naranjo,MUNICIPALIDAD DE NARANJO,08/10/2026 12:05,08/10/2026 12:30,,14/10/2026 10:00,En recepción de ofertas,En recepción de ofertas,LD,,02,3014042069,YENCI MARGARITA SOLIS MIRANDA,G3014042069009,00
2026LD-000080-0012000001,20261001035,CONTRATACIÓN DE PERSONA FISICA O JURIDICA SERVICIO DE CRONOMETRAJE MANUAL PARA LA CARRERA DE LA INMACULADA .,MUNICIPALIDAD DE EL GUARCO,08/10/2026 11:56,08/10/2026 12:00,,13/10/2026 10:00,En recepción de ofertas,En recepción de ofertas,LD,,01,3014042082,GREIVIN FELIPE CORDERO ARAYA,G3014042082054,00
2026LD-000063-0004800001,20261001044,COMPRA DE ÚTILES Y MATERIALES DE OFICINA,MUNICIPALIDAD DE LA UNIÓN,08/10/2026 11:50,08/10/2026 12:00,,15/10/2026 12:00,En recepción de ofertas,En recepción de ofertas,LD,,02,3014042083,KRISTIN REBECA CORTES MORALES,G3014042083003,00
2026LE-000017-0021000001,20260902992,SERVICIO DE ALQUILER DE MAQUINARIA PARA EL PARQUE TECNOLÓGICO AMBIENTAL DE LA MUNICIPALIDAD DE SANTA CRUZ,MUNICIPALIDAD DE SANTA CRUZ,08/10/2026 11:50,08/10/2026 14:00,,23/10/2026 11:00,En recepción de ofertas,En recepción de ofertas,LE,,02,3014042109,DIANA ISABEL VILLALTA GUTIERREZ,G3014042109001,00
2026LD-000105-0032000702,20261001036,"Servicio de alquiler, instalación y mantenimiento de equipos purificadores de agua",MUNICIPALIDAD DEL CANTÓN DE POCOCÍ,08/10/2026 11:47,08/10/2026 15:00,,14/10/2026 08:00,En recepción de ofertas,En recepción de ofertas,LD,,01,3014042125,ENZO JOSE GONZALEZ REYES,G301404212525060,00
2026LD-000039-0001102699,20261000790,Insumos -instrumental médico del Área de Salud de Talamanca,CAJA COSTARRICENSE DE SEGURO SOCIAL,08/10/2026 11:44,09/10/2026 00:00,,15/10/2026 08:30,En recepción de ofertas,En recepción de ofertas,LD,,01,4000042147,ARLENNE VALEXA CHEVEZ VARELA,M4000042147299,00
2026LE-000003-0043900001,20261001037,"“Mejoramiento del camino 5-07-002 Matapalo-Cinco Esquinas”, del cantón de Abangares”.",MUNICIPALIDAD DE ABANGARES,08/10/2026 11:29,08/10/2026 11:35,,19/10/2026 09:00,En recepción de ofertas,En recepción de ofertas,LE,,01,3014042099,JORGE EDUARDO RODRIGUEZ PADILLA,G301404209999025,00
2026LD-000003-0014100001,20261000909,Compra de Madera para uso del MHCJS,MUSEO HISTÓRICO CULTURAL JUAN SANTAMARIA,08/10/2026 11:16,09/10/2026 00:00,,15/10/2026 09:00,En recepción de ofertas,En recepción de ofertas,LD,,02,3007061725,SHIRLEY CAROLINA MURILLO SALAZAR,G300706172525063,00
2026LD-000394-0001300001,20260903550,Servicio de mantenimiento preventivo para los equipos odontológicos utilizados por los Servicios de Salud de la Dirección de Gestión Humana del Poder Judicial,CORTE SUPREMA DE JUSTICIA-PODER JUDICIAL,08/10/2026 11:13,09/10/2026 00:00,,16/10/2026 08:30,En recepción de ofertas,En recepción de ofertas,LD,,08,2300042155,JOSETH DALINA GAMBOA RAMIREZ,G2300042155374,00
2026LD-000030-0009500001,20261000971,SERVICIO DE CAPACITACION BIOLOGIA,MUSEO NACIONAL DE COSTA RICA,08/10/2026 11:12,08/10/2026 14:00,,15/10/2026 09:01,En recepción de ofertas,En recepción de ofertas,LD,,01,3007075500,CARLOS GABRIEL DIAZ COTO,G3007075500006,00
2026LD-000029-0009500001,20261000977,COMPRA CAJAS CARTÓN ALMACENAJE ESPECÍMENES,MUSEO NACIONAL DE COSTA RICA,08/10/2026 11:10,09/10/2026 09:00,,16/10/2026 09:01,En recepción de ofertas,En recepción de ofertas,LD,,02,3007075500,CARLOS GABRIEL DIAZ COTO,G3007075500006,00
2026XE-000840-0000400001,20261000911,SE - Contratación Directa Escasa Cuantía - Adquisición de canalizaciones eléctrico / GE-326 / DISA,INSTITUTO COSTARRICENSE DE ELECTRICIDAD,08/10/2026 11:10,09/10/2026 00:00,,16/10/2026 07:30,En recepción de ofertas,En recepción de ofertas,PE,,02,4000042139,ALONSO ENRIQUE VARGAS QUIROS,G4000042139125,00
2026LD-000231-0015499999,20261000842,Alquiler de cabañas sanitarias Festival de la luz 2026,MUNICIPALIDAD DEL CANTÓN CENTRAL DE SAN JOSÉ,08/10/2026 11:06,08/10/2026 13:00,,15/10/2026 13:01,En recepción de ofertas,En recepción de ofertas,LD,,01,3014042058,STEVEN TREMINIO ARIAS,G3014042058328,00
2026LD-000035-0027800005,20261001029,SERVICIO DE ARRENDAMIENTO DE RADIOS DE COMUNICACION PARA EL CANTON DE DOTA,MUNICIPALIDAD DE DOTA,08/10/2026 11:05,08/10/2026 12:00,,15/10/2026 11:00,En recepción de ofertas,En recepción de ofertas,LD,,02,3014042049,MARCO TULIO SOLIS GUEVARA,G3014042049001,00
2026PX-000040-0009900001,20261001021,"SERVICIO ARTISTICO DE CONCIERTO CON LA ORQUESTA SINFONICA DE HEREDIA, PARA EL 129 ANIVERSARIO DEL TEATRO NACIONAL, 2026",TEATRO NACIONAL,08/10/2026 11:03,08/10/2026 11:30,,13/10/2026 09:01,En recepción de ofertas,En recepción de ofertas,PX,,08,3007110978,Esteban Rolando Vásquez Valverde,G3007110978060,00
2026LD-000222-0018962008,20261000981,L-332-2026  SERVICIO DE PINTURA INTERNA Y EXTERNA EN EDIFICIOS SEDE SAN CARLOS,UNIVERSIDAD TÉCNICA NACIONAL,08/10/2026 10:58,09/10/2026 08:00,,15/10/2026 10:05,En recepción de ofertas,En recepción de ofertas,LD,,08,3007556085,VICENTE FLORES VARGAS,G3007556085020,00
2026LD-000118-0001000001,20260903819,Adquisición Troqueladora digital de vinilo con Insumos,INSTITUTO NACIONAL DE SEGUROS,08/10/2026 10:55,08/10/2026 11:00,,15/10/2026 10:01,En recepción de ofertas,En recepción de ofertas,LD,,01,4000001902,ALEXIS DAVID HERNANDEZ ZARATE,G4000001902180,00
2026LD-000033-0015600001,20261000973,Servicio de asesoría en salud ocupacional,JUNTA DE PROTECCIÓN SOCIAL,08/10/2026 10:50,08/10/2026 11:00,,15/10/2026 10:00,En recepción de ofertas,En recepción de ofertas,LD,,02,3007045617,VALERY DE LOS ANGELES VASQUEZ FONSECA,G3007045617147,00
2026LD-000033-0044966419,20261001004,Compra de tatamis para el CCDRSA,COMITÉ CANTONAL DE DEPORTES Y RECREACIÓN DE SANTA ANA,08/10/2026 10:49,08/10/2026 11:00,,14/10/2026 07:30,En recepción de ofertas,En recepción de ofertas,LD,,01,3007066419,Francisco Ureña Chavarria,G3007066419006,00
2026LD-000071-0010900001,20261001019,SERS-038-2026. Contratación según demanda del servicio de mantenimiento de vías públicas,MUNICIPALIDAD DE PARAÍSO,08/10/2026 10:42,08/10/2026 12:00,,15/10/2026 12:00,En recepción de ofertas,En recepción de ofertas,LD,,02,3014042086,LIZA MARÍA LORÍA SOLANO,G301404208686075,00
2026LD-000236-0013000001,20261001017,solicitud de compra de boleto aéreo para la Sra. Ana Elena Pinto L. (14-oct-2026),MINISTERIO DE RELACIONES EXTERIORES Y CULTO,08/10/2026 10:34,08/10/2026 11:00,,09/10/2026 10:00,En recepción de ofertas,En recepción de ofertas,LD,,01,2100042009,Daniel López Granados,G2100042009132,00
2026LD-000024-0029254321,20261001009,Adquisición de Servidor Institucional para manejo de datos y sistemas del CMD Cervantes.,CONCEJO MUNICIPAL DE CERVANTES,08/10/2026 10:29,08/10/2026 10:50,,15/10/2026 10:01,En recepción de ofertas,En recepción de ofertas,LD,,01,3007078499,ANDREA CAROLINA RODRIGUEZ AGUIRRE,G3007078499002,00
2026PX-000076-0012300001,20261000833,II CONGRESO INTERNACIONAL DE NORMAS CONTABLES Y TRANSPARENCIA GUBERNAMENTAL,TRIBUNAL SUPREMO DE ELECCIONES,08/10/2026 10:28,08/10/2026 14:00,,09/10/2026 14:01,En recepción de ofertas,En recepción de ofertas,PX,,08,2400042156,Adriana María Madrigal Piedra,G240004215600338,00
2026PX-000042-0003400001,20261001016,"Contrato por mantenimiento correctivo para las unidades SM5107, SM6640 y SM9567(SGAB)",MUNICIPALIDAD DE MONTES DE OCA,08/10/2026 10:28,08/10/2026 10:30,,13/10/2026 10:00,En recepción de ofertas,En recepción de ofertas,PX,,01,3014042053,YEIMY ELIZONDO VALERIO,G3014042053101,00
2026LD-000019-0017700001,20261001002,Adquisición de microondas y refrigeradora,INSTITUTO DE FOMENTO Y ASESORIA MUNICIPAL,08/10/2026 10:24,09/10/2026 08:00,,15/10/2026 10:01,En recepción de ofertas,En recepción de ofertas,LD,,01,4000042142,Monserrat Cantillo Agüero,G4000042142098,00
2026PX-000020-0021400001,20261000795,21400001 Protección de Datos personales en sector público y su jurisprudencia y Pliego de condiciones,INSTITUTO COSTARRICENSE DE ACUEDUCTOS Y ALCANTARILLADOS,08/10/2026 10:22,09/10/2026 07:00,,12/10/2026 08:10,En recepción de ofertas,En recepción de ofertas,PX,,08,4000042138,ROY OVIEDO QUIROS,G4000042138081,00
2026LD-000029-0006700001,20261001015,Compra de bibliografía para la biblioteca especializada,TRIBUNAL REGISTRAL ADMINISTRATIVO,08/10/2026 10:19,09/10/2026 08:00,,14/10/2026 16:00,En recepción de ofertas,En recepción de ofertas,LD,,01,3007308700,JEFFREY ALONSO UREÑA GARITA,G3007308700002,00
2026LE-000008-0001102598,20261000166,MANTENIMIENTO PREVENTIVO CORRECTIVO REPUESTOS Y MATERIALES PARA EQUIPOSDE AIRES ACONDICIONADO Y REFRIGERACIÓN PARA EDIFICIO DE LA DRIPSSPC.,CAJA COSTARRICENSE DE SEGURO SOCIAL,08/10/2026 10:17,09/10/2026 07:00,,26/10/2026 09:01,En recepción de ofertas,En recepción de ofertas,LE,,02,4000042147,Mhaury Bogarin Arroyo,G4000042147232,00
2026LD-000092-0004100001,20261001011,Suministro de diferentes artículos institucionales para las actividades municipales ( lapiceros- libretas- manteles- plumas ),MUNICIPALIDAD DE SANTO DOMINGO DE HEREDIA,08/10/2026 10:14,08/10/2026 13:00,,15/10/2026 13:01,En recepción de ofertas,En recepción de ofertas,LD,,02,3014042097,MARIA JOSE SALAS ESPINOZA,G301404209797071,00
2026LD-000030-0049804143,20261001005,Renovación de licencias Office 365 para computadoras de la Municipalidad de Monteverde,MUNICIPALIDAD DE MONTEVERDE,08/10/2026 10:08,09/10/2026 07:30,,13/10/2026 15:30,En recepción de ofertas,En recepción de ofertas,LD,,01,3014904143,Fray Gonzalez Navarro,G301490414300001,00
2026LE-000027-0001102502,20261000712,Compra MPC UPS Varias,CAJA COSTARRICENSE DE SEGURO SOCIAL,08/10/2026 10:07,09/10/2026 07:00,,22/10/2026 08:01,En recepción de ofertas,En recepción de ofertas,LE,,08,4000042147,GRACIELA DE LOS ANGELES QUIROS CHAVES,I4000042147717,00
2026LD-000182-0001300002,20261000980,"Remodelación en el Tribunal de Juicio, Oficina Supernumerarios y Juzgado de Cobro en Tribunales Pérez Zeledó",CORTE SUPREMA DE JUSTICIA-PODER JUDICIAL,08/10/2026 09:52,09/10/2026 00:00,,16/10/2026 07:30,En recepción de ofertas,En recepción de ofertas,LD,,08,2300042155,Anyelina Cordero Camacho,G2300042155345,00
2026PX-000004-0008900012,20261000746,CONTRATACIÓN DE SERVICIOS DE CAPACITACIÓN Y  PARTICIPACIÓN DURANTE EL ENCUENTRO DE PERSONAS ADULTAS MAYORES (IX  CONGRESO INTERNACIONAL DE GERONTOLOGÍA UCR 2026),CONSEJO NACIONAL DE LA PERSONA ADULTA MAYOR,08/10/2026 09:50,08/10/2026 14:00,,14/10/2026 10:01,En recepción de ofertas,En recepción de ofertas,PX,,08,3007259107,Martín Aguilar Araya,G3007259107001,00
2026LD-000181-0001300002,20261001000,Acondicionamiento de espacio para una celda en el OIJ de Buenos Aires de Puntarenas,CORTE SUPREMA DE JUSTICIA-PODER JUDICIAL,08/10/2026 09:49,09/10/2026 00:00,,16/10/2026 08:00,En recepción de ofertas,En recepción de ofertas,LD,,08,2300042155,Anyelina Cordero Camacho,G2300042155345,00
2026XE-000839-0000400001,20260902456,S.E. Contratación Directa Servicio mantenimiento para los sistemas comunicaciones para plantas de generación (DG-2393-2026),INSTITUTO COSTARRICENSE DE ELECTRICIDAD,08/10/2026 09:46,09/10/2026 00:00,,16/10/2026 07:30,En recepción de ofertas,En recepción de ofertas,PE,,01,4000042139,HERMES GERARDO SALAS MENA,G4000042139115,00
2026PX-000040-0006600001,20261000963,POWER BI - NIVEL I VISUALIZACIONES Y CREACIÓN DE DASHBOARD,CONSEJO TÉCNICO DE AVIACIÓN CIVIL,08/10/2026 09:40,08/10/2026 09:45,,13/10/2026 08:01,En recepción de ofertas,En recepción de ofertas,PX,,08,3007045551,Nathan Delgado Sibaja,G3007045551150,00
2026PX-000011-0006800001,20261000520,"Creación de contenido educativo, informativo y visual sobre recurso hídrico y servicios ecosistémicos",SISTEMA NACIONAL DE ÁREAS DE CONSERVACIÓN,08/10/2026 09:38,08/10/2026 10:00,,09/10/2026 10:00,En recepción de ofertas,En recepción de ofertas,PX,,01,3007317912,Luis Alfonso Vega Guerrero,G3007317912019,00
2026LD-000034-0027800005,20261000999,ADQUISICIÓN DE UN CONTENEDOR DE CARGA SECA DE ACERO PARA EL FORTALECIMIENTO DEL PROCESO DE SEPARACIÓN DE RESIDUOS VALORIZABLES DE LA MUNICIPALIDAD DE DOTA,MUNICIPALIDAD DE DOTA,08/10/2026 09:36,08/10/2026 10:00,,14/10/2026 10:00,En recepción de ofertas,En recepción de ofertas,LD,,01,3014042049,MARCO TULIO SOLIS GUEVARA,G3014042049001,00
2026LD-000221-0018962008,20261000992,"L-371-2026 SERVICIOS DE ALIMENTACION PROYECTO REGIONALIZACION CONARE FORTALECIMIENTO SECTOR AGROPECUARIO, AGROFORESTAL E AGROINDUSTRIAL",UNIVERSIDAD TÉCNICA NACIONAL,08/10/2026 09:32,09/10/2026 09:00,,15/10/2026 09:10,En recepción de ofertas,En recepción de ofertas,LD,,01,3007556085,CARLOS RODRIGUEZ ROJAS,G3007556085018,00
2026LD-000023-0029254321,20261000990,Solución integral de telemetría para el monitoreo en tiempo real y control remoto de los sistemas del Acueducto Municipal.,CONCEJO MUNICIPAL DE CERVANTES,08/10/2026 09:32,08/10/2026 09:40,,15/10/2026 09:01,En recepción de ofertas,En recepción de ofertas,LD,,01,3007078499,ANDREA CAROLINA RODRIGUEZ AGUIRRE,G3007078499002,00
2026LD-000235-0013000001,20260903607,Adquisición de Equipos Portátiles,MINISTERIO DE RELACIONES EXTERIORES Y CULTO,08/10/2026 09:32,08/10/2026 10:00,,16/10/2026 08:10,En recepción de ofertas,En recepción de ofertas,LD,,01,2100042009,RONALD JOSUE JIMENEZ BENAVIDES,G2100042009001,00
2026LD-000220-0018962008,20261000989,L-370-2026 SERVICIOS PROFESIONALES INGENIERO AGRONOMO,UNIVERSIDAD TÉCNICA NACIONAL,08/10/2026 09:31,09/10/2026 08:00,,15/10/2026 08:10,En recepción de ofertas,En recepción de ofertas,LD,,08,3007556085,CARLOS RODRIGUEZ ROJAS,G3007556085018,00
2026LD-000112-0001800001,20261000993,COMPRA DE 9460 LITROS DE COMBUSTIBLE DIESEL PARA TERMINAL GASTON KOGAN KOGAN MOIN,JUNTA DE ADMINISTRACIÓN PORTUARIA Y DE DESARROLLO ECONÓMICO DE LA VERTIENTE ATLÁNTICA (JAPDEVA),08/10/2026 09:22,08/10/2026 10:00,,13/10/2026 10:00,En recepción de ofertas,En recepción de ofertas,LD,,01,4000042148,FEDERICO FERNANDO CRAWFORD SIMPSON,G4000042148035,00
2026XE-000070-0000800001,20261000918,"Quinto Concurso del Procedimiento con Precalificación 2024XE-000006-0000800001 Servicio de retiro, desmontaje y traslado de infraestructura de telecomunicaciones",RADIOGRÁFICA COSTARRICENSE SOCIEDAD ANÓNIMA,08/10/2026 09:22,08/10/2026 09:30,,16/10/2026 07:30,En recepción de ofertas,En recepción de ofertas,PE,,01,3101009059,KATHERINE ESPINOZA ROJAS,G3101009059253,00
2026LD-000024-0014400001,20261000719,Suministros de oficina según demanda,INSTITUTO NACIONAL DE ESTADÍSTICA Y CENSOS,08/10/2026 09:09,08/10/2026 11:00,,15/10/2026 14:00,En recepción de ofertas,En recepción de ofertas,LD,,02,3007241710,JOSE ANGEL CABRERA COREA,G3007241710003,00
2026LD-000234-0013000001,20260903595,Carpetas personalizadas para expedientes ,MINISTERIO DE RELACIONES EXTERIORES Y CULTO,08/10/2026 09:01,08/10/2026 09:05,,15/10/2026 08:10,En recepción de ofertas,En recepción de ofertas,LD,,08,2100042009,LUZ MARINA AGUILAR SEGURA,G2100042009003,00
2026LY-000013-0012800001,20261000983,Mobiliario para estaciones de bomberos,BENEMÉRITO CUERPO DE BOMBEROS DE COSTA RICA,08/10/2026 08:52,08/10/2026 10:00,,29/10/2026 09:01,En recepción de ofertas,En recepción de ofertas,LY,,02,3007547060,LOURDES MARIA SOLORZANO SALMERON,G300754706060176,00
2026LD-000034-0001102799,20261000969,Cortinas antibacterianas para 2762 ASCB,CAJA COSTARRICENSE DE SEGURO SOCIAL,08/10/2026 08:21,09/10/2026 07:00,,15/10/2026 10:00,En recepción de ofertas,En recepción de ofertas,LD,,01,4000042147,MARVIN AGUILERA FLORES,G4000042147543,00
2026LE-000002-0017100001,20261000968,"CONSTRUCCIÓN COMUNIDADES DE LAS LOMAS, LAS HUACAS, LA CORONA, LA SABANA Y ENTRADA PLAYA ESTERILLOS CENTRO",MUNICIPALIDAD DE PARRITA,08/10/2026 08:18,08/10/2026 09:00,,19/10/2026 09:01,En recepción de ofertas,En recepción de ofertas,LE,,01,3014042121,PAOLA MARIN SALAZAR,G301404212121032,00
2026LE-000001-0044966419,20261000974,Adquisición de vehículos para flotilla institucional del CCDRSA,COMITÉ CANTONAL DE DEPORTES Y RECREACIÓN DE SANTA ANA,08/10/2026 08:09,08/10/2026 09:00,,27/10/2026 07:30,En recepción de ofertas,En recepción de ofertas,LE,,01,3007066419,Francisco Ureña Chavarria,G3007066419006,00
2026LD-000058-0000700001,20261000658,"Remodelación, Habilitación y Modernización Estética de la Esquina Suroeste y Readecuación del Área de Sodas del Mercado Municipal de Grecia",MUNICIPALIDAD DE GRECIA,08/10/2026 08:05,08/10/2026 08:10,,15/10/2026 08:05,En recepción de ofertas,En recepción de ofertas,LD,,01,3014042066,Kristin Conejo Solís,G301404206666093,00
2026LD-000028-0031200001,20261000808,"Mantenimiento y reparacón de edificios, equipos y otros de la Municipalidad",MUNICIPALIDAD DE MONTES DE ORO,08/10/2026 07:58,08/10/2026 08:30,,15/10/2026 10:15,En recepción de ofertas,En recepción de ofertas,LD,,02,3014042118,CYNTHIA VILLALOBOS CORTES,G3014042118001,00
2026LD-000099-0006600001,20261000912,Compra de sillas de espera plegables,CONSEJO TÉCNICO DE AVIACIÓN CIVIL,08/10/2026 07:58,08/10/2026 08:05,,15/10/2026 08:01,En recepción de ofertas,En recepción de ofertas,LD,,01,3007045551,Nathan Delgado Sibaja,G3007045551150,00
2026XE-000256-0000200001,20261000897,"Procedimiento de Escasa Cuantía, Equipo Neumático para el Taller Anonos",COMPAÑÍA NACIONAL DE FUERZA Y LUZ SOCIEDAD ANÓNIMA,08/10/2026 07:58,08/10/2026 10:00,,15/10/2026 08:10,En recepción de ofertas,En recepción de ofertas,PE,,01,3101000046,PAMELA CALVO GAITAN,G3101000046539,00
2026LD-000044-0004700001,20261000653,Servicio de reparación y mantenimiento del vehículo municipal placa SM-6179 de la Administración Tributaria,MUNICIPALIDAD DEL CANTÓN DE ESPARZA,08/10/2026 07:57,09/10/2026 00:01,,15/10/2026 10:30,En recepción de ofertas,En recepción de ofertas,LD,,08,3014042115,YULIETH DE LOS ANGELES CORTES ALVARADO,G3014042115001,00
2026LE-000009-0020800001,20261000784,"Adquisición de “Herramientas manuales y eléctricas”, según demanda",MUNICIPALIDAD DE ESCAZÚ,08/10/2026 07:55,08/10/2026 16:00,,15/10/2026 10:01,En recepción de ofertas,En recepción de ofertas,LE,,02,3014042050,Ronald Fabián Morales Cerdas,G3014042050023,00
2026LE-000077-0001101142,20261000802,Sonda duodenal calibre 18 FR plástico grado médico descartable longitud de 122 cm +/- 3 cm estéril. Código: 2-94-03-0680. Art. 60 inciso b),CAJA COSTARRICENSE DE SEGURO SOCIAL,08/10/2026 07:53,09/10/2026 00:00,,29/10/2026 09:00,En recepción de ofertas,En recepción de ofertas,LE,,02,4000042147,Yoselyn Arce Hernández,H4000042147144,00
2026XE-000838-0000400001,20260903234,S.E Contratación Directa de Escasa Cuantía Adquisición de Morteros // PGB I PE GE-351,INSTITUTO COSTARRICENSE DE ELECTRICIDAD,08/10/2026 07:45,09/10/2026 00:00,,16/10/2026 07:30,En recepción de ofertas,En recepción de ofertas,PE,,02,4000042139,DANNY LIZANO CERDAS,G4000042139080,00
2026LD-000393-0001300001,20260802995,Compra de Mueble Aéreo en acero inoxidable para la Unidad Regional de Patología Forense de Liberia,CORTE SUPREMA DE JUSTICIA-PODER JUDICIAL,08/10/2026 07:41,09/10/2026 00:00,,16/10/2026 08:00,En recepción de ofertas,En recepción de ofertas,LD,,01,2300042155,DANNY RODRIGUEZ VILLEGAS,G2300042155112,00
2026LD-000043-0004700001,20261000607,Adquisición de insumos para mantenimiento y limpieza de piscina ubicada en Casa de la Mujer en el Cantón de Esparza,MUNICIPALIDAD DEL CANTÓN DE ESPARZA,08/10/2026 07:38,09/10/2026 00:01,,15/10/2026 10:00,En recepción de ofertas,En recepción de ofertas,LD,,02,3014042115,YULIETH DE LOS ANGELES CORTES ALVARADO,G3014042115001,00
2026LD-000036-0001102502,20261000847,COMPRA CONSOLIDADA DE SILLAS ERGONÓMICAS HEBB-ASL,CAJA COSTARRICENSE DE SEGURO SOCIAL,08/10/2026 07:37,09/10/2026 07:00,,15/10/2026 08:00,En recepción de ofertas,En recepción de ofertas,LD,,02,4000042147,SIDNEY PATRICIA CANALES ARTAVIA,G4000042147365,00
2026LD-000016-0001102598,20261000288,SERVICIOS DE CONSULTORÍA Y SERVICIOS PROFESIONALES PARA ESTUDIOSTÉCNICOS DEL PROYECTO DE CONSTRUCCIÓN DEL PUESTO DE VISITA PERIÓDICAPLAYON SUR,CAJA COSTARRICENSE DE SEGURO SOCIAL,08/10/2026 07:36,09/10/2026 07:00,,15/10/2026 09:01,En recepción de ofertas,En recepción de ofertas,LD,,01,4000042147,SINEY VINDAS CERDAS,G4000042147736,00
2026LD-000031-0001101161,20261000921,Adquisición de Banderas y Astas,CAJA COSTARRICENSE DE SEGURO SOCIAL,08/10/2026 07:07,09/10/2026 00:00,,15/10/2026 09:00,En recepción de ofertas,En recepción de ofertas,LD,,01,4000042147,GERARDO MONTERO CALDERON,K4000042147061,00
2026XE-000255-0000200001,20261000875,Escasa cuantía LAMPARA DE TRABAJO PORTÁTIL PARA CANASTA TIPO LED,COMPAÑÍA NACIONAL DE FUERZA Y LUZ SOCIEDAD ANÓNIMA,08/10/2026 07:04,08/10/2026 10:00,,15/10/2026 08:10,En recepción de ofertas,En recepción de ofertas,PE,,01,3101000046,ROXYRI VELASQUEZ ZUMBADO,G3101000046017,00
2026LD-000043-0004500001,20261000869,MEJORA SISTEMA PLUVIAL Y SANITARIO EBAIS,MUNICIPALIDAD DE JIMÉNEZ,08/10/2026 06:53,08/10/2026 07:00,,15/10/2026 08:00,En recepción de ofertas,En recepción de ofertas,LD,,08,3014042084,DANIEL SEGURA SABORIO,G301404208484022,00
2026LD-000042-0004500001,20261000863,"Adquisición de pintura anticorrosiva, diluyente y convertidor de óxido para el mantenimiento de los hidrantes del cantón de Jiménez",MUNICIPALIDAD DE JIMÉNEZ,08/10/2026 06:52,08/10/2026 07:00,,13/10/2026 08:00,En recepción de ofertas,En recepción de ofertas,LD,,01,3014042084,DANIEL SEGURA SABORIO,G301404208484022,00
2026LY-000031-0001102102,20261000882,COMPRA PRUEBA EFECTIVA PARA DIAGNÓSTICO DE CITOLOGÍAS Y BLOQUESCELULARES,CAJA COSTARRICENSE DE SEGURO SOCIAL,08/10/2026 06:18,09/10/2026 00:00,,29/10/2026 08:00,En recepción de ofertas,En recepción de ofertas,LY,,02,4000042147,MARIA ELENA PORRAS SALAZAR,H4000042147289,00
2026LD-000008-0040273200,20261000964,Servicios profesionales en Auditoría Externa,FIDEICOMISO BANCO DE COSTA RICA IMAS BANACIO SETENTA Y TRES DOS MIL DOS,07/10/2026 21:27,09/10/2026 00:00,,16/10/2026 00:00,En recepción de ofertas,En recepción de ofertas,LD,,02,3112677626,Silvia Gomez Cortes,G3112677626009,00
2026LD-000003-0044500001,20261000960,CONTRATACIÓN DE UN NUEVO DOMINIO DE INTERNET .CR CON TRES CUENTAS DE CORREO ELECTRÓNICO INSTITUCIONAL,FIDEICOMISO INCOP ICT BNCR,07/10/2026 20:29,08/10/2026 05:00,,15/10/2026 09:00,En recepción de ofertas,En recepción de ofertas,LD,,01,3112537555,Natalia Mora Jimenez,G311253755555007,00
2026XE-000002-0016900162,20261000958,Servicio de limpieza para las instalaciones de la Sede Interuniversitaria de Alajuela,CONSEJO NACIONAL DE RECTORES,07/10/2026 17:57,08/10/2026 08:00,,12/10/2026 10:00,En recepción de ofertas,En recepción de ofertas,PE,,08,3007045437,MARIA VICTORIA ORTEGA CALDERON,G3007045437002,00
2026XE-000837-0000400001,20261000058,S.E Contratación Directa de Escasa Cuantía / Adquisición de Soldadoras Multiproceso GE-366,INSTITUTO COSTARRICENSE DE ELECTRICIDAD,07/10/2026 17:08,08/10/2026 00:00,,15/10/2026 07:30,En recepción de ofertas,En recepción de ofertas,PE,,01,4000042139,JASON ABRAHAM CECILIANO FERNANDEZ,G4000042139387,00
2026LD-000019-0001102703,20261000744,Adquisición de Materiales Metálicos,CAJA COSTARRICENSE DE SEGURO SOCIAL,07/10/2026 17:02,08/10/2026 00:00,,15/10/2026 12:00,En recepción de ofertas,En recepción de ofertas,LD,,01,4000042147,HEBER SALAS VALVERDE,G4000042147507,00
2026LE-000041-0001102208,20261000889,Sensores para oxímetros de mesa para Pediatría y Emergencias,CAJA COSTARRICENSE DE SEGURO SOCIAL,07/10/2026 17:02,08/10/2026 07:00,,28/10/2026 08:00,En recepción de ofertas,En recepción de ofertas,LE,,02,4000042147,JOSE PABLO VILLEGAS SOTO,K4000042147608,00
2026LD-000028-0018000001,20261000357,Servicio de Pruebas de Seguridad Informática,OPERADORA DE PLANES DE PENSIONES COMPLEMENTARIAS DEL BANCO POPULAR Y DE DESARROLLO COMUNAL SOCIEDAD ANÓNIMA,07/10/2026 16:57,08/10/2026 00:00,,14/10/2026 09:00,En recepción de ofertas,En recepción de ofertas,LD,,02,3101253502,Bryan Vega Borbón,G3101253502007,00
2026LD-000015-0016500001,20261000950,Alquiler de solución completa de equipo multifuncional,BN SOCIEDAD ADMINISTRADORA DE FONDOS DE INVERSIÓN SOCIEDAD ANÓNIMA,07/10/2026 16:48,08/10/2026 08:00,,14/10/2026 10:00,En recepción de ofertas,En recepción de ofertas,LD,,01,3101237918,Keneth Garita Hidalgo,G310123791818061,00
2026LD-000009-0018400001,20261000946,Adquisición de computadoras portátiles,OPERADORA DE PENSIONES COMPLEMENTARIAS Y DE CAPITALIZACIÓN LABORAL DE LA CAJA COSTARRICENSE DE SEGURO SOCIAL SOCIEDAD ANÓNIMA,07/10/2026 16:23,07/10/2026 16:30,,12/10/2026 15:00,En recepción de ofertas,En recepción de ofertas,LD,,01,3101271020,MARIA ALEJANDRA ZUÑIGA ANGULO,G3101271020002,00
2026LD-000052-0016800001,20261000787,"Adquisición de equipo de cómputo, periféricos, servidor y soluciones audiovisuales para la Municipalidad de San Isidro de Heredia",MUNICIPALIDAD DE SAN ISIDRO DE HEREDIA,07/10/2026 16:12,08/10/2026 08:00,,14/10/2026 08:31,En recepción de ofertas,En recepción de ofertas,LD,,01,3014042093,DAYANA MARIA ORTIZ VARGAS,G3014042093030,00
2026LD-000019-0040000001,20261000934,Adquisición de cortadoras de cesped para las instalaciones en administración.,COMITÉ CANTONAL DE DEPORTES Y RECREACIÓN DE PARAÍSO,07/10/2026 16:07,07/10/2026 16:00,,14/10/2026 11:00,En recepción de ofertas,En recepción de ofertas,LD,,02,3007092660,MARIA PAULA PACHECO MENDEZ,G3007092660001,00
2026LD-000193-0017699999,20261000929,SERVICIOS DE INTERPRETACION LESCO,UNIVERSIDAD ESTATAL A DISTANCIA,07/10/2026 16:05,07/10/2026 17:30,,14/10/2026 09:01,En recepción de ofertas,En recepción de ofertas,LD,,08,4000042151,Celia Corrales Chavarría,G4000042151010,00
2026LD-000052-0007200002,20261000727,20204200-Vehículo Tipo SUV Con Dación en pago de vehículos usados.,MINISTERIO DE LA PRESIDENCIA,07/10/2026 16:03,08/10/2026 09:00,,14/10/2026 09:01,En recepción de ofertas,En recepción de ofertas,LD,,01,2100042007,Daniel Valverde Gutiérrez,G210004200700249,00
2026LD-000180-0001300002,20261000933,Servicio de lavado de vehículos oficiales de la Delegación Regional de Limon,CORTE SUPREMA DE JUSTICIA-PODER JUDICIAL,07/10/2026 15:54,08/10/2026 07:00,,15/10/2026 15:31,En recepción de ofertas,En recepción de ofertas,LD,,08,2300042155,CERANIA ISABEL SEVILLA CORDOBA,G2300042155180,00
2026LD-000070-0010900001,20261000938,Actividades culturales del Comité de la Persona Joven de Paraíso,MUNICIPALIDAD DE PARAÍSO,07/10/2026 15:51,07/10/2026 16:00,,12/10/2026 16:00,En recepción de ofertas,En recepción de ofertas,LD,,08,3014042086,LIZA MARÍA LORÍA SOLANO,G301404208686075,00
2026LD-000051-0023700001,20261000932,ADQUISICIÓN DE SERVICIOS DE LIMPIEZA DE TANQUETAS PARA LA RECOLECCIÓN Y MANEJO DE AGUAS RESIDUALES GENERADAS DURANTE LAS ACTIVIDADES MUNICIPALES,MUNICIPALIDAD DE QUEPOS,07/10/2026 15:45,07/10/2026 16:00,,12/10/2026 11:05,En recepción de ofertas,En recepción de ofertas,LD,,01,3014042111,Jonathan Mesén Jiménez,G3014042111001,00
2026PX-000508-0015499999,20261000776,SERVICIO DE REPARACION DE RECOLECTOR IVECO  ACTIVO 40209 OT 77776 PLACA SM 6040 DE LA SECCION DE RECOLECCION,MUNICIPALIDAD DEL CANTÓN CENTRAL DE SAN JOSÉ,07/10/2026 15:33,07/10/2026 15:40,,09/10/2026 10:05,En recepción de ofertas,En recepción de ofertas,PX,,08,3014042058,FLORIBETH MOLINA ARIAS,G3014042058237,00
2026LD-000037-0021100001,20261000926,“ADQUISICIÓN DE MOTOR O TECLE ELECTRICO PARA MARCO DE BALONCESTO DE LA CANCHA 1 DEL COMPLEJO NARIME”,MUNICIPALIDAD DE OROTINA,07/10/2026 15:26,07/10/2026 16:00,,15/10/2026 07:05,En recepción de ofertas,En recepción de ofertas,LD,,01,3014042070,Jeffry Miranda Mena,G3014042070001,00
2026LD-000035-0007100001,20261000663,"Compra de equipo y herramientas para Taller Mecánico, 091",MINISTERIO DE SEGURIDAD PUBLICA,07/10/2026 15:26,07/10/2026 16:00,,14/10/2026 10:00,En recepción de ofertas,En recepción de ofertas,LD,,01,2100042011,BIANCA CHAVES MONTERO,G2100042011284,00
2026LD-000036-0021100001,20261000915,COMPRA DE PAPELERÍA Y SUMINISTROS DE OFICINA PARA LA MUNICIPALIDAD DE OROTINA SEGÚN DEMANDA,MUNICIPALIDAD DE OROTINA,07/10/2026 15:25,07/10/2026 16:00,,15/10/2026 07:05,En recepción de ofertas,En recepción de ofertas,LD,,02,3014042070,Jeffry Miranda Mena,G3014042070001,00
2026LE-000006-0024300001,20261000923,Construcción de cunetas revestidas y losa de concreto en el camino 2-15-035.,MUNICIPALIDAD DE GUATUSO,07/10/2026 15:25,08/10/2026 09:00,,14/10/2026 09:15,En recepción de ofertas,En recepción de ofertas,LE,,08,3014042067,Carlos Mena Hernández,G3014042067001,00
2026LD-000281-0006300001,20261000880,ADQUISICIÓN DE PANEL SOLAR 100W E INVERSOR DE CORRIENTE ONDA PURA,INSTITUTO TECNOLÓGICO DE COSTA RICA,07/10/2026 15:24,07/10/2026 16:00,,14/10/2026 10:00,En recepción de ofertas,En recepción de ofertas,LD,,01,4000042145,KEREN RAQUEL MURILLO LIZANO,G4000042145026,00
2026LE-000015-0007100001,20261000898,"SERVICIO DE INSPECCION, MANTENIMIENTO Y CERTIFICACION DE BALSAS SALVAVIDAS",MINISTERIO DE SEGURIDAD PUBLICA,07/10/2026 15:24,07/10/2026 16:00,,28/10/2026 09:00,En recepción de ofertas,En recepción de ofertas,LE,,02,2100042011,DANNIA ORTEGA ARAYA,G2100042011013,00
2026LD-000080-0003100001,20260702221,COMPRA DE ACEITES Y LUBRICANTES PARA EJECUCION DE LA UNIDAD TECNICA DE GESTION VIAL,MUNICIPALIDAD DE PUNTARENAS,07/10/2026 15:19,07/10/2026 16:00,,12/10/2026 12:00,En recepción de ofertas,En recepción de ofertas,LD,,01,3014042120,LUIS EDWARD ROJAS BARRANTES,G3014042120002,00
2026LE-000012-0021800611,20261000908,Contratación “Outsourcing” Prestación de Servicios cuadrilla de trabajo.,MUNICIPALIDAD DE GARABITO,07/10/2026 15:16,07/10/2026 15:30,,14/10/2026 09:00,En recepción de ofertas,En recepción de ofertas,LE,,02,3014056076,ARLYN ARELLYS CARMONA LAGUNA,G301405607676080,00
2026LD-000040-0009300001,20261000850,SERVICIO DE TELEFONÍA FIJA A DEMANDA,MINISTERIO DE CIENCIA INNOVACIÓN TECNOLOGÍA Y TELECOMUNICACIONES,07/10/2026 15:14,07/10/2026 15:20,,14/10/2026 15:21,En recepción de ofertas,En recepción de ofertas,LD,,02,2100098311,CINTHIA BERMUDEZ RODRIGUEZ,G2100098311079,00
2026LD-000121-0003500001,20261000760,CONCESIÓN DE INSTALACIONES PÚBLICAS PARA PRESTAR EL SERVICIO DE FOTOCOPIADORA DEL CAMPUS PÉREZ ZELEDÓN,UNIVERSIDAD NACIONAL,07/10/2026 15:09,08/10/2026 08:00,,14/10/2026 15:01,En recepción de ofertas,En recepción de ofertas,LD,,08,4000042150,ERIKA CALDERON JIMENEZ,G4000042150009,00
2026LD-000091-0004100001,20261000914,Servicio especializado de inventario y control de activos institucionales,MUNICIPALIDAD DE SANTO DOMINGO DE HEREDIA,07/10/2026 15:07,07/10/2026 15:10,,14/10/2026 15:11,En recepción de ofertas,En recepción de ofertas,LD,,01,3014042097,MARIA CELESTE ROJAS RODRIGUEZ,G301404209797069,00
2026LD-000029-0001102702,20261000630,RIVASTIGMINA Y AGUJA PARA INYECTOR SUBCUTÁNEO DE INSULINA PARA ELSERVICIO FARMACIA DEL AREA DE SALUD GOLFITO,CAJA COSTARRICENSE DE SEGURO SOCIAL,07/10/2026 15:07,08/10/2026 00:00,,15/10/2026 09:00,Objetado,Objetado,LD,,02,4000042147,LIBIA YANIN ABARCA MORALES,H4000042147529,00
2026LD-000079-0003100001,20260802124,COMPRA DE LUBRICANTES PARA EL SERVICIO DE GESTIÓN DE RESIDUOS SÓLIDOS,MUNICIPALIDAD DE PUNTARENAS,07/10/2026 15:04,07/10/2026 16:00,,12/10/2026 12:00,En recepción de ofertas,En recepción de ofertas,LD,,01,3014042120,LUIS EDWARD ROJAS BARRANTES,G3014042120002,00
2026LD-000130-0021600001,20261000910,Contratación directa servicios profesionales de Ingeniero Civil o Arquitecto,MUNICIPALIDAD DE DESAMPARADOS,07/10/2026 15:03,07/10/2026 15:30,,15/10/2026 08:30,En recepción de ofertas,En recepción de ofertas,LD,,02,3014042048,ILIANA ZAMORA ARAYA,G3014042048001,00
2026LD-000023-0012400001,20261000859,"“Mejoramiento menor de la Delegación de la Policía de Tránsito de Zapote (sustitución de: ventanería, puertas de vidrio y otros)”",MINISTERIO DE OBRAS PÚBLICAS Y TRANSPORTES,07/10/2026 14:55,08/10/2026 08:00,,15/10/2026 10:00,En recepción de ofertas,En recepción de ofertas,LD,,22,2100042008,KAREN MARIA QUERALT MADRIGAL,G2100042008046,00
2026LE-000037-0001102101,20261000671,CUCHILLAS Y MORCELADOR,CAJA COSTARRICENSE DE SEGURO SOCIAL,07/10/2026 14:52,08/10/2026 00:00,,28/10/2026 09:30,En recepción de ofertas,En recepción de ofertas,LE,,02,4000042147,Jairo Quirós Quesada,L4000042147468,00
2026LD-000014-0020600007,20261000883,SERVICIOS PROCEDIMIENTO MADRE Licitación Mayor 2025LY-8 ASDEF-281-2026 PROYECTO Ruta Empresarial Digital,BANCO POPULAR Y DE DESARROLLO COMUNAL,07/10/2026 14:50,08/10/2026 08:00,,14/10/2026 10:00,En recepción de ofertas,En recepción de ofertas,LD,,08,4000042152,JAHAIRA BOLAÑOS CARVAJAL,G400004215200546,00
2026LE-000036-0001102101,20261000841,Kit de embolectomia pulmonar mecanica,CAJA COSTARRICENSE DE SEGURO SOCIAL,07/10/2026 14:47,08/10/2026 00:00,,28/10/2026 10:00,En recepción de ofertas,En recepción de ofertas,LE,,02,4000042147,JANEL JOSSETT LEWIS REID,N4000042147138,00
2026LE-000008-0000100001,20261000891,"CONTRATACION DEL SERVICIO DE INSTALACIÓN DE ACTUALIZACIONES, SOPORTE Y MANTENIMIENTO PREVENTIVO Y CORRECTIVO DEL SISTEMA MOVEIT DEL BNCR",BANCO NACIONAL DE COSTA RICA,07/10/2026 14:45,08/10/2026 00:01,,29/10/2026 09:00,En recepción de ofertas,En recepción de ofertas,LE,,08,4000001021,Vivian Viquez Gómez,G4000001021304,00
2026LD-000098-0006600001,20261000874,"Compra de prensas hidráulicas, Proceso de Mantenimiento Aeroportuario",CONSEJO TÉCNICO DE AVIACIÓN CIVIL,07/10/2026 14:44,07/10/2026 14:50,,14/10/2026 07:00,En recepción de ofertas,En recepción de ofertas,LD,,01,3007045551,ADRIANA FLORES ROJAS,G3007045551102,00
2026LD-000192-0017699999,20261000888,COMPRA DE EQUIPO PARA ACONDICIONAMIENTO DE OFICINAS,UNIVERSIDAD ESTATAL A DISTANCIA,07/10/2026 14:39,07/10/2026 15:00,,14/10/2026 09:01,En recepción de ofertas,En recepción de ofertas,LD,,01,4000042151,OMAR FERNANDEZ VILLALOBOS,G4000042151191,00
2026LE-000027-0002100001,20261000899,"Abastecimiento de Materiales para Instalaciones Eléctricas, por demanda, de cuantía estimada.",INSTITUTO NACIONAL DE APRENDIZAJE,07/10/2026 14:39,08/10/2026 07:00,,21/10/2026 08:01,En recepción de ofertas,En recepción de ofertas,LE,,02,4000045127,Karol Morera Castro,G4000045127105,00
2026PX-000093-0001200001,20261000816,"SMS 1919-26 ADQUISICION MEDIANTE LA MODALIDAD DE SUSCRIPCIÓN, LAS LICENCIAS DEL SOFTWARE DE GESTIÓN Y PRODUCTIVIDAD DE LA PLATAFORMA MONDAY.COM",INSTITUTO COSTARRICENSE DE TURISMO,07/10/2026 14:34,08/10/2026 08:00,,14/10/2026 09:00,En recepción de ofertas,En recepción de ofertas,PX,,01,4000042141,Mauricio Granados Jiménez,G4000042141005,00
2026LD-000088-0012300001,20261000803,SERVICIO DE HOSPEDAJE Y ALIMENTACIÓN,TRIBUNAL SUPREMO DE ELECCIONES,07/10/2026 14:31,08/10/2026 00:01,,13/10/2026 09:05,En recepción de ofertas,En recepción de ofertas,LD,,01,2400042156,LAURA GONZALEZ ACUÑA,G2400042156086,00
2026LD-000042-0003400001,20261000892,"Contratación de mantenimiento preventivo, correctivo y servicio de reparación y recarga por demanda de aires acondicionados (SGAB)",MUNICIPALIDAD DE MONTES DE OCA,07/10/2026 14:26,07/10/2026 14:30,,12/10/2026 10:00,En recepción de ofertas,En recepción de ofertas,LD,,02,3014042053,YEIMY ELIZONDO VALERIO,G3014042053101,00
2026PX-000024-0001102203,20261000836,SERVICIO DE MANTENIMIENTO PREVENTIVO Y CORRECTIVO PARA ELECTROMIÓGRAFOS,CAJA COSTARRICENSE DE SEGURO SOCIAL,07/10/2026 14:25,08/10/2026 07:00,,14/10/2026 09:30,En recepción de ofertas,En recepción de ofertas,PX,,08,4000042147,MARIA JESUS SALAS HERNANDEZ,H4000042147173,00
2026LD-000044-0043900001,20261000893,suministros de limpieza para el Departamento de Obras y Servicios de la Municipalidad de Abangares.,MUNICIPALIDAD DE ABANGARES,07/10/2026 14:20,07/10/2026 15:00,,15/10/2026 09:30,En recepción de ofertas,En recepción de ofertas,LD,,02,3014042099,JORGE EDUARDO RODRIGUEZ PADILLA,G301404209999025,00
2026XE-000836-0000400001,20260903380,S.E Contratación Directa de Escasa Cuantía SERVICIO DE ALQUILER DE TRACTOR DE ORUGAS y SERVICIO DE TRASLADO DE EQUIPO PROCESO 445 PGBORINQUEN II GE-358,INSTITUTO COSTARRICENSE DE ELECTRICIDAD,07/10/2026 14:18,08/10/2026 00:00,,15/10/2026 07:30,En recepción de ofertas,En recepción de ofertas,PE,,01,4000042139,VIVIANA SOLIS ALFARO,H4000042139885,00
2026LD-000023-0020600001,20261000886,CONTRATO DE SUMINISTRO DE UNIFORMES TACTICOS,BANCO POPULAR Y DE DESARROLLO COMUNAL,07/10/2026 14:16,07/10/2026 17:00,,14/10/2026 10:00,En recepción de ofertas,En recepción de ofertas,LD,,02,4000042152,Alexandra Rodríguez Chacón,G400004215200407,00
2026PX-000075-0012300001,20261000687,PRODUCTOS ALIMENTICIOS CON EL CNP,TRIBUNAL SUPREMO DE ELECCIONES,07/10/2026 14:15,08/10/2026 00:01,,14/10/2026 08:05,En recepción de ofertas,En recepción de ofertas,PX,,01,2400042156,Heidy Villalobos Carvajal,G2400042156004,00
2026LD-000191-0017699999,20261000884,COMPRA DE MATERIALES DE LIMPIEZA SEGÚN DEMANDA,UNIVERSIDAD ESTATAL A DISTANCIA,07/10/2026 14:13,07/10/2026 15:30,,14/10/2026 10:01,En recepción de ofertas,En recepción de ofertas,LD,,02,4000042151,Giovanni Sibaja Fernández,G4000042151007,00
2026LE-000017-0001102601,20260903673,Pruebas de coagulación (Regional),CAJA COSTARRICENSE DE SEGURO SOCIAL,07/10/2026 14:09,08/10/2026 00:01,,28/10/2026 08:00,En recepción de ofertas,En recepción de ofertas,LE,,02,4000042147,JAVIER ALEXANDER SILVA SANCHEZ,L4000042147460,00
2026LD-000104-0032000702,20261000878,Fortalecimiento Integral de la Banda Municipal de Pococí,MUNICIPALIDAD DEL CANTÓN DE POCOCÍ,07/10/2026 14:03,07/10/2026 14:30,,14/10/2026 23:59,En recepción de ofertas,En recepción de ofertas,LD,,01,3014042125,ELVIS ANTONIO MONTENEGRO DIAZ,G3014042125005,00
2026LD-000103-0032000702,20261000860,Instrumentos musicales para agrupaciones del cantón - SINEM y Banda Municipal,MUNICIPALIDAD DEL CANTÓN DE POCOCÍ,07/10/2026 14:02,07/10/2026 15:00,,14/10/2026 08:00,En recepción de ofertas,En recepción de ofertas,LD,,01,3014042125,RONALD QUIROS BRENES,G3014042125003,00
2026LD-000041-0003400001,20261000881,PPP Dotar de equipo tecnológico y comunicación a la Biblioteca Faustino Montes de Oca (SGAB),MUNICIPALIDAD DE MONTES DE OCA,07/10/2026 13:59,07/10/2026 14:10,,12/10/2026 10:00,En recepción de ofertas,En recepción de ofertas,LD,,01,3014042053,YEIMY ELIZONDO VALERIO,G3014042053101,00
2026LD-000036-0022300001,20261000873,ADQUISICIÓN DE ÚTILES ESCOLARES PARA PROYECTO JÓVENES EN DESARROLLO,MUNICIPALIDAD DE TALAMANCA,07/10/2026 13:58,07/10/2026 14:30,,16/10/2026 10:00,En recepción de ofertas,En recepción de ofertas,LD,,01,3014042127,MICHELLE VALERÍN LÓPEZ,G301404212727045,00
2026LD-000121-0017500001,20261000870,Contratación del servicio de geolocalización y administración de combustible mediante tarjetas electrónicas,MUNICIPALIDAD DE TURRIALBA,07/10/2026 13:55,07/10/2026 14:00,,12/10/2026 10:01,En recepción de ofertas,En recepción de ofertas,LD,,02,3014042088,Annia Lisbeth Rojas Segura,G3014042088056,00
2026LE-000002-0028202161,20261000843,SERVICIO DE MANTENIMIENTO RUTINARIO POR ESTÁNDARES DE LA RED VIAL CANTONAL DE RÍO CUARTO,MUNICIPALIDAD DE RIO CUARTO,07/10/2026 13:54,07/10/2026 18:00,,14/10/2026 15:01,En recepción de ofertas,En recepción de ofertas,LE,,01,3014795871,JAIRO BOLAÑOS MURILLO,G3014795871001,00
2026LD-000127-0016700105,20261000650,Soporte y Extensión de Garantía Equipos HPE. SOLPE 2026000176 / CA20260211,REFINADORA COSTARRICENSE DE PETRÓLEO SOCIEDAD ANÓNIMA,07/10/2026 13:50,08/10/2026 07:00,,14/10/2026 10:00,En recepción de ofertas,En recepción de ofertas,LD,,08,3101007749,Maria del Milagro Valverde Castro,G3101007749311,00
2026LD-000087-0012300001,20261000698,SERVICIO DE ALIMENTACIÓN,TRIBUNAL SUPREMO DE ELECCIONES,07/10/2026 13:49,08/10/2026 00:01,,12/10/2026 08:05,En recepción de ofertas,En recepción de ofertas,LD,,01,2400042156,Michael Jesús Calvo Barrios,G2400042156199,00
2026PX-000020-0022500001,20261000876,Servicio de capacitación abierta para el fortalecimiento de las competencias técnicas ,MUNICIPALIDAD DE GUÁCIMO,07/10/2026 13:47,08/10/2026 00:00,,12/10/2026 07:30,En recepción de ofertas,En recepción de ofertas,PX,,08,3014042122,LUIS HERRA ABRAHAMS,G3014042122024,00
2026LD-000129-0018300001,20261000866,Contratación de Pauta en medios impresos,JUNTA ADMINISTRATIVA DEL SERVICIO ELÉCTRICO MUNICIPAL DE CARTAGO,07/10/2026 13:46,07/10/2026 23:59,,14/10/2026 13:00,En recepción de ofertas,En recepción de ofertas,LD,,08,3007045087,Nancy Gabriela Granados Garita,G3007045087003,00
2026LD-000040-0003400001,20261000868,Compra de calzado para personal de Servicios Generales y Administración de Bienes (SGAB),MUNICIPALIDAD DE MONTES DE OCA,07/10/2026 13:45,07/10/2026 13:50,,12/10/2026 10:00,En recepción de ofertas,En recepción de ofertas,LD,,01,3014042053,YEIMY ELIZONDO VALERIO,G3014042053101,00
2026PX-000017-0015700008,20261000791,Patrocinio a FundaVida para la Gala “Mágico Es”.,BANCO DE COSTA RICA,07/10/2026 13:42,07/10/2026 14:00,,09/10/2026 14:30,En recepción de ofertas,En recepción de ofertas,PX,,01,4000000019,Xiomara Vega Valverde,G4000000019539,00
2026XE-000002-0014200001,20261000773,Alquiler de inmueble para la sede SiNEM en Grecia,SISTEMA NACIONAL DE EDUCACIÓN MUSICAL,07/10/2026 13:41,08/10/2026 00:01,,15/10/2026 08:00,En recepción de ofertas,En recepción de ofertas,PE,,02,3007628704,MARINET PIEDRA ESQUIVEL,G3007628704038,00
2026LD-000025-0001102602,20261000330,Compra de mobiliario y estaciones de trabajo,CAJA COSTARRICENSE DE SEGURO SOCIAL,07/10/2026 13:35,08/10/2026 07:00,,14/10/2026 09:00,En recepción de ofertas,En recepción de ofertas,LD,,01,4000042147,Ana Requene Guadamuz,N400004214702307,00
2026LD-000096-0019100001,20261000820,"COMPRA DE KITS DE TRUNNION PARA VAGONETAS MUNICIPALES CON PLACAS: SM-4640, SM-4644, SM-4645, SM-4666",MUNICIPALIDAD DE COTO BRUS,07/10/2026 13:33,08/10/2026 07:00,,12/10/2026 11:01,En recepción de ofertas,En recepción de ofertas,LD,,01,3014042113,IRIS VINDAS CHAVES,G3014042113004,00
2026PX-000049-0001300001,20260902649,"Pólizas de seguros, bajo la modalidad de entrega según demanda",CORTE SUPREMA DE JUSTICIA-PODER JUDICIAL,07/10/2026 13:33,08/10/2026 00:00,,15/10/2026 07:30,En recepción de ofertas,En recepción de ofertas,PX,,02,2300042155,MARIELA MARIN ASTORGA,G2300042155046,00
2026LE-000017-0015499999,20261000692,"CONSTRUCCIÓN DE CANAL PLUVIAL EN CALLE CEMENTERIO, CALLE 36, DISTRITO URUCA”",MUNICIPALIDAD DEL CANTÓN CENTRAL DE SAN JOSÉ,07/10/2026 13:31,07/10/2026 16:00,,28/10/2026 14:01,En recepción de ofertas,En recepción de ofertas,LE,,15,3014042058,NATALIA SANCHEZ MATARRITA,G3014042058014,00
2026LD-000329-0000900001,20260902126,BUTACAS PARA AUDITORIO GEOLOGIA,UNIVERSIDAD DE COSTA RICA,07/10/2026 13:27,07/10/2026 14:00,,14/10/2026 14:00,En recepción de ofertas,En recepción de ofertas,LD,,01,4000042149,JUAN CARLOS ZUÑIGA CHINCHILLA,G4000042149070,00
2026LD-000328-0000900001,20260903571,Concesión temporal de un local para la prestación de servicios de alimentación en el Recinto de Grecia,UNIVERSIDAD DE COSTA RICA,07/10/2026 13:27,07/10/2026 14:00,,14/10/2026 08:00,En recepción de ofertas,En recepción de ofertas,LD,,08,4000042149,MARIA FERNANDA SOLANO PEREIRA,G4000042149641,00
2026LD-000026-0011700001,20261000754,Contratación de servicios profesionales para la definición de la estrategia y plan estratégico de recursos humanos 2026-2030 del Sistema de Emergencias 9-1-1,SISTEMA DE EMERGENCIA 911,07/10/2026 13:11,07/10/2026 13:30,,12/10/2026 14:05,En recepción de ofertas,En recepción de ofertas,LD,,08,3007213928,CHRISTIAN VILLALTA BEJARANO,G3007213928029,00
2026PX-000092-0001200001,20261000810,"SMS 1977-26 CAPACITACIÓN SC900T00: Microsoft Security, Compliance and Identity Fundamentals",INSTITUTO COSTARRICENSE DE TURISMO,07/10/2026 13:08,09/10/2026 08:00,,15/10/2026 08:30,En recepción de ofertas,En recepción de ofertas,PX,,08,4000042141,MARIANELA LOPEZ VIQUEZ,G400004214100183,00
2026LD-000022-0012400001,20261000818,Adquisición e Instalación de Persianas Verticales,MINISTERIO DE OBRAS PÚBLICAS Y TRANSPORTES,07/10/2026 13:08,07/10/2026 15:00,,14/10/2026 09:00,En recepción de ofertas,En recepción de ofertas,LD,,01,2100042008,HAZEL IVANNIA FALLAS LEIVA,G2100042008090,00
2026LE-000010-0001102704,20261000798,Mantenimiento Preventivo y Correctivo de Motocicletas y Cuadraciclos,CAJA COSTARRICENSE DE SEGURO SOCIAL,07/10/2026 13:00,08/10/2026 07:00,,28/10/2026 09:00,En recepción de ofertas,En recepción de ofertas,LE,,08,4000042147,ERICK CONTRERAS JIMENEZ,K4000042147124,00
2026LD-000021-0012400001,20261000654,Adquisición de Capas Impermeables para la Dirección General de Educación Vial.,MINISTERIO DE OBRAS PÚBLICAS Y TRANSPORTES,07/10/2026 12:57,07/10/2026 15:00,,14/10/2026 10:00,En recepción de ofertas,En recepción de ofertas,LD,,01,2100042008,HAZEL IVANNIA FALLAS LEIVA,G2100042008090,00
2026LY-000124-0001101142,20261000099,OLANZAPINA 10MG POLVO LIOFILIZADO 1-10-30-4000 Ley 9986,CAJA COSTARRICENSE DE SEGURO SOCIAL,07/10/2026 12:44,08/10/2026 07:00,,28/10/2026 10:00,En recepción de ofertas,En recepción de ofertas,LY,,02,4000042147,Katherine Sancho Poveda,L4000042147339,00
2026LD-000094-0019500001,20261000854,CONTRATACIÓN DE SERVICIOS DE MANTENIMIENTO PREVENTIVO Y CORRECTIVO DEL SISTEMA DE VIDEOVIGILANCIA EN EDIFICIOS MUNICIPALES Y PARQUE BAJO MODALIDAD SEGÚN DEMANDA,MUNICIPALIDAD DE ASERRÍ,07/10/2026 12:35,08/10/2026 07:00,,13/10/2026 09:00,En recepción de ofertas,En recepción de ofertas,LD,,02,3014042045,MARISOL CHINCHILLA JIMENEZ,G3014042045029,00
2026PX-000045-0025000001,20261000838,Reparación y mantenimiento general de la móvil SM 6321.,MUNICIPALIDAD DE VÁSQUEZ DE CORONADO,07/10/2026 12:12,07/10/2026 13:00,,12/10/2026 13:05,En recepción de ofertas,En recepción de ofertas,PX,,01,3014045149,CLAUDIA CRISTINA VILLARREAL MORA,G3014045149002,00
2026LD-000112-0023300001,20261000846,Compra de Dispositivos Viales para la Policía de Tránsito Municipal de San Rafael de Heredia,MUNICIPALIDAD DE SAN RAFAEL DE HEREDIA,07/10/2026 12:09,07/10/2026 12:30,,14/10/2026 10:25,En recepción de ofertas,En recepción de ofertas,LD,,01,3014042095,Floribeth Chaves Ramirez,G3014042095001,00
2026XE-000835-0000400001,20260803051,S.E Licitación Abreviada Adquisición de Montacargas // PGB II/ PE,INSTITUTO COSTARRICENSE DE ELECTRICIDAD,07/10/2026 12:07,08/10/2026 00:00,,05/11/2026 07:30,En recepción de ofertas,En recepción de ofertas,PE,,01,4000042139,Milena Saborío Delgado,H400004213901238,00
2026LE-000042-0001102205,20261000825,“PINZAS PARA PROCEDIMIENTOS DE AMIGDALECTOMÍAS”,CAJA COSTARRICENSE DE SEGURO SOCIAL,07/10/2026 12:05,08/10/2026 07:00,,28/10/2026 09:00,En recepción de ofertas,En recepción de ofertas,LE,,02,4000042147,Nidia de los Ángeles Briceño Víctor,G4000042147832,00
2026LE-000005-0033700001,20261000829,ADQUISICIÓN DE COMPACTADORA Y EXCAVADORA PARA LA UNIDAD TECNICA DE GESTION VIAL,MUNICIPALIDAD DE PUERTO JIMÉNEZ,07/10/2026 12:00,08/10/2026 10:00,,22/10/2026 10:05,En recepción de ofertas,En recepción de ofertas,LE,,01,3014904283,DAYRA ANDREA CASTILLO ARIAS,G301490428300001,00
2026LD-000129-0021600001,20261000840,Contratación de equipo audiovisual para la Oficina para las personas adultas mayores y en situación de discapacidad.,MUNICIPALIDAD DE DESAMPARADOS,07/10/2026 11:56,07/10/2026 13:00,,13/10/2026 08:05,En recepción de ofertas,En recepción de ofertas,LD,,01,3014042048,Melissa Jimenez Venegas,G3014042048002,00
2026PX-000003-0001102299,20261000824,"Repuesto para centrifuga Thermo Sorvall ST/40, para el Área Salud Puerto Viejo Sarapiquí",CAJA COSTARRICENSE DE SEGURO SOCIAL,07/10/2026 11:55,08/10/2026 07:00,,14/10/2026 10:00,En recepción de ofertas,En recepción de ofertas,PX,,01,4000042147,MARILYN DAYANA HERRERA ARAYA,M4000042147132,00
2026LD-000026-0009900001,20261000683,SERVICIO DE MANTENIMIENTO PREVENTIVO Y CORRECTIVO DE LAS PLANTAS ELÉCTRICAS DEL TEATRO NACIONAL DE COSTA RICA.,TEATRO NACIONAL,07/10/2026 11:55,07/10/2026 12:00,,14/10/2026 10:01,En recepción de ofertas,En recepción de ofertas,LD,,02,3007110978,ANGIE MORA FERNÁNDEZ,G3007110978048,00
2026LD-000093-0019500001,20261000839,"EQUIPOS DE COMUNICACIÓN Y VIDEOVIGILANCIA MEDIANTE LA ADQUISICIÓN DE GRABADORES IP, CÁMARAS DE SEGURIDAD, ACCESORIOS Y MANO DE OBRA DEMANDA",MUNICIPALIDAD DE ASERRÍ,07/10/2026 11:52,08/10/2026 07:00,,13/10/2026 09:00,En recepción de ofertas,En recepción de ofertas,LD,,02,3014042045,MARISOL CHINCHILLA JIMENEZ,G3014042045029,00
2026PX-000039-0009900001,20261000697,"CONTRATACIÓN DE ESPECTÁCULO BERENICE Y EDDY A DÚO, A PRESENTARSE EN TEATRO NACIONAL TEATRO AL MEDIODIA, 2026",TEATRO NACIONAL,07/10/2026 11:49,07/10/2026 12:00,,12/10/2026 10:01,En recepción de ofertas,En recepción de ofertas,PX,,08,3007110978,ANGIE MORA FERNÁNDEZ,G3007110978048,00
2026LD-000015-0004300001,20261000800,Contratación para la Ampliación de Infraestructura de Servidores Municipales.,MUNICIPALIDAD DE CORREDORES,07/10/2026 11:43,07/10/2026 12:00,,14/10/2026 10:30,En recepción de ofertas,En recepción de ofertas,LD,,01,3014042114,Maria Cecilia Vargas Bolaños,G3014042114036,00
2026LD-000014-0004300001,20261000789,"Servicio de capacitación especializada en análisis y modelado de datos con power bi – niveles 1 y 2, y data analysis expressions (dax) para Power BI, dirigido al personal técnico",MUNICIPALIDAD DE CORREDORES,07/10/2026 11:35,07/10/2026 12:00,,14/10/2026 10:00,En recepción de ofertas,En recepción de ofertas,LD,,01,3014042114,Maria Cecilia Vargas Bolaños,G3014042114036,00
2026LD-000079-0001102103,20261000134,Computadora portátil Workstation para procesamiento avanzado de imágenes médicas,CAJA COSTARRICENSE DE SEGURO SOCIAL,07/10/2026 11:34,08/10/2026 00:00,,14/10/2026 09:00,En recepción de ofertas,En recepción de ofertas,LD,,01,4000042147,ZURISADAY LEIVA BERMUDEZ,L4000042147736,00
2026LD-000078-0003100001,20261000519,COMPRA DE HERRAMIENTAS MANUALES PARA USO EN LIMPIEZA Y RECOLECCIÓN DE RESIDUOS SÓLIDOS,MUNICIPALIDAD DE PUNTARENAS,07/10/2026 11:34,07/10/2026 12:00,,12/10/2026 12:00,En recepción de ofertas,En recepción de ofertas,LD,,01,3014042120,LUIS EDWARD ROJAS BARRANTES,G3014042120002,00
2026XE-000834-0000400001,20260903111,S.E. Contratación Escasa Cuantia. Adquisición de unidades de aires acondicionado DG-2232-2026,INSTITUTO COSTARRICENSE DE ELECTRICIDAD,07/10/2026 11:33,08/10/2026 00:00,,15/10/2026 07:00,En recepción de ofertas,En recepción de ofertas,PE,,01,4000042139,ALONSO ENRIQUE VARGAS QUIROS,G4000042139125,00
2026LY-000045-0001102101,20261000812,"Estoquinetas tubulares, vendas sintéticas entretejidas, Vendas parainmovilizar de fibra de vidrio y kit de tracción cutánea",CAJA COSTARRICENSE DE SEGURO SOCIAL,07/10/2026 11:29,08/10/2026 00:00,,06/11/2026 09:00,En recepción de ofertas,En recepción de ofertas,LY,,02,4000042147,Rocío Sanabria Hernández,H4000042147194,00
2026LD-000041-0002900001,20261000830,Plataforma elevadora del Edificio Municipal de San Marcos de Tarrazú,MUNICIPALIDAD DE TARRAZÚ,07/10/2026 11:26,07/10/2026 12:00,,13/10/2026 10:01,En recepción de ofertas,En recepción de ofertas,LD,,08,3014042060,FLOR MARIA HERNANDEZ CAMACHO,G3014042060001,00
2026LD-000001-0055929278,20261000826,Servicios profesionales para la inspección de las obras de sustitución de la acometida e instalación eléctrica de la Casa de Funcionarios del PNMA,FIDEICOMISO DE ADMINISTRACION NUMERO N UNO UNO UNO CERO-PARQUE RECREATIVO NACIONAL PLAYAS DE MANUEL ANTONIO BANCO NACIONAL DE COSTA RICA,07/10/2026 11:23,08/10/2026 07:00,,15/10/2026 10:00,En recepción de ofertas,En recepción de ofertas,LD,,08,3112729278,RICARDO BOSQUE GONZALEZ,G311272927800004,00
2026LD-000013-0004300001,20261000793,Renovación de licencias de software de la Municipalidad de Corredores.,MUNICIPALIDAD DE CORREDORES,07/10/2026 11:21,07/10/2026 11:30,,12/10/2026 10:01,En recepción de ofertas,En recepción de ofertas,LD,,02,3014042114,Ericka Maria Castillo Concepción,G3014042114030,00
2026LD-000128-0021600001,20261000827,Especificaciones técnicas para el servicio de trabajo de remodelación del techo en las Bodegas de adquisiciones de Patarrá.,MUNICIPALIDAD DE DESAMPARADOS,07/10/2026 11:19,07/10/2026 13:00,,13/10/2026 08:05,En recepción de ofertas,En recepción de ofertas,LD,,01,3014042048,Melissa Jimenez Venegas,G3014042048002,00
2026PX-000074-0012300001,20261000512,CONGRESO ANTIFRAUDE COSTA RICA 2026,TRIBUNAL SUPREMO DE ELECCIONES,07/10/2026 11:17,08/10/2026 00:01,,14/10/2026 09:05,En recepción de ofertas,En recepción de ofertas,PX,,08,2400042156,Andrea Quesada Masís,G2400042156107,00
2026XE-000165-0001101142,20261000483,"LIDOCAINA HIDROCLORURO 2 por ciento (20 mg / g), EN JALEA, TUBO Código institucional 1-10-19-2650, Ley 6914",CAJA COSTARRICENSE DE SEGURO SOCIAL,07/10/2026 11:15,08/10/2026 07:00,,21/10/2026 10:00,En recepción de ofertas,En recepción de ofertas,PE,,02,4000042147,Katherine Sancho Poveda,L4000042147339,00
2026LE-000004-0002100006,20261000525,SERVICIO DE OPERACIÓN Y MANTENIMIENTO A LA PLANTA DE TRATAMIENTO DE AGUAS RESIDUALES CRPVMS URHN,INSTITUTO NACIONAL DE APRENDIZAJE,07/10/2026 11:13,08/10/2026 07:30,,28/10/2026 09:00,En recepción de ofertas,En recepción de ofertas,LE,,08,4000045127,NOILYN MARIA VILLALOBOS GOMEZ,G4000045127675,00
2026LD-000230-0015499999,20260900339,ADQUISICION DE 5 ESTAÑONES DE ADITVO UREA ADBLU,MUNICIPALIDAD DEL CANTÓN CENTRAL DE SAN JOSÉ,07/10/2026 11:12,07/10/2026 12:00,,14/10/2026 08:01,En recepción de ofertas,En recepción de ofertas,LD,,01,3014042058,Wilberth Umaña Peréz,G301404205858450,00
2026PX-000505-0015499999,20261000708,SERVICIO DE MANTENIMIENTO PREVENTIVO DEL ACTIVO 53198 OT 78094,MUNICIPALIDAD DEL CANTÓN CENTRAL DE SAN JOSÉ,07/10/2026 11:09,07/10/2026 12:00,,12/10/2026 08:01,En recepción de ofertas,En recepción de ofertas,PX,,08,3014042058,Wilberth Umaña Peréz,G301404205858450,00
2026LD-000017-0213302133,20261000801,SERVICIO PREPARACION DE TERRENO,CORPORACIÓN ARROCERA NACIONAL,07/10/2026 11:02,07/10/2026 11:05,,12/10/2026 10:15,En recepción de ofertas,En recepción de ofertas,LD,,01,3007075879,GILBERTH MORA HERNANDEZ,G3007075879002,00
2026LD-000056-0005900001,20261000819,Adquisición de grabador de video para la ampliación del espacio de almacenamiento de la plataforma de seguridad Lenel OnGuard,JUNTA ADMINISTRATIVA DEL REGISTRO NACIONAL,07/10/2026 11:00,07/10/2026 11:30,,14/10/2026 11:35,En recepción de ofertas,En recepción de ofertas,LD,,01,3007042030,JOSE NAVARRO ARAYA,G3007042030020,00
2026LD-000111-0023300001,20261000815,"Diseño y elaboración de confección de elementos publicitarios, impresos e informativos",MUNICIPALIDAD DE SAN RAFAEL DE HEREDIA,07/10/2026 11:00,07/10/2026 12:00,,14/10/2026 10:15,En recepción de ofertas,En recepción de ofertas,LD,,02,3014042095,Floribeth Chaves Ramirez,G3014042095001,00
2026LD-000127-0021600001,20261000809,Compra de cajas plásticas y pichingas para combustible. Unidad de Gestión del Riesgo -CME,MUNICIPALIDAD DE DESAMPARADOS,07/10/2026 10:50,07/10/2026 13:00,,13/10/2026 08:05,En recepción de ofertas,En recepción de ofertas,LD,,01,3014042048,Melissa Jimenez Venegas,G3014042048002,00
2026LD-000092-0019500001,20261000811,Compra de contenedores para la clasificación de los residuos sólidos,MUNICIPALIDAD DE ASERRÍ,07/10/2026 10:50,08/10/2026 07:00,,13/10/2026 09:00,En recepción de ofertas,En recepción de ofertas,LD,,02,3014042045,MARISOL CHINCHILLA JIMENEZ,G3014042045029,00
2026XE-000174-0001000001,20261000797,"Proc Deriv 2026XE-000011 Cont urg de agencias de publicidad para brindar Serv de mercadeo, comunicación y public para diferentes campañas del INS bajo conv marco",INSTITUTO NACIONAL DE SEGUROS,07/10/2026 10:37,07/10/2026 11:00,,15/10/2026 10:01,En recepción de ofertas,En recepción de ofertas,PE,,02,4000001902,Karen Isabel Ramírez Zúñiga,G4000001902661,00
2026LD-000028-0025700001,20260903597,Adquisición de software para la gestión y seguimiento de recomendaciones de la Auditoría Interna Municipal.,MUNICIPALIDAD DE SIQUIRRES,07/10/2026 10:36,07/10/2026 15:00,,14/10/2026 15:01,En recepción de ofertas,En recepción de ofertas,LD,,01,3014042126,SONIA VANESSA ABARCA SOLIS,G3014042126004,00
2026LD-000021-0023600001,20261000796,CONTRATACIÓN SOPORTE BASE DE DATOS SISTEMA CONTABLE MUNICIPAL,MUNICIPALIDAD DE CAÑAS,07/10/2026 10:24,08/10/2026 08:00,,12/10/2026 09:01,En recepción de ofertas,En recepción de ofertas,LD,,02,3014042101,Alvaro Chaverri Dobles,G3014042101005,00
2026LD-000020-0012400001,20261000206,Adquisición de tinta serigráfica color negro y su diluyente,MINISTERIO DE OBRAS PÚBLICAS Y TRANSPORTES,07/10/2026 10:23,07/10/2026 15:00,,14/10/2026 10:30,En recepción de ofertas,En recepción de ofertas,LD,,01,2100042008,MARIANA MORALES MONGE,G2100042008322,00
2026LD-000091-0019500001,20261000794,Adquisición de dos (2) Tablets de Campo para Inspección Municipal con Kit de Accesorios y Garantía.,MUNICIPALIDAD DE ASERRÍ,07/10/2026 10:04,08/10/2026 07:00,,13/10/2026 09:00,En recepción de ofertas,En recepción de ofertas,LD,,01,3014042045,MARISOL CHINCHILLA JIMENEZ,G3014042045029,00
2026LD-000069-0010900001,20261000763,"Const. de 200 metros lineales cubierta y mejoramiento canal pluvial del Paseo Mediterráneo, distrito Llanos de Santa Lucía",MUNICIPALIDAD DE PARAÍSO,07/10/2026 10:01,07/10/2026 14:00,,14/10/2026 14:00,En recepción de ofertas,En recepción de ofertas,LD,,01,3014042086,LIZA MARÍA LORÍA SOLANO,G301404208686075,00
2026LD-000110-0023300001,20261000792,Compra de materiales para abastecimiento de inventario de Bodega,MUNICIPALIDAD DE SAN RAFAEL DE HEREDIA,07/10/2026 09:54,07/10/2026 10:00,,14/10/2026 10:05,En recepción de ofertas,En recepción de ofertas,LD,,02,3014042095,Floribeth Chaves Ramirez,G3014042095001,00
2026LD-000190-0017699999,20261000515,COMPRA DE LIBROS PAC I-2027,UNIVERSIDAD ESTATAL A DISTANCIA,07/10/2026 09:48,07/10/2026 10:00,,14/10/2026 09:01,En recepción de ofertas,En recepción de ofertas,LD,,01,4000042151,CARLOS STEVE BRIZUELA AVILA,G4000042151003,00
2026XE-000173-0001000001,20261000600,"Proc deriv 2026XE-000011- “Cont urg de agencias de public para brindar serv de mercadeo, comunicación y publicidad para las diferentes campañas del INS bajo conv marco”",INSTITUTO NACIONAL DE SEGUROS,07/10/2026 09:42,07/10/2026 10:00,,09/10/2026 10:01,En recepción de ofertas,En recepción de ofertas,PE,,02,4000001902,Natalia Saborío Núñez,G4000001902785,00
2026LD-000062-0004800001,20261000605,SERVICIO DE ALQUILER SEGÚN DEMANDA DE HAND HELD E IMPRESORA,MUNICIPALIDAD DE LA UNIÓN,07/10/2026 09:42,07/10/2026 11:00,,14/10/2026 11:00,En recepción de ofertas,En recepción de ofertas,LD,,02,3014042083,KRISTIN REBECA CORTES MORALES,G3014042083003,00
2026LD-000061-0004800001,20261000612,"Recolección, transporte, tratamiento y disposición final de residuos peligrosos generados en el Centro de Bienestar Animal",MUNICIPALIDAD DE LA UNIÓN,07/10/2026 09:40,07/10/2026 10:30,,14/10/2026 10:30,En recepción de ofertas,En recepción de ofertas,LD,,02,3014042083,KRISTIN REBECA CORTES MORALES,G3014042083003,00
2026LD-000060-0004800001,20261000491,Adquisición de alimentos y suplementos nutricionales para animales del Centro de Bienestar Animal Municipal,MUNICIPALIDAD DE LA UNIÓN,07/10/2026 09:37,07/10/2026 10:00,,14/10/2026 10:00,En recepción de ofertas,En recepción de ofertas,LD,,02,3014042083,KRISTIN REBECA CORTES MORALES,G3014042083003,00
2026LD-000327-0000900001,20261000766,Mantenimiento del Auditorio de la Estación Experimental Fabio Baudrit Moreno,UNIVERSIDAD DE COSTA RICA,07/10/2026 09:31,07/10/2026 09:32,,14/10/2026 10:00,En recepción de ofertas,En recepción de ofertas,LD,,18,4000042149,JOSUE DAVID SEGURA HERNANDEZ,G4000042149009,00
2026LE-000009-0000700001,20261000577,Contratación del Servicio de Seguridad Privada Armada para las Instalaciones de la Municipalidad de Grecia bajo modalidad según demanda.,MUNICIPALIDAD DE GRECIA,07/10/2026 09:29,07/10/2026 09:30,,15/10/2026 09:35,En recepción de ofertas,En recepción de ofertas,LE,,02,3014042066,KAREN TATIANA BARRANTES BARRANTES,G3014042066070,00
2026LE-000002-0028500001,20261000508,Mantenimiento y rehabilitación de la red vial en el Distrito de Cóbano por demanda.,CONCEJO MUNICIPAL DE DISTRITO DE COBANO,07/10/2026 09:27,07/10/2026 11:00,,21/10/2026 11:00,En recepción de ofertas,En recepción de ofertas,LE,,02,3007078297,JACQUELINE RODRIGUEZ RODRIGUEZ,G3007078297001,00
2026LD-000022-0029254321,20261000782,Construcción de tanque de reserva de agua potable e instalación de toma de succión,CONCEJO MUNICIPAL DE CERVANTES,07/10/2026 09:26,07/10/2026 09:45,,14/10/2026 09:01,En recepción de ofertas,En recepción de ofertas,LD,,01,3007078499,ANDREA CAROLINA RODRIGUEZ AGUIRRE,G3007078499002,00
2026LD-000020-0023100001,20261000781,Contratación de servicios de producción de eventos para actividades Culturales de la Municipalidad de Curridabat para finales del año 2026 e inicios del año 2027,MUNICIPALIDAD DE CURRIDABAT,07/10/2026 09:19,07/10/2026 09:20,,14/10/2026 10:01,En recepción de ofertas,En recepción de ofertas,LD,,01,3014042047,IVAN ALBERTO ZAMORA MONTOYA,G3014042047002,00
2026LE-000010-0004700001,20261000413,"Contratación para mejoramiento del gimnasio multiusos de la Ciudad Deportiva, Cultural y Turística Hugo Millet Carranza Arce",MUNICIPALIDAD DEL CANTÓN DE ESPARZA,07/10/2026 09:15,08/10/2026 07:00,,21/10/2026 09:00,Objetado,Objetado,LE,,15,3014042115,Marianella Suárez Soto,G3014042115070,00
2026XE-000048-0001700001,20261000735,Foro Eficiencia Logística,PROMOTORA DEL COMERCIO EXTERIOR DE COSTA RICA,07/10/2026 09:13,07/10/2026 10:00,,14/10/2026 10:00,En recepción de ofertas,En recepción de ofertas,PE,,01,3007196350,MARIO AGUILAR SANCHEZ,G3007196350108,00
2026LD-000090-0019500001,20261000778,Contratación de Servicios médico veterinario para las campañas de castración,MUNICIPALIDAD DE ASERRÍ,07/10/2026 09:12,08/10/2026 07:00,,13/10/2026 09:00,En recepción de ofertas,En recepción de ofertas,LD,,02,3014042045,MARISOL CHINCHILLA JIMENEZ,G3014042045029,00
2026PX-000041-0003400001,20261000780,"  Publicación de la actualización de valores, directrices y disposiciones técnicas emitidas por el Órgano de Normalización Técnica.",MUNICIPALIDAD DE MONTES DE OCA,07/10/2026 09:11,07/10/2026 09:15,,12/10/2026 10:00,En recepción de ofertas,En recepción de ofertas,PX,,01,3014042053,YEIMY ELIZONDO VALERIO,G3014042053101,00
2026PX-000037-0008000001,20261000670,CAPACITACIÓN DE FAMILIARIZACIÓN CON REVÓLVER CALIBRE .38 PARA OFICIALES DE SEGURIDAD SINABI,MINISTERIO DE CULTURA JUVENTUD,07/10/2026 09:05,08/10/2026 00:00,,14/10/2026 09:00,En recepción de ofertas,En recepción de ofertas,PX,,08,2100042001,Wendy Marcela Torralba Tercero,G2100042001108,00
2026LD-000007-0017200001,20261000639,"Mantenimiento preventivo, correctivo y adquisición de bomba de agua",INSTITUTO NACIONAL DE FOMENTO COOPERATIVO,07/10/2026 09:04,07/10/2026 09:30,,14/10/2026 09:30,En recepción de ofertas,En recepción de ofertas,LD,,01,4000045015,SUSAN CORDOBA FERNANDEZ,G4000045015034,00
2026LE-000090-0001102102,20261000619,MALLAS Y SUTURAS CIRUGIA GENERAL,CAJA COSTARRICENSE DE SEGURO SOCIAL,07/10/2026 08:51,08/10/2026 00:00,,21/10/2026 08:30,En recepción de ofertas,En recepción de ofertas,LE,,02,4000042147,ANA GABRIELA VILLALTA VENEGAS,H4000042147058,00
2026LD-000016-0005800001,20261000291,Adquisición de Caja fuerte para Auditoría Interna,INSTITUTO NACIONAL DE VIVIENDA Y URBANISMO,07/10/2026 08:50,08/10/2026 07:30,,14/10/2026 11:01,En recepción de ofertas,En recepción de ofertas,LD,,01,4000042134,ANDREA MARIA BARRANTES QUIROS,G4000042134062,00
2026LD-000082-0041342028,20261000731,Accesorios de Computadora- Tablet,EMPRESA DE SERVICIOS PÚBLICOS DE HEREDIA SOCIEDAD ANÓNIMA,07/10/2026 08:50,07/10/2026 17:00,,15/10/2026 07:01,En recepción de ofertas,En recepción de ofertas,LD,,02,3101042028,Nancy Pamela Jiménez Brenes,G310104202828132,00
2026LD-000042-0007300001,20261000441,Herramientas e instrumentos,MINISTERIO DE EDUCACIÓN PUBLICA,07/10/2026 08:45,08/10/2026 08:00,,14/10/2026 07:30,En recepción de ofertas,En recepción de ofertas,LD,,01,2100042002,Kimberly Murillo Salas,G2100042002219,00
2026LD-000020-0001102503,20261000693,“SUSTITUCIÓN DEL SISTEMA DE ILUMINACIÓN EXTERIOR PARA EL FORTALECIMIENTO DE LA SEGURIDAD PERIMETRAL DEL HOSPITAL LA ANEXIÓN”,CAJA COSTARRICENSE DE SEGURO SOCIAL,07/10/2026 08:41,08/10/2026 07:00,,14/10/2026 10:00,En recepción de ofertas,En recepción de ofertas,LD,,01,4000042147,Auren Guadamuz Zuñiga,N400004214701680,00
2026LD-000036-0000900006,20261000406,Renovación del licenciamiento de la suscripción de conmutadores y puntos de acceso de la infraestructura de la RedUCR,UNIVERSIDAD DE COSTA RICA,07/10/2026 08:39,07/10/2026 11:00,,14/10/2026 11:00,En recepción de ofertas,En recepción de ofertas,LD,,01,4000042149,Patricia Vásquez Araya,G4000042149193,00
2026LD-000039-0003400001,20261000771,Adquisición de suscripción de licencia STREAMYARD Advanced,MUNICIPALIDAD DE MONTES DE OCA,07/10/2026 08:33,07/10/2026 08:45,,12/10/2026 10:00,En recepción de ofertas,En recepción de ofertas,LD,,08,3014042053,YEIMY ELIZONDO VALERIO,G3014042053101,00
2026LD-000218-0018962008,20260903957,L-352-2026 MANTENIMIENTO PREVENTIVO SISTEMA DE AGUA POTABLE ECOCAMPUS SSC,UNIVERSIDAD TÉCNICA NACIONAL,07/10/2026 08:26,08/10/2026 08:00,,14/10/2026 10:05,En recepción de ofertas,En recepción de ofertas,LD,,08,3007556085,VICENTE FLORES VARGAS,G3007556085020,00
2026PX-000170-0015700007,20261000761,Inscripción: SC.2026-0348_Curso Fotografía Avanzada II,BANCO DE COSTA RICA,07/10/2026 08:24,07/10/2026 08:30,,09/10/2026 12:00,En recepción de ofertas,En recepción de ofertas,PX,,01,4000000019,Ruth Angulo Barrantes,G4000000019901,00
2026LY-000017-0021400001,20260701242,"21400001 SUSPENSIÓN DE SER. POR MOROSIDAD, ELIMINACIÓN DE FRAUDES Y RECONEXIÓN DE SERVICIOS",INSTITUTO COSTARRICENSE DE ACUEDUCTOS Y ALCANTARILLADOS,07/10/2026 08:21,08/10/2026 07:00,,18/11/2026 09:05,En recepción de ofertas,En recepción de ofertas,LY,,02,4000042138,ROSIBEL CAMPOS CHAVARRIA,G4000042138369,00
2026LD-000089-0019500001,20261000757,DGAB-019-18-2026. Compra de motoguadañas para funciones operativas del acueducto municipa,MUNICIPALIDAD DE ASERRÍ,07/10/2026 08:20,08/10/2026 07:00,,13/10/2026 09:00,En recepción de ofertas,En recepción de ofertas,LD,,02,3014042045,MARISOL CHINCHILLA JIMENEZ,G3014042045029,00
2026LD-000050-0023700001,20261000764,"Contratación de servicio de Instalación, Mantenimiento Preventivo y Correctivo de Equipos de Aires Acondicionados para edificios Municipales",MUNICIPALIDAD DE QUEPOS,07/10/2026 08:14,07/10/2026 09:00,,14/10/2026 10:05,En recepción de ofertas,En recepción de ofertas,LD,,02,3014042111,Jonathan Mesén Jiménez,G3014042111001,00
2026XE-000833-0000400001,20260904029,S.E Contratación Directa De Escasa Cuantía Adquisición de Insumos de Perforación / P.E / GE-346 / DISA,INSTITUTO COSTARRICENSE DE ELECTRICIDAD,07/10/2026 08:13,08/10/2026 00:00,,15/10/2026 07:30,En recepción de ofertas,En recepción de ofertas,PE,,01,4000042139,YENDRY MARIA AMADOR NUÑEZ,H400004213901023,00
2026LD-000217-0018962008,20261000694,L-388-2026 SERVICIOS DE ALIMENTACION,UNIVERSIDAD TÉCNICA NACIONAL,07/10/2026 08:08,08/10/2026 10:00,,14/10/2026 10:05,En recepción de ofertas,En recepción de ofertas,LD,,08,3007556085,ALEJANDRA SALAZAR MADRIGAL,G3007556085007,00
2026LD-000216-0018962008,20260903950,L-338-2026  SERVICIO DE MANTENIMIENTO PREVENTIVO Y CORRECTIVO DEL SISTEMA DE VIDEOVIGILANCIA SEDE SAN CARLOS,UNIVERSIDAD TÉCNICA NACIONAL,07/10/2026 08:03,08/10/2026 08:00,,14/10/2026 10:05,Objetado,Objetado,LD,,08,3007556085,VICENTE FLORES VARGAS,G3007556085020,00
2026LD-000050-0022200208,20261000703,Adquisición de materiales ferreteros Gestión Ambiental,MUNICIPALIDAD DEL CANTÓN DE POAS,07/10/2026 07:49,07/10/2026 10:00,,14/10/2026 10:00,En recepción de ofertas,En recepción de ofertas,LD,,01,3014042073,ADRIANA DIAZ MURILLO,G3014042073002,00
2026LE-000020-0015600001,20260900850,PAPEL DE SEGURIDAD CON MARCA DE AGUA Y BOLIGRAFOS VERIFICADORES SEGUN DEMANDA,JUNTA DE PROTECCIÓN SOCIAL,07/10/2026 07:48,07/10/2026 08:00,,28/10/2026 08:00,En recepción de ofertas,En recepción de ofertas,LE,,02,3007045617,JAVIER ENRIQUE SEQUEIRA USEDA,G300704561700189,00
2026LD-000049-0022200208,20261000679,Adquisición de Instrumentos Musicales,MUNICIPALIDAD DEL CANTÓN DE POAS,07/10/2026 07:48,07/10/2026 10:00,,14/10/2026 10:00,En recepción de ofertas,En recepción de ofertas,LD,,01,3014042073,ADRIANA DIAZ MURILLO,G3014042073002,00
2026LD-000027-0002100007,20261000390,Mantenimiento y reparación de balsas salvavidas,INSTITUTO NACIONAL DE APRENDIZAJE,07/10/2026 07:44,08/10/2026 07:30,,14/10/2026 09:01,En recepción de ofertas,En recepción de ofertas,LD,,08,4000045127,JORGE MARIO BOGANTES ALVARADO,G4000045127102,00
2026LD-000057-0000700001,20260903091,Compra de insumos para sublimación,MUNICIPALIDAD DE GRECIA,07/10/2026 07:43,07/10/2026 07:50,,14/10/2026 07:55,En recepción de ofertas,En recepción de ofertas,LD,,02,3014042066,KAREN TATIANA BARRANTES BARRANTES,G3014042066070,00
2026LD-000082-0011900001,20261000756,CAMBIO DE LA CUBIERTA DE TECHO DE LOCALES COMERCIALES DE LA PARADA MUNICIPAL,MUNICIPALIDAD DE LIBERIA,07/10/2026 07:42,07/10/2026 08:00,,14/10/2026 09:01,En recepción de ofertas,En recepción de ofertas,LD,,01,3014042106,JUAN PABLO MORA ULLOA,G3014042106001,00
2026LD-000029-0024250801,20261000755,COMPRA DE PLAYGROUNDS PARA EL CANTÓN DE TILARÁN- SEGUNDA ETAPA,MUNICIPALIDAD DE TILARÁN,07/10/2026 07:40,07/10/2026 09:00,,13/10/2026 14:00,En recepción de ofertas,En recepción de ofertas,LD,,01,3014042110,Yesenia Sibaja Alvarado,G3014042110004,00
2026LD-000068-0010900001,20261000730,SERS-036-2026. Reparación y reconstrucción de acceso peatonal y cerramiento del Cementerio Municipal de Paraíso.,MUNICIPALIDAD DE PARAÍSO,07/10/2026 07:21,07/10/2026 08:00,,13/10/2026 08:00,En recepción de ofertas,En recepción de ofertas,LD,,18,3014042086,LIZA MARÍA LORÍA SOLANO,G301404208686075,00
2026LD-000025-0000900010,20261000750,"CONTRATACIÓN DE SERVICIOS DE ALQUILER, SEGÚN DEMANDA, DE TOLDOS, MESAS, SILLAS Y MANTELERÍA PARA LA ATENCIÓN DE ACTIVIDADES INSTITUCIONALES EN LA SEDE DE OCCIDENTE",UNIVERSIDAD DE COSTA RICA,06/10/2026 23:56,07/10/2026 00:01,,12/10/2026 00:01,En recepción de ofertas,En recepción de ofertas,LD,,02,4000042149,DINNIA VARGAS MORA,G4000042149731,00
2026LD-000280-0006300001,20261000743,2026LD-0000215-APITCR “Servicio de Alimentación para actividades FESTEC en el Campus Central Cartago”,INSTITUTO TECNOLÓGICO DE COSTA RICA,06/10/2026 20:08,07/10/2026 07:30,,09/10/2026 14:00,En recepción de ofertas,En recepción de ofertas,LD,,01,4000042145,Yerlyn Francini Ortega Camacho,G4000042145028,00
2026LD-000012-0005700001,20261000748,Contratación del servicio de fumigación para las instalaciones administradas por el CCDRBelén.,COMITÉ CANTONAL DE DEPORTES DE BELÉN,06/10/2026 19:49,07/10/2026 07:00,,14/10/2026 07:31,Objetado,Objetado,LD,,02,3007078158,DANIEL ANTONIO RODRIGUEZ VEGA,G3007078158013,00
2026LE-000069-0001102104,20261000648,"Compra de Mantenimiento Preventivo y Correctivo de Cámaras deRefrigeración, Equipo descongelador de plasma, Cabina de flujo laminar ysus respectivos repuestos. (CEM-136).",CAJA COSTARRICENSE DE SEGURO SOCIAL,06/10/2026 19:41,07/10/2026 00:00,,27/10/2026 10:00,En recepción de ofertas,En recepción de ofertas,LE,,08,4000042147,Jenyfer Irene Obando Madrigal,N400004214701376,00
2026LD-000017-0048700001,20261000655,Contratación de entrenador/a para la disciplina de Taekwondo en la rama masculina y femenina en el CCDR Tibás.,COMITÉ CANTONAL DE DEPORTES Y RECREACIÓN DE TIBÁS,06/10/2026 19:11,07/10/2026 08:00,,10/10/2026 00:01,En recepción de ofertas,En recepción de ofertas,LD,,08,3007092170,HENDRICK JOSE ROJAS RETANA,G300709217070006,00
2026LD-000011-0005700001,20261000747,Realización de Drenaje y Tanque Séptico para el Polideportivo de Belén,COMITÉ CANTONAL DE DEPORTES DE BELÉN,06/10/2026 18:37,07/10/2026 07:00,,12/10/2026 12:01,En recepción de ofertas,En recepción de ofertas,LD,,08,3007078158,DANIEL ANTONIO RODRIGUEZ VEGA,G3007078158013,00
2026LD-000136-0003600001,20261000589,COMPRA DE ÚTILES ESCOLARES PARA NIÑOS EN CONDICIÓN DE VULNERABILIDAD,MUNICIPALIDAD DE SAN CARLOS,06/10/2026 16:58,06/10/2026 23:59,,13/10/2026 09:00,En recepción de ofertas,En recepción de ofertas,LD,,01,3014042074,NERSY ROCIO ARCE ARAYA,G3014042074004,00
2026LD-000019-0022100001,20261000701,Mantenimiento preventivo y correctivo del sistema de seguridad para la Procuraduría General de la República,PROCURADURÍA GENERAL DE LA REPUBLICA,06/10/2026 16:54,06/10/2026 17:00,,13/10/2026 10:05,En recepción de ofertas,En recepción de ofertas,LD,,02,2100772105,KEVIN ALEXANDER GUTIERREZ RIVERA,G2100772105024,00
2026LD-000179-0001300002,20261000734,"Compra e Instalación de Muebles Modulares (incluye Accesorios) para el Juzgado Civil, la Oficina de Jueces y Técnicos Supernumerarios de Tribunales de Santa Cruz.",CORTE SUPREMA DE JUSTICIA-PODER JUDICIAL,06/10/2026 16:24,07/10/2026 07:00,,14/10/2026 08:00,En recepción de ofertas,En recepción de ofertas,LD,,01,2300042155,Carlos Luis Rodríguez Gorgona,G2300042155325,00
2026LE-000049-0001102103,20261000717,"Compra de set de bloqueo, bolsas de presión y circuitos Anestesia HNN.",CAJA COSTARRICENSE DE SEGURO SOCIAL,06/10/2026 16:23,07/10/2026 07:00,,20/10/2026 09:00,En recepción de ofertas,En recepción de ofertas,LE,,02,4000042147,JOHANNA MARIA GUADAMUZ DELGADO,H4000042147404,00
2026LD-000058-0005300001,20261000729,Alquiler de medios y espacios publicitarios Aeroportuarios para tiendas Duty Free del IMAS,INSTITUTO MIXTO DE AYUDA SOCIAL,06/10/2026 16:09,06/10/2026 17:00,,14/10/2026 07:31,En recepción de ofertas,En recepción de ofertas,LD,,08,4000042144,LAURA MARIA CISNEROS RUIZ,G4000042144189,00
2026LD-000018-0001102703,20261000558,Compra de Utensilios de Cocina,CAJA COSTARRICENSE DE SEGURO SOCIAL,06/10/2026 16:08,07/10/2026 00:00,,14/10/2026 12:00,En recepción de ofertas,En recepción de ofertas,LD,,02,4000042147,HEBER SALAS VALVERDE,G4000042147507,00
2026LD-000178-0001300002,20261000722,Mantenimiento preventivo y correctivo del sistema de bombeo de los Tribunales de Justicia de Cartago.,CORTE SUPREMA DE JUSTICIA-PODER JUDICIAL,06/10/2026 16:07,07/10/2026 00:00,,13/10/2026 07:30,En recepción de ofertas,En recepción de ofertas,LD,,01,2300042155,MARIA GABRIELA ZELAYA QUIROS,G2300042155137,00
2026PX-000005-0015300001,20261000728,Campaña Publicitaria Radio 2026,CORPORACIÓN GANADERA,06/10/2026 16:01,07/10/2026 00:00,,09/10/2026 12:00,En recepción de ofertas,En recepción de ofertas,PX,,08,3007249938,Delany Mussio Rojas,G3007249938025,00
2026LE-000016-0015499999,20260902823,ADQUISICIÓN DE CAMIÓN PARA DISTRIBUCIÓN DE EMULSIÓN ASFÁLTICA,MUNICIPALIDAD DEL CANTÓN CENTRAL DE SAN JOSÉ,06/10/2026 16:01,06/10/2026 16:15,,15/10/2026 09:01,En recepción de ofertas,En recepción de ofertas,LE,,01,3014042058,MARIO CESAR SEGURA ALFARO,G3014042058007,00
2026LD-000037-0004611901,20261000617,"SERVICIO DE ALIMENTACIÓN, MOBILIARIO, SONIDO, DECORACIÓN Y TOLDOS PARA ACTIVIDADES DE PERSONA ADULTA MAYOR, DERECHOS DE PERSONAS CON DISCAPACIDAD Y NO VIOLENCIA CONTRA LA MUJER",MUNICIPALIDAD DE PÉREZ ZELEDÓN,06/10/2026 16:01,07/10/2026 00:00,,13/10/2026 10:00,En recepción de ofertas,En recepción de ofertas,LD,,01,3014042056,JULIAN FALLAS CARVAJAL,G3014042056005,00
2026LD-000117-0001000001,20260903742,Adquisición de Suministros para el Departamento de Comunicaciones,INSTITUTO NACIONAL DE SEGUROS,06/10/2026 15:58,06/10/2026 16:00,,13/10/2026 10:01,En recepción de ofertas,En recepción de ofertas,LD,,01,4000001902,QUIUMAR ANTONY FERNANDEZ LOPEZ,G4000001902128,00
2026LE-000012-0014400001,20261000505,"Computadora portátil MacBook, monitor y accesorios según demanda y con cuantía estimada",INSTITUTO NACIONAL DE ESTADÍSTICA Y CENSOS,06/10/2026 15:57,07/10/2026 09:00,,16/10/2026 13:00,En recepción de ofertas,En recepción de ofertas,LE,,02,3007241710,JOSE ANGEL CABRERA COREA,G3007241710003,00
2026LE-000008-0021500001,20261000718,"SERVICIO DE MANTENIMIENTO PREVENTIVO Y CORRECTIVO PARA LA FLOTA VEHICULAR DE LA MUNICIPALIDAD DE UPALA, SEGÚN DEMANDA, POR UN AÑO PRORROGABLE A TRES AÑOS",MUNICIPALIDAD DE UPALA,06/10/2026 15:53,07/10/2026 00:00,,15/10/2026 10:00,En recepción de ofertas,En recepción de ofertas,LE,,02,3014042077,CARLOS ALEXANDER NOGUERA CASTILLO,G3014042077013,00
2026XE-000832-0000400001,20260903893,"S.E-Contratación Directa de Escasa Cuantía -Adquisición de Servicio de alquiler de vehículos tipo camión cuadrillero, doble cabina 4x4 Cañas-Guayabal/DISA/GE-294",INSTITUTO COSTARRICENSE DE ELECTRICIDAD,06/10/2026 15:49,07/10/2026 00:00,,14/10/2026 07:30,En recepción de ofertas,En recepción de ofertas,PE,,01,4000042139,JASON ABRAHAM CECILIANO FERNANDEZ,G4000042139387,00
2026LD-000229-0015499999,20261000575,Contratación de servicios profesionales para impartir 4 talleres de sensibilización y concientización,MUNICIPALIDAD DEL CANTÓN CENTRAL DE SAN JOSÉ,06/10/2026 15:47,07/10/2026 00:00,,13/10/2026 09:01,Objetado,Objetado,LD,,01,3014042058,NATALIA DE LOS ANGELES SANCHEZ NARANJO,G3014042058184,00
2026LD-000049-0023700001,20261000723,Contratación de servicio de Suministro e Instalación de Puertas y Ventanas en Vidrio Bajo la Modalidad Según Demanda,MUNICIPALIDAD DE QUEPOS,06/10/2026 15:39,06/10/2026 15:50,,12/10/2026 10:05,En recepción de ofertas,En recepción de ofertas,LD,,02,3014042111,Jonathan Mesén Jiménez,G3014042111001,00
2026LD-000059-0002300005,20261000682,Construcción de dos Cocinas Comunales en Cuatro Esquinas y La Rambla Horquetas de Sarapiquí,MUNICIPALIDAD DE SARAPIQUÍ,06/10/2026 15:39,06/10/2026 16:00,,12/10/2026 16:00,En recepción de ofertas,En recepción de ofertas,LD,,01,3014042098,ADILIA SANCHEZ MONTOYA,G3014042098043,00
2026PX-000019-0022100001,20261000642,Capacitación Inteligencia Emocional aplicada al Servicio al Cliente,PROCURADURÍA GENERAL DE LA REPUBLICA,06/10/2026 15:35,07/10/2026 07:30,,13/10/2026 10:05,En recepción de ofertas,En recepción de ofertas,PX,,01,2100772105,Karina Vargas López,G2100772105004,00
2026LD-000067-0010900001,20261000715,Contratación según demanda para la adquisición de Uniformes de Trabajo para los colaboradores de la Municipalidad de Paraíso 2026.,MUNICIPALIDAD DE PARAÍSO,06/10/2026 15:34,06/10/2026 15:45,,12/10/2026 15:45,Objetado,Objetado,LD,,02,3014042086,LIZA MARÍA LORÍA SOLANO,G301404208686075,00
2026LD-000027-0020600003,20261000659,SOLICITUD DE SERVICIOS EN EJECUCIÓN CONTRACTUAL PRECALIFIACIÓN PROCEDIMIENTO MADRE 2025LY-000010-0020600001 Solicitud de Servicios DDP-353-2026,BANCO POPULAR Y DE DESARROLLO COMUNAL,06/10/2026 15:34,06/10/2026 16:30,,09/10/2026 10:00,En recepción de ofertas,En recepción de ofertas,LD,,02,4000042152,GENESIS RAMIREZ AMADOR,G400004215200455,00
2026LD-000041-0021500001,20261000710,"EVALUACIÓN ECOLÓGICA RAPIDA E IMPACTO AMBIENTAL DEL REFUGIO NACIONAL DE VIDA SILVESTRE LAS CAMELIAS, ÁREA DE CONSERVACIÓN ARENAL-HUETAR NORTE, UPALA, COSTA RICA",MUNICIPALIDAD DE UPALA,06/10/2026 15:33,07/10/2026 00:00,,13/10/2026 10:00,En recepción de ofertas,En recepción de ofertas,LD,,01,3014042077,KENDER FEDERICO ABARCA GUTIERREZ,G3014042077046,00
2026LD-000065-0008000001,20261000541,"Compra de regletas, extensiones eléctricas, cables HDMI y teclado para las Casas y Centros de la Cultura de la Dirección de Gestión Sociocultural",MINISTERIO DE CULTURA JUVENTUD,06/10/2026 15:30,07/10/2026 00:00,,13/10/2026 09:00,En recepción de ofertas,En recepción de ofertas,LD,,01,2100042001,Dunia Valdelomar Mora,G2100042001122,00
2026LD-000073-0003300001,20261000657,Compra de productos metálicos y materiales para la construcción,MUNICIPALIDAD DE MORAVIA,06/10/2026 15:25,06/10/2026 15:30,,13/10/2026 10:05,En recepción de ofertas,En recepción de ofertas,LD,,01,3014042055,Silvia Díaz Soto,G301404205500099,00
2026LD-000006-0042100001,20261000711,"“CONTRATACION PARA LA ADQUISICION DE 16 TINTAS EPSON WORK FORCE PRO C5810 PARA LAS IMPRESORAS EN USO DE LA FEDERACIÓN OCCIDENTAL DE MUNICIPALIDADES DE ALAJUELA, FEDOMA”",FEDERACIÓN OCCIDENTAL DE LAS MUNICIPALIDADES DE ALAJUELA,06/10/2026 15:22,06/10/2026 15:30,,12/10/2026 15:30,En recepción de ofertas,En recepción de ofertas,LD,,01,3007402231,Natalia Garita Céspedes,G3007402231002,00
2026LE-000068-0001102104,20261000702,Compra de insumos para sala de Hemodinamia,CAJA COSTARRICENSE DE SEGURO SOCIAL,06/10/2026 15:18,07/10/2026 00:00,,20/10/2026 10:30,En recepción de ofertas,En recepción de ofertas,LE,,02,4000042147,Lourdes Brizuela Sánchez,H4000042147320,00
2026LD-000043-0043900001,20261000709,"Contratación para la ejecución de proyecto de mejoras, remodelación y mantenimiento de infraestructura en las instalaciones del Ecomuseo de Abangares.",MUNICIPALIDAD DE ABANGARES,06/10/2026 15:18,06/10/2026 15:30,,15/10/2026 09:00,En recepción de ofertas,En recepción de ofertas,LD,,01,3014042099,JORGE EDUARDO RODRIGUEZ PADILLA,G301404209999025,00
2026LD-000034-0007100001,20261000404,COMPRA DE ACEITE PARA MOTORES FUERA DE BORDA,MINISTERIO DE SEGURIDAD PUBLICA,06/10/2026 15:17,06/10/2026 16:00,,13/10/2026 10:00,Objetado,Objetado,LD,,21,2100042011,MARYSOL CORDERO VENEGAS,G2100042011037,00
2026LD-000120-0017500001,20261000691,Compra e instalación de play ground y máquinas de ejercicio al aire libre,MUNICIPALIDAD DE TURRIALBA,06/10/2026 15:14,06/10/2026 15:15,,12/10/2026 10:01,Objetado,Objetado,LD,,01,3014042088,Annia Lisbeth Rojas Segura,G3014042088056,00
2026LE-000032-0001102501,20261000614,Servicios de limpieza de tanques e interceptores del sistema de aguas residuales del Hospital Monseñor Sanabria,CAJA COSTARRICENSE DE SEGURO SOCIAL,06/10/2026 15:13,07/10/2026 07:00,,20/10/2026 10:01,En recepción de ofertas,En recepción de ofertas,LE,,02,4000042147,VLADIMIR LARA CAMACHO,G4000042147298,00
2026LD-000279-0006300001,20261000518,Mantenimiento Preventivo y Correctivo para barreras de Control de Acceso Vehicular en los Campus y Centros Académicos del ITCR,INSTITUTO TECNOLÓGICO DE COSTA RICA,06/10/2026 15:12,06/10/2026 15:20,,13/10/2026 08:00,En recepción de ofertas,En recepción de ofertas,LD,,08,4000042145,EVELIN BUSTOS ROJAS,G4000042145014,00
2026LD-000126-0021600001,20261000707,Compra por demanda de agregados y materiales para atención de Gestión del Riesgo y emergencias,MUNICIPALIDAD DE DESAMPARADOS,06/10/2026 15:10,06/10/2026 15:30,,14/10/2026 08:30,En recepción de ofertas,En recepción de ofertas,LD,,02,3014042048,ILIANA ZAMORA ARAYA,G3014042048001,00
2026LD-000081-0041342028,20261000622,Servicio de calibración de equipos,EMPRESA DE SERVICIOS PÚBLICOS DE HEREDIA SOCIEDAD ANÓNIMA,06/10/2026 15:09,07/10/2026 17:00,,15/10/2026 07:01,En recepción de ofertas,En recepción de ofertas,LD,,02,3101042028,Karina Vanessa Barrantes Ugalde,G310104202828174,00
2026LE-000049-0001300001,20260900408,Alquiler de un inmueble para ubicar la Defensa Pública de Siquirres,CORTE SUPREMA DE JUSTICIA-PODER JUDICIAL,06/10/2026 15:06,07/10/2026 00:00,,28/10/2026 08:30,En recepción de ofertas,En recepción de ofertas,LE,,08,2300042155,IVONNE ROCIO VALVERDE SANABRIA,G2300042155155,00
2026LD-000136-0002400001,20261000700,Contratación de servicios de mantenimiento preventivo y correctivo de máquinas de ejercicio y juegos infantiles ubicados en parques municipales.,MUNICIPALIDAD DEL CANTÓN DE SANTA ANA,06/10/2026 15:01,06/10/2026 15:10,,14/10/2026 07:45,En recepción de ofertas,En recepción de ofertas,LD,,01,3014042059,MARIO ALBERTO MORA SOTO,G3014042059085,00
2026LD-000392-0001300001,20260902780,Compra de silla dental,CORTE SUPREMA DE JUSTICIA-PODER JUDICIAL,06/10/2026 14:58,07/10/2026 00:00,,14/10/2026 08:30,En recepción de ofertas,En recepción de ofertas,LD,,01,2300042155,JOSETH DALINA GAMBOA RAMIREZ,G2300042155374,00
2026LD-000039-0009300001,20261000300,"Contratación de los servicios profesionales para realizar Manual de Clases, Manual de Cargos y Estudio de Cargas de Trabajo en el MICITT",MINISTERIO DE CIENCIA INNOVACIÓN TECNOLOGÍA Y TELECOMUNICACIONES,06/10/2026 14:55,06/10/2026 15:00,,13/10/2026 11:31,Objetado,Objetado,LD,,02,2100098311,ANDREA GUTIERREZ LOPEZ,G2100098311003,00
2026LD-000022-0006900001,20261000647,Adquisición de discos duros externos y unidades de potencia (UPS) para el DTI y refrigeradoras para las fincas para el resguardo de semillas y vacunas,MINISTERIO DE JUSTICIA Y PAZ,06/10/2026 14:51,07/10/2026 07:30,,13/10/2026 09:00,En recepción de ofertas,En recepción de ofertas,LD,,01,2100042006,INGRID NAZIRA BONILLA FUENTES,G2100042006222,00
2026LD-000391-0001300001,20260903868,Adquisición de Estación de Captura y Proceso de Imágenes Digitales de Huellas para AFIS de Archivo Criminal del O.I.J de Siquirres.,CORTE SUPREMA DE JUSTICIA-PODER JUDICIAL,06/10/2026 14:47,07/10/2026 00:00,,14/10/2026 08:00,En recepción de ofertas,En recepción de ofertas,LD,,01,2300042155,KENNETH VINICIO AGUERO JIMENEZ,G2300042155097,00
2026LD-000092-0002200001,20261000500,ADQUISICIÓN DE MOBILIARIO INFANTIL PARA EL COMEDOR ESTUDIANTIL DE LA ESCUELA ADELA RODRIGUEZ VENEGAS.,MUNICIPALIDAD DE MORA,06/10/2026 14:44,06/10/2026 15:00,,13/10/2026 10:00,En recepción de ofertas,En recepción de ofertas,LD,,01,3014042054,GEREMMY DE LOS ANGELES CHAVES MARIN,G3014042054001,00
2026LD-000233-0013000001,20261000435,Diseño acústico arquitectónico,MINISTERIO DE RELACIONES EXTERIORES Y CULTO,06/10/2026 14:43,06/10/2026 15:00,,14/10/2026 08:30,En recepción de ofertas,En recepción de ofertas,LD,,01,2100042009,RONALD JOSUE JIMENEZ BENAVIDES,G2100042009001,00
2026PX-000036-0008000001,20261000632,SERVICIOS DE TELECOMUNICACIONES DE INTERNET Y TELEFONÍA INSTITUCIONAL PARA EL SINABI,MINISTERIO DE CULTURA JUVENTUD,06/10/2026 14:41,07/10/2026 00:00,,13/10/2026 09:00,En recepción de ofertas,En recepción de ofertas,PX,,22,2100042001,ADA ISABEL PORRAS MENDEZ,G2100042001010,00
2026LD-000091-0002200001,20261000310,"SERVICIO DE MANTENIMIENTO, INSTALACION Y DESINTALACION DECORACION NAVIDEÑA EXISTENTE EN PARQUES DE COLON",MUNICIPALIDAD DE MORA,06/10/2026 14:40,06/10/2026 15:00,,13/10/2026 09:30,En recepción de ofertas,En recepción de ofertas,LD,,01,3014042054,GEREMMY DE LOS ANGELES CHAVES MARIN,G3014042054001,00
2026LD-000014-0033700001,20261000689,Adquisición de uniformes para personal de la Municipalidad de Puerto Jiménez,MUNICIPALIDAD DE PUERTO JIMÉNEZ,06/10/2026 14:40,07/10/2026 10:00,,14/10/2026 10:05,En recepción de ofertas,En recepción de ofertas,LD,,02,3014904283,DAYRA ANDREA CASTILLO ARIAS,G301490428300001,00
2026LD-000087-0019800001,20260901617,Compra de Sillas Ergonómicas,ASAMBLEA LEGISLATIVA,06/10/2026 14:35,07/10/2026 09:00,,12/10/2026 09:01,En recepción de ofertas,En recepción de ofertas,LD,,01,2200042153,JUAN ALEXANDER MARIN PORRAS,G2200042153124,00
2026LD-000278-0006300001,20261000688,“Adquisición de Equipo Fotográfico e Iluminación”,INSTITUTO TECNOLÓGICO DE COSTA RICA,06/10/2026 14:34,06/10/2026 16:00,,13/10/2026 10:00,En recepción de ofertas,En recepción de ofertas,LD,,01,4000042145,SERGIO DAY MORALES CALDERON,G4000042145022,00
2026LD-000232-0013000001,20260903822,Aires acondicionados,MINISTERIO DE RELACIONES EXTERIORES Y CULTO,06/10/2026 14:27,06/10/2026 15:00,,13/10/2026 08:30,En recepción de ofertas,En recepción de ofertas,LD,,01,2100042009,ROGER GERARDO CASCANTE RODRIGUEZ,G2100042009002,00
2026LD-000133-0023570101,20261000631,COMPRA DE IMPLEMENTOS PARA LAS CUADRILLAS DE LA UTGVM,MUNICIPALIDAD DEL CANTÓN CENTRAL DE LIMÓN,06/10/2026 14:24,07/10/2026 06:00,,09/10/2026 12:30,En recepción de ofertas,En recepción de ofertas,LD,,01,3014042123,GARY WHALON DUNN DAWKINS,G3014042123005,00
2026LD-000125-0021600001,20261000680,"Diseño y construcción de losa para ampliación de cancha multiusos en el CTP Máximo Quesada, Patarrá Desamparados. Proyecto de Presupuesto Participativo 2024.",MUNICIPALIDAD DE DESAMPARADOS,06/10/2026 14:23,06/10/2026 15:00,,14/10/2026 08:30,En recepción de ofertas,En recepción de ofertas,LD,,08,3014042048,ILIANA ZAMORA ARAYA,G3014042048001,00
2026PX-000016-0006400001,20261000640,Capacitación: Taller de Integración y Herramientas Diagnósticas para el Sector Público,COMISIÓN NACIONAL DE PRÉSTAMOS PARA EDUCACIÓN,06/10/2026 14:21,06/10/2026 14:30,,09/10/2026 14:30,En recepción de ofertas,En recepción de ofertas,PX,,08,3007045000,LLANUCCI MARINA RAMIREZ BONILLA,G3007045000003,00
2026LD-000135-0002400001,20261000660,Compra de servidor para monitoreo de la policía municipal de Santa Ana,MUNICIPALIDAD DEL CANTÓN DE SANTA ANA,06/10/2026 14:17,06/10/2026 14:20,,14/10/2026 08:00,En recepción de ofertas,En recepción de ofertas,LD,,01,3014042059,KARLA REBECA GUERRERO MORA,G3014042059005,00
2026LE-000016-0021000001,20260902832,CONSTRUCCIÓN DE OBRAS ESPECIFICAS PARA EL CANTÓN DE SANTA CRUZ,MUNICIPALIDAD DE SANTA CRUZ,06/10/2026 14:15,06/10/2026 15:55,,20/10/2026 14:00,En recepción de ofertas,En recepción de ofertas,LE,,01,3014042109,KEYLOR ANTONIO JAEN ROSALES,G3014042109004,00
2026LD-000010-0001102331,20261000222,Lidocaína Parches Transdérmicos,CAJA COSTARRICENSE DE SEGURO SOCIAL,06/10/2026 14:10,07/10/2026 00:00,,13/10/2026 08:00,En recepción de ofertas,En recepción de ofertas,LD,,02,4000042147,Esteban Quesada Vargas,G4000042147440,00
2026LD-000042-0004700001,20261000526,Contratación para servicio de instalación de sistema de protección contra caídas en el techo del Mercado Municipal,MUNICIPALIDAD DEL CANTÓN DE ESPARZA,06/10/2026 14:06,07/10/2026 07:00,,13/10/2026 09:00,En recepción de ofertas,En recepción de ofertas,LD,,01,3014042115,Marianella Suárez Soto,G3014042115070,00
2026LE-000035-0001102101,20261000613,SONDAS PARA CRIOANALGESIA,CAJA COSTARRICENSE DE SEGURO SOCIAL,06/10/2026 14:05,07/10/2026 00:00,,27/10/2026 10:00,En recepción de ofertas,En recepción de ofertas,LE,,02,4000042147,YEIMY MELISSA CASTRO NARANJO,M4000042147565,00
2026PX-000016-0023300001,20261000677,Curso de Especialización como Inspectores Municipales de Tránsito para la Municipalidad de San Rafael de Heredia,MUNICIPALIDAD DE SAN RAFAEL DE HEREDIA,06/10/2026 14:01,06/10/2026 15:30,,13/10/2026 10:05,En recepción de ofertas,En recepción de ofertas,PX,,01,3014042095,Floribeth Chaves Ramirez,G3014042095001,00
2026PX-000023-0012000001,20261000667,Obras de Teatro Sensorial,MUNICIPALIDAD DE EL GUARCO,06/10/2026 13:58,06/10/2026 15:00,,09/10/2026 10:00,En recepción de ofertas,En recepción de ofertas,PX,,01,3014042082,GREIVIN FELIPE CORDERO ARAYA,G3014042082054,00
2026PX-000015-0001102701,20261000652,MANTENIMIENTO Y REPARACIÓN DEL VEHÍCULO PLACA 200-4317,CAJA COSTARRICENSE DE SEGURO SOCIAL,06/10/2026 13:54,07/10/2026 00:00,,13/10/2026 08:01,En recepción de ofertas,En recepción de ofertas,PX,,08,4000042147,LUIS DIEGO QUIROS AZOFEIFA,H4000042147568,00
2026LD-000035-0000900006,20261000334,"Compra de tornillos, acoples y brazo de soporte",UNIVERSIDAD DE COSTA RICA,06/10/2026 13:52,06/10/2026 15:00,,12/10/2026 15:00,En recepción de ofertas,En recepción de ofertas,LD,,01,4000042149,Laura Varela Mora,G4000042149354,00
2026PX-000012-0014700001,20261000317,Contratación de servicios de capacitación en Lesco I,CONSEJO NACIONAL DE PERSONAS CON DISCAPACIDAD (CONAPDIS),06/10/2026 13:45,06/10/2026 14:00,,12/10/2026 08:31,En recepción de ofertas,En recepción de ofertas,PX,,01,3007701595,EDGAR DAVID PEREZ CASTILLO,G3007701595110,00
2026LY-000009-0001102401,20261000455,PRODUCTOS LÁCTEOS,CAJA COSTARRICENSE DE SEGURO SOCIAL,06/10/2026 13:44,07/10/2026 07:00,,27/10/2026 10:00,En recepción de ofertas,En recepción de ofertas,LY,,02,4000042147,LINCY MAYELA ALVARADO ALPIZAR,H4000042147544,00
2026LE-000010-0001102944,20261000626,Compra de accesorios según demanda,CAJA COSTARRICENSE DE SEGURO SOCIAL,06/10/2026 13:36,07/10/2026 07:00,,15/10/2026 09:00,En recepción de ofertas,En recepción de ofertas,LE,,02,4000042147,ALEJANDRA ARIAS GUTIERREZ,I4000042147684,00
2026PX-000017-0000100001,20261000664,ADQUISICIÓN DEL SERVICIO DE SOPORTE AL SOFTWARE PARA LOS CERTIFICADOS DE FIRMA DIGITAL (SINPE) EMITIDOS MEDIANTE LAS OR OFICINA DE REGISTRO DEL BNCR ,BANCO NACIONAL DE COSTA RICA,06/10/2026 13:27,07/10/2026 00:01,,14/10/2026 09:00,En recepción de ofertas,En recepción de ofertas,PX,,08,4000001021,María José Ramírez Sancho,G4000001021510,00
2026LD-000228-0015499999,20261000546,Capacitación vuelo de drone,MUNICIPALIDAD DEL CANTÓN CENTRAL DE SAN JOSÉ,06/10/2026 13:25,06/10/2026 14:00,,13/10/2026 14:01,En recepción de ofertas,En recepción de ofertas,LD,,01,3014042058,BRYANT DAVID SEGURA VADO,G3014042058386,00
2026LD-000058-0002300005,20261000665,II ETAPA PRECALIFICACIÓN: REPARAR Y ACONDICIONAR DAÑOS EN EXCAVADORA MUNICIPAL SM-5646,MUNICIPALIDAD DE SARAPIQUÍ,06/10/2026 13:23,06/10/2026 16:00,,09/10/2026 16:00,En recepción de ofertas,En recepción de ofertas,LD,,01,3014042098,Wendy Zuñiga Oses,G3014042098056,00
2026LD-000027-0040100001,20261000662,“Servicios veterinarios para la ejecución de la campaña  de castración de animales de compañía del cantón de  Bagaces.”,MUNICIPALIDAD DE BAGACES,06/10/2026 13:17,07/10/2026 00:01,,14/10/2026 08:00,En recepción de ofertas,En recepción de ofertas,LD,,02,3014042100,YEIMY PAMELA ARTAVIA GARCIA,G3014042100036,00
2026LD-000023-0014400001,20261000609,"3212 - Adquisición de chalecos, silbatos y radios walkie talkie",INSTITUTO NACIONAL DE ESTADÍSTICA Y CENSOS,06/10/2026 13:16,06/10/2026 14:00,,13/10/2026 15:01,En recepción de ofertas,En recepción de ofertas,LD,,01,3007241710,FRANCINI MONDRAGON MORA,G3007241710027,00
2026LD-000030-0001101161,20260904037,Solicitud de compra Repuestos para vehículos marca Nissan y Toyota,CAJA COSTARRICENSE DE SEGURO SOCIAL,06/10/2026 13:01,07/10/2026 00:00,,13/10/2026 09:00,En recepción de ofertas,En recepción de ofertas,LD,,01,4000042147,GEISSEL MURILLO SOLIS,J4000042147128,00
2026LD-000028-0001102702,20261000543,Mobiliario para el Area de Salud y Hospital de Golfilto,CAJA COSTARRICENSE DE SEGURO SOCIAL,06/10/2026 13:00,07/10/2026 00:00,,13/10/2026 09:00,Objetado,Objetado,LD,,01,4000042147,LIBIA YANIN ABARCA MORALES,H4000042147529,00
2026LD-000124-0021600001,20261000651,Especificaciones técnicas para la compra de materiales para el sub proceso de mantenimiento de los Edificios Municipales.,MUNICIPALIDAD DE DESAMPARADOS,06/10/2026 12:29,06/10/2026 13:00,,12/10/2026 08:05,En recepción de ofertas,En recepción de ofertas,LD,,01,3014042048,Melissa Jimenez Venegas,G3014042048002,00
2026LD-000123-0021600001,20261000644,compra de mobiliario para el Centro de Monitoreo del Área de Seguridad Ciudadana de la  Municipalidad de Desamparados,MUNICIPALIDAD DE DESAMPARADOS,06/10/2026 12:20,06/10/2026 13:00,,14/10/2026 08:30,En recepción de ofertas,En recepción de ofertas,LD,,08,3014042048,ILIANA ZAMORA ARAYA,G3014042048001,00
2026PX-000018-0022100001,20261000628,"Capacitación Las IA: PROMPT, COPILOT, CHATGPT, GEMINI",PROCURADURÍA GENERAL DE LA REPUBLICA,06/10/2026 12:17,06/10/2026 14:00,,09/10/2026 10:05,En recepción de ofertas,En recepción de ofertas,PX,,01,2100772105,Karina Vargas López,G2100772105004,00
2026LD-000117-0000900016,20261000603,Adquisición de material para la confección de mobiliario de la Escuela de Química (IIC),UNIVERSIDAD DE COSTA RICA,06/10/2026 12:02,06/10/2026 13:00,,13/10/2026 14:00,En recepción de ofertas,En recepción de ofertas,LD,,01,4000042149,Tatiana Fernández Ramírez,G4000042149138,00
2026PX-000117-0003500001,20261000530,SERVICIO DE REPARACIÓN INDETERMINADA PARA UNA ESTACIÓN METEOROLOGICA UBICADA EN LA RESERVA DE FAUNA DE CERRO DANTAS,UNIVERSIDAD NACIONAL,06/10/2026 12:01,07/10/2026 08:00,,13/10/2026 15:01,En recepción de ofertas,En recepción de ofertas,PX,,01,4000042150,EVELYN VARGAS TAMES,G4000042150030,00
2026LD-000014-0008900012,20261000234,Compra de Trituradoras de Papel,CONSEJO NACIONAL DE LA PERSONA ADULTA MAYOR,06/10/2026 11:51,07/10/2026 08:00,,12/10/2026 12:31,En recepción de ofertas,En recepción de ofertas,LD,,01,3007259107,DAVID JOSE SILVA FUENTES,G3007259107028,00
2026LD-000122-0021600001,20261000634,"Compra de materiales para construcción de rancho en el parque de la Urbanización Riberalta, Gravilias, Desamparados. Proyecto de Presupuesto Participativo 2025.",MUNICIPALIDAD DE DESAMPARADOS,06/10/2026 11:39,06/10/2026 13:00,,12/10/2026 08:05,En recepción de ofertas,En recepción de ofertas,LD,,01,3014042048,Melissa Jimenez Venegas,G3014042048002,00
2026LD-000081-0011900001,20261000627,Compra de Madera Modalidad por Demanda,MUNICIPALIDAD DE LIBERIA,06/10/2026 11:38,06/10/2026 14:00,,15/10/2026 14:20,Objetado,Objetado,LD,,02,3014042106,ADRIANA ESPINOZA MONTANO,G3014042106007,00
2026LD-000059-0004800001,20261000599,ELABORACIÓN POLÍTICA CANTONAL DE NIÑEZ Y ADOLESCEN,MUNICIPALIDAD DE LA UNIÓN,06/10/2026 11:33,06/10/2026 12:00,,13/10/2026 12:00,Objetado,Objetado,LD,,08,3014042083,KRISTIN REBECA CORTES MORALES,G3014042083003,00
2026LD-000326-0000900001,20261000363,ESPECTROFOTOMETRO UV-VIS DE MICROVOLUMEN PARA ESCUELA DE BIOLOGIA,UNIVERSIDAD DE COSTA RICA,06/10/2026 11:33,06/10/2026 14:00,,12/10/2026 09:00,En recepción de ofertas,En recepción de ofertas,LD,,01,4000042149,Bianca Arias Quirós,G4000042149803,00
2026LD-000231-0013000001,20261000504,Mobiliario de oficina para el Departamento de Pasaportes,MINISTERIO DE RELACIONES EXTERIORES Y CULTO,06/10/2026 11:28,06/10/2026 12:00,,13/10/2026 08:30,En recepción de ofertas,En recepción de ofertas,LD,,01,2100042009,LUZ MARINA AGUILAR SEGURA,G2100042009003,00
2026LD-000023-0001102705,20261000610,"Habilitación de Sala de Cirugia 3, en el Hospital San Vito Juana Pirola",CAJA COSTARRICENSE DE SEGURO SOCIAL,06/10/2026 11:19,07/10/2026 07:00,,13/10/2026 10:00,En recepción de ofertas,En recepción de ofertas,LD,,18,4000042147,ROILIN JOSE SANCHEZ CHACON,G4000042147665,00
2026LD-000134-0002400001,20261000618,Contratación de servicios de capacitación en elaboración de alimentos fermentados y alternativos,MUNICIPALIDAD DEL CANTÓN DE SANTA ANA,06/10/2026 11:15,06/10/2026 11:20,,13/10/2026 07:45,En recepción de ofertas,En recepción de ofertas,LD,,02,3014042059,MARIO ALBERTO MORA SOTO,G3014042059085,00
2026LD-000230-0013000001,20261000104,Solución de control de acceso,MINISTERIO DE RELACIONES EXTERIORES Y CULTO,06/10/2026 11:08,06/10/2026 12:00,,13/10/2026 08:30,En recepción de ofertas,En recepción de ofertas,LD,,21,2100042009,RONALD JOSUE JIMENEZ BENAVIDES,G2100042009001,00
2026LD-000080-0041342028,20261000418,Equipo Audiovisual,EMPRESA DE SERVICIOS PÚBLICOS DE HEREDIA SOCIEDAD ANÓNIMA,06/10/2026 11:01,06/10/2026 17:00,,14/10/2026 07:01,En recepción de ofertas,En recepción de ofertas,LD,,01,3101042028,Nancy Pamela Jiménez Brenes,G310104202828132,00
2026XE-000831-0000400001,20261000102,S.E- Contratación Directa de Escasa Cuantía Adquisición de químicos de uso común en lodos (DG-2341-2026),INSTITUTO COSTARRICENSE DE ELECTRICIDAD,06/10/2026 10:59,07/10/2026 00:00,,14/10/2026 07:30,En recepción de ofertas,En recepción de ofertas,PE,,01,4000042139,ANA CAROLINA RIVAS MORERA,H400004213901028,00
2026LD-000041-0004700001,20261000299,"“Dotación de contenedores para vestidores con duchas y construcción de la cancha de arena, bajo modalidad de diseño y construcción en plaza de futbol playa y voleibol en Mata Limón”",MUNICIPALIDAD DEL CANTÓN DE ESPARZA,06/10/2026 10:59,07/10/2026 00:01,,13/10/2026 13:00,En recepción de ofertas,En recepción de ofertas,LD,,18,3014042115,YULIETH DE LOS ANGELES CORTES ALVARADO,G3014042115001,00
2026LD-000189-0017699999,20261000586,SERVICIOS DE TRANSPORTE,UNIVERSIDAD ESTATAL A DISTANCIA,06/10/2026 10:46,06/10/2026 10:50,,13/10/2026 09:01,En recepción de ofertas,En recepción de ofertas,LD,,08,4000042151,ALEJANDRO ALFONSO CALVO VEGA,G4000042151104,00
2026LD-000090-0002200001,20261000487,COMPRA DE JUEGOS INTERACTIVOS GIGANTES E IMPLEMENTOS TEXTILES (TOLDO) PARA EQUIDAD Y DIVERSIDAD DE LA MUNICIPALIDAD DE MORA.,MUNICIPALIDAD DE MORA,06/10/2026 10:41,06/10/2026 11:00,,13/10/2026 09:00,En recepción de ofertas,En recepción de ofertas,LD,,01,3014042054,GEREMMY DE LOS ANGELES CHAVES MARIN,G3014042054001,00
2026LD-000025-0002500001,20261000602,COMPRA DE EQUIPO DE COMUNICACIÓN Y PRODUCCIÓN AUDIOVISUAL,MUNICIPALIDAD DE PALMARES,06/10/2026 10:40,07/10/2026 10:35,,13/10/2026 10:45,En recepción de ofertas,En recepción de ofertas,LD,,01,3014042071,NANCY KARINA MENDEZ ARCE,G3014042071017,00
2026LD-000033-0001102799,20261000475,"COMPRA DE MOBILIARIO DE OFICINA COMPRA AGRUPADA UP 2705, UP 2762, UP 2799",CAJA COSTARRICENSE DE SEGURO SOCIAL,06/10/2026 10:39,07/10/2026 07:00,,13/10/2026 10:00,En recepción de ofertas,En recepción de ofertas,LD,,01,4000042147,ELICINIO MORA BERMUDEZ,G4000042147544,00
2026LD-000089-0002200001,20260903968,COMPRA DE RETROEXCAVADORA PARA UTGV DE LA MUNICIPALIDAD DE MORA,MUNICIPALIDAD DE MORA,06/10/2026 10:39,06/10/2026 11:00,,15/10/2026 09:00,Objetado,Objetado,LD,,01,3014042054,GEREMMY DE LOS ANGELES CHAVES MARIN,G3014042054001,00
2026LD-000121-0021600001,20261000596,"Compra de materiales para mejoras varias en el Salón Comunal Barrio Alpino, San Rafael Ariba, Desamparados. Proyectos de Presupuesto Participativo 2025.",MUNICIPALIDAD DE DESAMPARADOS,06/10/2026 10:33,06/10/2026 12:00,,14/10/2026 08:30,En recepción de ofertas,En recepción de ofertas,LD,,01,3014042048,ILIANA ZAMORA ARAYA,G3014042048001,00
2026PX-000042-0003100001,20260801589,REPARACIÓN Y MANTENIMIENTO CON CANTIDAD DEFINIDA DE REPUESTOS PARA EQUIPO DE PRODUCCIÓN SM-6067 (EXCAVADORA) Y SM-6079 (MINICARGADOR) DE LA UNIDAD TÉCNICA DE GESTIÓN VIAL,MUNICIPALIDAD DE PUNTARENAS,06/10/2026 10:32,06/10/2026 12:00,,09/10/2026 12:00,En recepción de ofertas,En recepción de ofertas,PX,,08,3014042120,LUIS EDWARD ROJAS BARRANTES,G3014042120002,00
2026LD-000038-0024100001,20261000477,Servicio de presentación artística y cultural para la actividad denominada Bazar y Festival Inclusivo,MUNICIPALIDAD DE GOICOECHEA,06/10/2026 10:27,06/10/2026 10:30,,13/10/2026 07:31,En recepción de ofertas,En recepción de ofertas,LD,,01,3014042051,Enmanuel Chavarria Campos,G3014042051028,00
2026LD-000023-0001102631,20261000581,MANTENIMIENTO PREVENTIVO Y CORRECTIVO CON REPUESTOS PARA EQUIPOS DEL SERVICIO DE ODONTOLOGÍA ÁREA DE SALUD MATINA,CAJA COSTARRICENSE DE SEGURO SOCIAL,06/10/2026 10:26,07/10/2026 00:00,,13/10/2026 09:00,Objetado,Objetado,LD,,08,4000042147,KATIA VIRGINIA FACEY GARCIA,G4000042147277,00
2026LY-000004-0002400001,20261000316,"Mantenimiento Correctivo, Enderezado y Pintura de la Flotilla Vehicular de la Municipalidad de Santa Ana - Según demanda",MUNICIPALIDAD DEL CANTÓN DE SANTA ANA,06/10/2026 10:24,06/10/2026 10:25,,20/10/2026 08:00,En recepción de ofertas,En recepción de ofertas,LY,,02,3014042059,KARLA REBECA GUERRERO MORA,G3014042059005,00
2026LE-000089-0001102102,20260903775,"Mantenimiento Preventivo, Correctivo y Repuestos para Equipos de Terapia Física",CAJA COSTARRICENSE DE SEGURO SOCIAL,06/10/2026 10:22,07/10/2026 00:00,,22/10/2026 09:00,En recepción de ofertas,En recepción de ofertas,LE,,02,4000042147,KENIA LINDOR MONGE,H4000042147373,00
2026LD-000028-0027900001,20261000598,"Compra por demanda, de materiales y productos basados en el código presupuestario minerales y asfalticos, para uso en mantenimiento de la red vial cantonal de León Cortes.",MUNICIPALIDAD DEL CANTÓN DE LEÓN CORTES,06/10/2026 10:22,06/10/2026 11:00,,13/10/2026 08:00,En recepción de ofertas,En recepción de ofertas,LD,,02,3014042052,WILBER CASTRO SALAZAR,G3014042052001,00
2026LD-000020-0019000001,20261000595,Mantenimiento preventivo y correctivo del Aire Acondicionado SAMSUMG,BN VALORES PUESTO DE BOLSA SOCIEDAD ANÓNIMA,06/10/2026 10:19,07/10/2026 08:00,,14/10/2026 09:00,En recepción de ofertas,En recepción de ofertas,LD,,01,3101225529,JAZMIN ELIZONDO CORDERO,G310122552929024,00
2026LD-000005-0042100001,20261000592,"CONTRATACION PARA LA ADQUISICION DE UNA MESA REDONDA PARA EL COMEDOR DE LA FEDERACIÓN OCCIDENTAL DE MUNICIPALIDADES DE ALAJUELA, FEDOMA",FEDERACIÓN OCCIDENTAL DE LAS MUNICIPALIDADES DE ALAJUELA,06/10/2026 10:14,06/10/2026 11:00,,12/10/2026 11:00,En recepción de ofertas,En recepción de ofertas,LD,,01,3007402231,Natalia Garita Céspedes,G3007402231002,00
2026LD-000033-0025000001,20261000590,Compra de Motocicletas para la Policia Municipal,MUNICIPALIDAD DE VÁSQUEZ DE CORONADO,06/10/2026 10:06,06/10/2026 11:00,,13/10/2026 11:05,En recepción de ofertas,En recepción de ofertas,LD,,01,3014045149,CLAUDIA CRISTINA VILLARREAL MORA,G3014045149002,00
2026LE-000027-0041342028,20261000568,I Etapa Precalificación- Construcción obra eléctrica subterránea,EMPRESA DE SERVICIOS PÚBLICOS DE HEREDIA SOCIEDAD ANÓNIMA,06/10/2026 10:03,06/10/2026 16:00,,21/10/2026 07:01,En recepción de ofertas,En recepción de ofertas,LE,[PQ],PQ,3101042028,Susana Quirós Gutiérrez,G310104202828133,00
2026LD-000018-0007900001,20261000523,Suscripción de Servicio de Seguridad para protección de herramientas institucionales,JUNTA ADMINISTRATIVA IMPRENTA NACIONAL,06/10/2026 10:02,07/10/2026 10:00,,13/10/2026 10:07,En recepción de ofertas,En recepción de ofertas,LD,,08,3007042032,Guido Castro Chacón,G3007042032012,00
2026PX-000043-0021800611,20261000399,Servicio de Restauración y Restablecimiento Integral de la Escultura del Indio de Garabito Ubicado en el Edificio Municipal,MUNICIPALIDAD DE GARABITO,06/10/2026 09:59,06/10/2026 10:00,,13/10/2026 09:00,En recepción de ofertas,En recepción de ofertas,PX,,01,3014056076,ARLYN ARELLYS CARMONA LAGUNA,G301405607676080,00
2026LD-000120-0021600001,20261000584,Compra de equipo de compactación material valorizable y montacargas para el área de gestión de residuos,MUNICIPALIDAD DE DESAMPARADOS,06/10/2026 09:46,06/10/2026 12:00,,14/10/2026 08:30,Objetado,Objetado,LD,,01,3014042048,ILIANA ZAMORA ARAYA,G3014042048001,00
2026LD-000013-0008900012,20260903761,Adquisición de un teléfono móvil de Gama Alta,CONSEJO NACIONAL DE LA PERSONA ADULTA MAYOR,06/10/2026 09:44,07/10/2026 08:00,,13/10/2026 08:01,En recepción de ofertas,En recepción de ofertas,LD,,01,3007259107,DAVID JOSE SILVA FUENTES,G3007259107028,00
2026LD-000177-0001300002,20261000570,"Recarga de extintores del II Circuito Judicial de Guanacaste, Nicoya.",CORTE SUPREMA DE JUSTICIA-PODER JUDICIAL,06/10/2026 09:39,06/10/2026 10:00,,09/10/2026 23:59,En recepción de ofertas,En recepción de ofertas,LD,,08,2300042155,Manfred Ruiz Molina,G2300042155255,00
2026PX-000074-0000900001,20260903399,“SUMINISTRO E INSTALACIÓN DE REPUESTOS PARA MICROSCOPIO ELECTRÓNICO DE BARRIDO (MEB) MARCA JEOL -MODELO JSM-IT500LA”,UNIVERSIDAD DE COSTA RICA,06/10/2026 09:32,06/10/2026 10:00,,09/10/2026 10:00,En recepción de ofertas,En recepción de ofertas,PX,,01,4000042149,YANORI LORENA RAMIREZ MORA,G4000042149132,00
2026LD-000005-0019600001,20261000560,SERVICIO DE INSTALACIÓN Y MANTENIMIENTO DE ARCHIVOS MOVILES,PROMOTORA COSTARRICENSE DE INNOVACIÓN E INVESTIGACIÓN,06/10/2026 09:16,06/10/2026 10:00,,13/10/2026 10:00,En recepción de ofertas,En recepción de ofertas,LD,,01,3007045446,ZURIKA GOMEZ ROJAS,G3007045446050,00
2026LE-000009-0021600001,20261000576,Compra 3 camiones,MUNICIPALIDAD DE DESAMPARADOS,06/10/2026 09:16,06/10/2026 12:00,,20/10/2026 08:30,En recepción de ofertas,En recepción de ofertas,LE,,01,3014042048,ILIANA ZAMORA ARAYA,G3014042048001,00
2026LE-000076-0001101142,20261000499,Cobijas para Recién Nacido,CAJA COSTARRICENSE DE SEGURO SOCIAL,06/10/2026 09:10,07/10/2026 00:00,,27/10/2026 10:00,En recepción de ofertas,En recepción de ofertas,LE,,02,4000042147,ALLAN RODA ACUÑA,G4000042147036,00
2026LD-000079-0041342028,20261000454,"2da FASE PRECALIFICACIÓN 2026LY-000001-0041342028, PARA EL SERVICIO DE CONSTRUCCION Y MANTENIMIENTO EN PREDIOS Y EDIFICIOS DE LA ESPH.",EMPRESA DE SERVICIOS PÚBLICOS DE HEREDIA SOCIEDAD ANÓNIMA,06/10/2026 09:04,06/10/2026 17:00,,14/10/2026 07:01,En recepción de ofertas,En recepción de ofertas,LD,,18,3101042028,Karina Vanessa Barrantes Ugalde,G310104202828174,00
2026LD-000021-0006900001,20261000539,Adquisición de equipo de restricción para privados de libertad y conos reflectivos,MINISTERIO DE JUSTICIA Y PAZ,06/10/2026 08:46,07/10/2026 07:30,,13/10/2026 09:00,En recepción de ofertas,En recepción de ofertas,LD,,01,2100042006,María de los Angeles Retana Matarrita,G2100042006171,00
2026XE-000171-0001000001,20261000446,"Proc Deriv 2026XE-000011 Cont urg de agencias de publicidad para brindar Serv de mercadeo, comunicación y public para diferentes campañas del INS bajo conv marco",INSTITUTO NACIONAL DE SEGUROS,06/10/2026 08:39,06/10/2026 09:00,,13/10/2026 10:01,En recepción de ofertas,En recepción de ofertas,PE,,02,4000001902,Karen Isabel Ramírez Zúñiga,G4000001902661,00
2026LD-000119-0021600001,20261000572,Compra vehículo tipo pick up  doble cabina para área gestión residuos,MUNICIPALIDAD DE DESAMPARADOS,06/10/2026 08:36,06/10/2026 09:00,,14/10/2026 08:30,Objetado,Objetado,LD,,01,3014042048,ILIANA ZAMORA ARAYA,G3014042048001,00
2026XE-000830-0000400001,20260904043,SE-Contratación directa Escasa Cuantía Servicio de alquiler de maquinaria y equipo pesado construcción para extracción sedimentos cola reservorio PH Angostura DG-2329-26,INSTITUTO COSTARRICENSE DE ELECTRICIDAD,06/10/2026 08:31,07/10/2026 00:00,,14/10/2026 07:30,En recepción de ofertas,En recepción de ofertas,PE,,01,4000042139,VIVIANA SOLIS ALFARO,H4000042139885,00
2026LE-000025-0016700105,20260800757,Adquisición de 290 All In One en las últimas versiones liberadas por el fabricante. SOLPE 2026000093 / CA20260136,REFINADORA COSTARRICENSE DE PETRÓLEO SOCIEDAD ANÓNIMA,06/10/2026 08:22,07/10/2026 07:00,,27/10/2026 10:00,En recepción de ofertas,En recepción de ofertas,LE,,01,3101007749,Daniel Garro Araya,G310100774900569,00
2026LD-000058-0004800001,20261000501,Adquisición de dispositivos de seguridad para el transporte de personas menores de edad del CECUDI,MUNICIPALIDAD DE LA UNIÓN,06/10/2026 08:17,06/10/2026 08:30,,13/10/2026 08:30,En recepción de ofertas,En recepción de ofertas,LD,,02,3014042083,KRISTIN REBECA CORTES MORALES,G3014042083003,00
2026LD-000021-0029254321,20261000569,Contratación para la actualización del Plan Municipal de Gestión Integral de Residuos Sólidos (PMGIRS) de Cervantes 2027-2032,CONCEJO MUNICIPAL DE CERVANTES,06/10/2026 08:08,06/10/2026 08:15,,13/10/2026 09:01,En recepción de ofertas,En recepción de ofertas,LD,,01,3007078499,ANDREA CAROLINA RODRIGUEZ AGUIRRE,G3007078499002,00
2026LD-000025-0010800001,20260902786,Compra de Uniformes y Calzado de Seguridad,MINISTERIO DE AMBIENTE Y ENERGÍA,06/10/2026 08:07,07/10/2026 07:00,,13/10/2026 09:00,En recepción de ofertas,En recepción de ofertas,LD,,02,2100042014,Nicole Abarca Fallas,G210004201414142,00
2026LD-000027-0027900001,20261000571,SUMINISTRO DE EQUIPO DE CÓMPUTO E IMPRESORAS PARA EL DEPARTAMENTO DE SERVICIOS MUNICIPALES,MUNICIPALIDAD DEL CANTÓN DE LEÓN CORTES,06/10/2026 07:58,06/10/2026 09:00,,13/10/2026 07:30,Objetado,Objetado,LD,,01,3014042052,WILBER CASTRO SALAZAR,G3014042052001,00
2026LD-000090-0004100001,20261000567,Elaboración e impresión de calendarios para el Servicio de Reciclaje 2027,MUNICIPALIDAD DE SANTO DOMINGO DE HEREDIA,06/10/2026 07:45,06/10/2026 10:00,,13/10/2026 10:01,En recepción de ofertas,En recepción de ofertas,LD,,01,3014042097,MARIA JOSE SALAS ESPINOZA,G301404209797071,00
2026PX-000021-0002800001,20261000123,la Participación de los funcionarios de la Auditoría Interna en la “VII Jornada de Auditoría Interna 2026”,MUNICIPALIDAD DE TIBÁS,06/10/2026 07:13,06/10/2026 09:00,,12/10/2026 10:00,En recepción de ofertas,En recepción de ofertas,PX,,01,3014042061,MANUEL ANTONIO VEGA ALFARO,G3014042061006,00
2026LE-000024-0016700105,20260802839,"Renovación suscripción Proofpoint, y soporte y mantenimiento anual para la herramienta, por 1 año, prorrogable por 3 periodos iguales. SOLPE 2026000124 / CA20260177",REFINADORA COSTARRICENSE DE PETRÓLEO SOCIEDAD ANÓNIMA,06/10/2026 07:10,07/10/2026 07:00,,20/10/2026 10:00,En recepción de ofertas,En recepción de ofertas,LE,,08,3101007749,RUTH ISABEL ARAYA SALAZAR,G3101007749014,00
2026PX-000020-0002800001,20261000109,Capacitación denominada “Jornada de Actualización Tributaria”,MUNICIPALIDAD DE TIBÁS,06/10/2026 07:06,06/10/2026 09:00,,12/10/2026 10:00,En recepción de ofertas,En recepción de ofertas,PX,,01,3014042061,MANUEL ANTONIO VEGA ALFARO,G3014042061006,00
2026LD-000020-0010500001,20261000414,Compra de semovientes: Equinos,INSTITUTO NACIONAL DE INNOVACIÓN TECNOLÓGICA AGROPECUARIA INTA,06/10/2026 07:02,07/10/2026 07:00,,13/10/2026 08:01,En recepción de ofertas,En recepción de ofertas,LD,,01,3007320067,KAROL MARIA CASTRO DIAZ,G3007320067004,00
2026LD-000019-0010500001,20261000470,Compra de materiales plasticos,INSTITUTO NACIONAL DE INNOVACIÓN TECNOLÓGICA AGROPECUARIA INTA,06/10/2026 06:52,07/10/2026 07:00,,13/10/2026 09:01,En recepción de ofertas,En recepción de ofertas,LD,,02,3007320067,JESSICA DE LOS ANGELES CHACON SALAZAR,G3007320067041,00
2026LD-000086-0012300001,20261000290,AMPLIACIÓN DE LICENCIAMIENTO SISTEMA CONTROL DE ACCESO (DE 32 A 128 PUERTAS),TRIBUNAL SUPREMO DE ELECCIONES,05/10/2026 21:46,06/10/2026 00:01,,12/10/2026 09:05,En recepción de ofertas,En recepción de ofertas,LD,,01,2400042156,LAURA GONZALEZ ACUÑA,G2400042156086,00
2026LD-000085-0012300001,20261000319,SERVICIO DE CATERING SERVICE,TRIBUNAL SUPREMO DE ELECCIONES,05/10/2026 21:31,06/10/2026 00:01,,12/10/2026 10:05,En recepción de ofertas,En recepción de ofertas,LD,,08,2400042156,LAURA GONZALEZ ACUÑA,G2400042156086,00
2026LD-000057-0005300001,20261000564,Confección de sellos automáticos para el personal del Área Regional de Desarrollo Social Central Occidente,INSTITUTO MIXTO DE AYUDA SOCIAL,05/10/2026 19:58,06/10/2026 09:00,,13/10/2026 09:02,En recepción de ofertas,En recepción de ofertas,LD,,08,4000042144,Roger Alberto Castillo Monge,G400004214400439,00
2026LD-000022-0001102705,20261000563,Cambios de aceite para flotilla vehicular del Área de Salud Coto Brus,CAJA COSTARRICENSE DE SEGURO SOCIAL,05/10/2026 19:49,06/10/2026 07:00,,12/10/2026 10:00,En recepción de ofertas,En recepción de ofertas,LD,,02,4000042147,GILBERTH DAMIAN FONSECA FLORES,G4000042147609,00
2026LE-000002-0017200001,20261000284,Adquisición de vehículos eléctricos y de combustión,INSTITUTO NACIONAL DE FOMENTO COOPERATIVO,05/10/2026 18:10,05/10/2026 18:30,,20/10/2026 08:00,Objetado,Objetado,LE,,01,4000045015,JEFFRY OBANDO SOLIS,G4000045015074,00
2026LD-000011-0013600001,20261000238,Mantenimiento correctivo del edificio del Área Rectora de Salud de Cañas del Ministerio de Salud,CONTRATO DE FIDEICOMISO NO OCHO SIETE DOS MINISTERIO DE SALUD - BANCO NACIONAL DE COSTA RICA,05/10/2026 17:50,06/10/2026 08:00,,16/10/2026 10:00,En recepción de ofertas,En recepción de ofertas,LD,,01,3112728227,JOSE FABIO GUZMAN ENRIQUEZ,G3112728227003,00
2026LD-000010-0013600001,20260800567,Mantenimiento de edificio del Área Rectora de Salud de Nicoya del Ministerio de Salud,CONTRATO DE FIDEICOMISO NO OCHO SIETE DOS MINISTERIO DE SALUD - BANCO NACIONAL DE COSTA RICA,05/10/2026 17:38,06/10/2026 08:00,,16/10/2026 10:00,En recepción de ofertas,En recepción de ofertas,LD,,01,3112728227,JOSE FABIO GUZMAN ENRIQUEZ,G3112728227003,00
2026LD-000086-0019800001,20260903493,COMPRA DE BATERIAS Y AUDÍFONOS PARA RADIO DE COMUNICACIÓN,ASAMBLEA LEGISLATIVA,05/10/2026 17:04,06/10/2026 09:00,,12/10/2026 10:01,En recepción de ofertas,En recepción de ofertas,LD,,01,2200042153,MIGUEL ANGEL JIMENEZ VALVERDE,G2200042153138,00
2026LD-000085-0019800001,20260900475,Compra de gas pimienta,ASAMBLEA LEGISLATIVA,05/10/2026 16:53,06/10/2026 09:00,,12/10/2026 09:01,En recepción de ofertas,En recepción de ofertas,LD,,01,2200042153,ANTHONY FERNAN BARRANTES GAITAN,G220004215300172,00
2026LD-000006-0013200001,20261000534,"Contratación de servicios integrales de alimentación, instalaciones y apoyo logístico para el Encuentro Nacional de Formación para la Promoción de la Igualdad de Género.",INSTITUTO DE DESARROLLO PROFESIONAL ULADISLAO GÁMEZ SOLANO,05/10/2026 16:51,06/10/2026 08:00,,12/10/2026 08:00,En recepción de ofertas,En recepción de ofertas,LD,,08,3007586646,PABLO ENRIQUE BARQUERO MATA,G3007586646031,00
2026PX-000003-0008900012,20261000331,CONTRATACIÓN DE PUBLICIDAD EN EL SISTEMA  NACIONAL DE RADIO Y TELEVISIÓN S.A. “SINART”,CONSEJO NACIONAL DE LA PERSONA ADULTA MAYOR,05/10/2026 16:26,08/10/2026 11:00,,14/10/2026 15:01,En recepción de ofertas,En recepción de ofertas,PX,,08,3007259107,Martín Aguilar Araya,G3007259107001,00
2026LD-000277-0006300001,20261000367,ADQUISICIÓN DE PANTALLAS DE TELEVISIÓN PARA LA INSTITUCIÓN,INSTITUTO TECNOLÓGICO DE COSTA RICA,05/10/2026 16:19,05/10/2026 16:20,,09/10/2026 16:20,Objetado,Objetado,LD,,01,4000042145,David Leiva Pereira,G4000042145037,00
2026LD-000276-0006300001,20261000233,MANTENIMIENTO PREVENTIVO Y CORRECTIVO PARA PÁNELES SOLARES,INSTITUTO TECNOLÓGICO DE COSTA RICA,05/10/2026 16:18,05/10/2026 16:30,,12/10/2026 08:30,En recepción de ofertas,En recepción de ofertas,LD,,01,4000042145,Stephanie Parini Ulloa,G4000042145021,00
2026LD-000051-0007200002,20261000511,20204100-Aeronave no tripulada (DRONE),MINISTERIO DE LA PRESIDENCIA,05/10/2026 16:15,06/10/2026 09:00,,12/10/2026 09:01,En recepción de ofertas,En recepción de ofertas,LD,,02,2100042007,Daniel Valverde Gutiérrez,G210004200700249,00
2026LY-000003-0002400001,20261000419,Compra de terreno para la construcción de nuevo predio municipal,MUNICIPALIDAD DEL CANTÓN DE SANTA ANA,05/10/2026 16:10,05/10/2026 16:10,,27/10/2026 08:00,En recepción de ofertas,En recepción de ofertas,LY,,01,3014042059,KARLA REBECA GUERRERO MORA,G3014042059005,00
2026LE-000015-0015499999,20261000521,COMPRA DE BARREDORAS Y ASPIRADORAS DE CALLES O VÍAS ELÉCTRICAS PARA LA SECCIÓN LIMPIEZA URBANA.,MUNICIPALIDAD DEL CANTÓN CENTRAL DE SAN JOSÉ,05/10/2026 16:06,05/10/2026 16:10,,14/10/2026 14:01,En recepción de ofertas,En recepción de ofertas,LE,,01,3014042058,MARIO CESAR SEGURA ALFARO,G3014042058007,00
2026LY-000001-0043900001,20261000542,"Mejoramiento de los caminos cantonales 5-07-005-00 Barrio Jesús–Las Juntas y 5-07-031-00 Coyolar–San Luis (Lajas), cantón de Abangares”",MUNICIPALIDAD DE ABANGARES,05/10/2026 15:54,05/10/2026 16:00,,28/10/2026 09:00,En recepción de ofertas,En recepción de ofertas,LY,,01,3014042099,JORGE EDUARDO RODRIGUEZ PADILLA,G301404209999025,00
2026PX-000502-0015499999,20261000311,SERVICIO DE MANTENIMIENTO PREVENTIVO DEL ACTIVO 53197 OT 78097,MUNICIPALIDAD DEL CANTÓN CENTRAL DE SAN JOSÉ,05/10/2026 15:49,05/10/2026 17:00,,12/10/2026 08:01,En recepción de ofertas,En recepción de ofertas,PX,,08,3014042058,Wilberth Umaña Peréz,G301404205858450,00
2026LE-000026-0000500001,20260902531,Servicios de Profesional en Trabajo Social y en Psicología para asesorías a mujeres víctimas de violencia,MUNICIPALIDAD DE ALAJUELA,05/10/2026 15:43,05/10/2026 15:50,,19/10/2026 10:00,En recepción de ofertas,En recepción de ofertas,LE,,08,3014042063,ELISA SUJHEY VILCA CHAVEZ,G3014042063050,00
2026LD-000078-0041342028,20261000452,"Contratación de servicio de capacitación en medición, calibración e incertidumbre de temperatura.",EMPRESA DE SERVICIOS PÚBLICOS DE HEREDIA SOCIEDAD ANÓNIMA,05/10/2026 15:42,05/10/2026 16:00,,13/10/2026 07:01,En recepción de ofertas,En recepción de ofertas,LD,,01,3101042028,Susana Quirós Gutiérrez,G310104202828133,00
2026LD-000118-0021600001,20261000540,SUMINISTRO E INSTALACIÓN DE LUMINARIAS LED SOLARES PARA EL CEMENTERIO SAN JUAN DE DIOS Y CEMENTERIO CENTRAL DE DESAMPARADOS.,MUNICIPALIDAD DE DESAMPARADOS,05/10/2026 15:42,05/10/2026 16:00,,14/10/2026 08:05,Objetado,Objetado,LD,,08,3014042048,Melissa Jimenez Venegas,G3014042048002,00
2026PX-000116-0003500001,20261000336,"SERVICIO DE GESTIÓN Y COLOCACIÓN DE PAUTA INSTITUCIONAL EN MEDIOS DE COMUNICACIÓN NACIONALES, REGIONALES E INTERNACIONALES",UNIVERSIDAD NACIONAL,05/10/2026 15:42,05/10/2026 17:00,,12/10/2026 10:01,En recepción de ofertas,En recepción de ofertas,PX,,02,4000042150,GISSELLE MARIA RUIZ ESQUIVEL,G4000042150010,00
2026LD-000033-0007100001,20261000492,Compra de Herramientas e Instrumentos para los Consultorios Médicos del Departamento de Salud Ocupacional- Institucional,MINISTERIO DE SEGURIDAD PUBLICA,05/10/2026 15:41,05/10/2026 16:00,,12/10/2026 10:00,Objetado,Objetado,LD,,02,2100042011,GRISELLE FRANCINI ARTAVIA MONTERO,G2100042011012,00
2026LD-000051-0003200001,20261000479,COMPRA DE INSTRUMENTOS MUSICALES-BANDA JUVENIL DE CARRILLO,MUNICIPALIDAD DE CARRILLO GUANACASTE,05/10/2026 15:40,06/10/2026 08:00,,12/10/2026 10:00,En recepción de ofertas,En recepción de ofertas,LD,,01,3014042104,MAYCOL NOVOA ARCEYU,G3014042104001,00
2026LY-000012-0007100001,20261000466,ALIMENTO PARA CANES INSTITUCIONAL,MINISTERIO DE SEGURIDAD PUBLICA,05/10/2026 15:39,05/10/2026 16:00,,02/11/2026 09:00,En recepción de ofertas,En recepción de ofertas,LY,,02,2100042011,PAULA SOLANO AGUILAR,G2100042011258,00
2026PX-000014-0001102701,20261000533,Reparación indeterminada de vehículo 200-2958.,CAJA COSTARRICENSE DE SEGURO SOCIAL,05/10/2026 15:34,06/10/2026 00:00,,12/10/2026 09:01,En recepción de ofertas,En recepción de ofertas,PX,,01,4000042147,JAIRO DAMIAN QUESADA BADILLA,G4000042147556,00
2026LD-000035-0003700001,20261000531,CONTRATACION PARA SERVICIOS DE MANTENIMIENTO Y CONSTRUCCION DE SALONES COMUNALES EN SAN PABLO DE HEREDIA 2026,MUNICIPALIDAD DE SAN PABLO DE HEREDIA,05/10/2026 15:28,05/10/2026 16:00,,09/10/2026 10:01,En recepción de ofertas,En recepción de ofertas,LD,,01,3014042094,ADRIANA PATRICIA BENAVIDES VARGAS,G3014042094002,00
2026LE-000010-0040100001,20261000528,"Contratación bajo la modalidad “llave en mano” de  Mejoramiento de infraestructura vial y drenaje  pluvial, Llanos del  Cortés, Bagaces",MUNICIPALIDAD DE BAGACES,05/10/2026 15:22,06/10/2026 00:01,,20/10/2026 08:00,En recepción de ofertas,En recepción de ofertas,LE,,01,3014042100,YEIMY PAMELA ARTAVIA GARCIA,G3014042100036,00
2026LD-000056-0000700001,20261000473,Adquisición de tubería corrugada para la UTGVM,MUNICIPALIDAD DE GRECIA,05/10/2026 15:13,05/10/2026 15:15,,12/10/2026 15:20,En recepción de ofertas,En recepción de ofertas,LD,,01,3014042066,Kristin Conejo Solís,G301404206666093,00
2026LE-000008-0020800001,20261000433,Contratación de servicios profesionales para el fortalecimiento de la gestión contable y cierre de brechas NICSP,MUNICIPALIDAD DE ESCAZÚ,05/10/2026 15:10,05/10/2026 16:00,,15/10/2026 07:01,En recepción de ofertas,En recepción de ofertas,LE,,08,3014042050,LUIS CARLOS PEÑA SANDI,G3014042050004,00
2026LD-000019-0001102299,20261000438,"COMPRA CONSOLIDADA REGIONAL DE MOBILIARIO VARIADO RESUPUESTO ORDINARIO2026, NUCLEO DE COMPRAS 2299 DRIPSSCN",CAJA COSTARRICENSE DE SEGURO SOCIAL,05/10/2026 15:08,06/10/2026 07:00,,12/10/2026 09:00,En recepción de ofertas,En recepción de ofertas,LD,,01,4000042147,MARIA MERCEDES APOLO MATARRITA,G4000042147636,00
2026LD-000084-0019800001,20260900603,Compra de materiales y herramientas,ASAMBLEA LEGISLATIVA,05/10/2026 15:05,06/10/2026 09:00,,12/10/2026 10:01,En recepción de ofertas,En recepción de ofertas,LD,,01,2200042153,Vanessa Ramírez Segura,G2200042153001,00
2026LD-000132-0023570101,20261000046,"Compra e instalación de Playround, Brisas de kent, Escuela de Burrico, Río Banano y Escuela Bananito Norte.",MUNICIPALIDAD DEL CANTÓN CENTRAL DE LIMÓN,05/10/2026 15:04,05/10/2026 15:10,,12/10/2026 13:30,Objetado,Objetado,LD,,01,3014042123,Manfred Cook Ramirez,G3014042123006,00
2026LD-000018-0014700001,20261000461,Mini proyector portátil.,CONSEJO NACIONAL DE PERSONAS CON DISCAPACIDAD (CONAPDIS),05/10/2026 14:53,05/10/2026 15:30,,12/10/2026 10:01,En recepción de ofertas,En recepción de ofertas,LD,,01,3007701595,EDGAR DAVID PEREZ CASTILLO,G3007701595110,00
2026LE-000005-0010800001,20260903567,Arrendamiento operativo multifuncionales e impresiones MINAE-TRIBUNAL,MINISTERIO DE AMBIENTE Y ENERGÍA,05/10/2026 14:53,06/10/2026 07:00,,14/10/2026 09:00,Objetado,Objetado,LE,,22,2100042014,Nicole Abarca Fallas,G210004201414142,00
2026XE-000829-0000400001,20260903733,S.E Contratación Directa de Escasa Cuantía / Abarrotes granos básicos para el comedor Curubandé - PGB I / GE-353 / P.E,INSTITUTO COSTARRICENSE DE ELECTRICIDAD,05/10/2026 14:49,06/10/2026 00:00,,13/10/2026 08:00,En recepción de ofertas,En recepción de ofertas,PE,,02,4000042139,Milena Saborío Delgado,H400004213901238,00
2026PX-000091-0001200001,20261000496,SMS 1969-26 CAPACITACIÓN AUDITORIA CUMPLIMIENTO SISTEMAS IA ADMINISTRACIÓN PÚBLICA,INSTITUTO COSTARRICENSE DE TURISMO,05/10/2026 14:46,07/10/2026 08:00,,13/10/2026 08:30,En recepción de ofertas,En recepción de ofertas,PX,,08,4000042141,MARIANELA LOPEZ VIQUEZ,G400004214100183,00
2026LD-000012-0009000001,20260903070,COMPRA E INSTALACION DE ALARMA PARA LA DIRECCIÓN REGIONAL CENTRAL ORIENTAL (CARTAGO) DE DINADECO,MINISTERIO GOBERNACIÓN Y POLICÍA,05/10/2026 14:40,06/10/2026 14:00,,12/10/2026 14:30,En recepción de ofertas,En recepción de ofertas,LD,,01,2100042004,MARIA ELENA UGALDE VENEGAS,G2100042004057,00
2026LD-000018-0012100001,20261000260,Compra de bloqueadores solares y repelentes contra mosquitos.,FONDO NACIONAL DE FINANCIAMIENTO FORESTAL,05/10/2026 14:36,06/10/2026 00:00,,12/10/2026 08:30,En recepción de ofertas,En recepción de ofertas,LD,,01,3007204724,Nancy Sánchez Acuña,G300720472400085,00
2026LD-000041-0001102202,20261000235,"EZETIMIBE 10 mg, TABLETA, ADMINISTRACION ORAL, PRESENTACION BLISTER, USOHUMANO",CAJA COSTARRICENSE DE SEGURO SOCIAL,05/10/2026 14:32,06/10/2026 07:00,,12/10/2026 08:30,En recepción de ofertas,En recepción de ofertas,LD,,02,4000042147,DAYANNA PAOLA VEGA BENAVIDES,N4000042147505,00
2026LD-000013-0033700001,20261000510,"ADQUISICIÓN DE INSUMOS PARA MANEJO DE RESIDUOS, ARCHIVO Y ALMACENAMIENTO.",MUNICIPALIDAD DE PUERTO JIMÉNEZ,05/10/2026 14:27,06/10/2026 10:00,,13/10/2026 10:05,En recepción de ofertas,En recepción de ofertas,LD,,02,3014904283,DAYRA ANDREA CASTILLO ARIAS,G301490428300001,00
2026LE-000011-0015700001,20260903781,"El Banco de Costa Rica (BCR) y sus Subsidiarias requieren asesoría en materia tributaria y contable, bajo la modalidad de entrega según demanda.",BANCO DE COSTA RICA,05/10/2026 14:21,06/10/2026 08:00,,26/10/2026 10:05,En recepción de ofertas,En recepción de ofertas,LE,,02,4000000019,MARIAM LEÓN UREÑA,G4000000019428,00
2026LD-000026-0002000001,20261000513,ADQUISICIÓN DE SUSCRIPCIÓN CORPORATIVA A PLATAFORMA DIGITAL DE FORMACIÓN Y DESARROLLO PROFESIONAL,CONSEJO RECTOR DEL SISTEMA DE BANCA PARA EL DESARROLLO,05/10/2026 14:19,05/10/2026 16:00,,13/10/2026 00:00,En recepción de ofertas,En recepción de ofertas,LD,,08,3007559723,JAVIER ENRIQUE IGLESIAS ARAGON,G3007559723001,00
2026PX-000090-0001200001,20261000469,Contratación de una capacitación denominada: Power BI (1968-26),INSTITUTO COSTARRICENSE DE TURISMO,05/10/2026 14:11,06/10/2026 08:00,,12/10/2026 08:00,En recepción de ofertas,En recepción de ofertas,PX,,08,4000042141,WILLIAM VILLAVICENCIO QUESADA,G4000042141177,00
2026LD-000325-0000900001,20260901037,COMPRA DE SERVIDORES NAS Y DE RACK,UNIVERSIDAD DE COSTA RICA,05/10/2026 14:08,05/10/2026 15:00,,12/10/2026 10:00,Objetado,Objetado,LD,,01,4000042149,Mariana Cervantes Azofeifa,G400004214901189,00
2026PX-000089-0001200001,20261000444,Contratación de una capacitación denominada: Cómo integrar la Inteligencia Artificial en el Trabajo (1963-26),INSTITUTO COSTARRICENSE DE TURISMO,05/10/2026 14:05,06/10/2026 08:00,,12/10/2026 08:00,En recepción de ofertas,En recepción de ofertas,PX,,08,4000042141,WILLIAM VILLAVICENCIO QUESADA,G4000042141177,00
2026LE-000010-0023570101,20260903880,"ALQUILER DE MAQUINARIA PARA ACARREO CONFORMACIÓN DE CUNETAS, SUBRASANTE, CARGA, COLOCACIÓN Y COMPACTACIÓN DE LASTRE EN LOS CAMINOS DEL CANTÓN DE LIMÓN",MUNICIPALIDAD DEL CANTÓN CENTRAL DE LIMÓN,05/10/2026 14:01,05/10/2026 16:00,,12/10/2026 13:00,En recepción de ofertas,En recepción de ofertas,LE,,02,3014042123,LEIDY DE LOS ANGELES VASQUEZ CALDERON,G3014042123002,00
2026LE-000019-0001102701,20261000488,Mantenimiento preventivo de equipos de Lavanderia,CAJA COSTARRICENSE DE SEGURO SOCIAL,05/10/2026 13:58,06/10/2026 00:00,,26/10/2026 08:01,En recepción de ofertas,En recepción de ofertas,LE,,08,4000042147,LUIS DIEGO QUIROS AZOFEIFA,H4000042147568,00
2026LD-000115-0001102701,20261000498,Mobiliario UCI,CAJA COSTARRICENSE DE SEGURO SOCIAL,05/10/2026 13:46,06/10/2026 00:00,,12/10/2026 08:01,En recepción de ofertas,En recepción de ofertas,LD,,01,4000042147,LUIS DIEGO QUIROS AZOFEIFA,H4000042147568,00
2026LD-000188-0017699999,20261000490,BOLETOS AEREOS,UNIVERSIDAD ESTATAL A DISTANCIA,05/10/2026 13:44,05/10/2026 16:00,,09/10/2026 10:01,En recepción de ofertas,En recepción de ofertas,LD,,01,4000042151,Celia Corrales Chavarría,G4000042151010,00
2026LD-000022-0001102631,20261000489,"Compra consolidada de insumos de Farmacia de las áreas de salud de Matina, Siquirres y Cariari, según demanda",CAJA COSTARRICENSE DE SEGURO SOCIAL,05/10/2026 13:40,06/10/2026 00:00,,12/10/2026 09:00,En recepción de ofertas,En recepción de ofertas,LD,,02,4000042147,KATIA VIRGINIA FACEY GARCIA,G4000042147277,00
2026LE-000004-0040500006,20261000308,"SUMINISTRO DE MEZCLA ASFÁLTICA EN CALIENTE Y EMULSIÓN ASFÁLTICA, ASÍ COMO SU ACARREO, TRANSPORTE, COLOCACIÓN, COMPACTACIÓN Y ACABADO FINAL PARA RECARPETEO Y BACHEO",CONCEJO MUNICIPAL DEL DISTRITO DE PAQUERA PUNTARENAS,05/10/2026 13:39,06/10/2026 08:00,,15/10/2026 08:00,En recepción de ofertas,En recepción de ofertas,LE,,02,3007339600,IRIS FLORES LOPEZ,G3007339600003,00
2026LD-000017-0053200001,20261000431,Servicio de buró de crédito especializado - Recursos FID 544-03,FIDEICOMISO FONAFIFO BNCR,05/10/2026 13:39,06/10/2026 00:00,,12/10/2026 08:00,En recepción de ofertas,En recepción de ofertas,LD,,08,3112688505,Luis Gabriel Hernández Salazar,G311268850500005,00
2026LD-000056-0005300001,20260903911,Suscripción de Licencia Sistema ArcGis Creator,INSTITUTO MIXTO DE AYUDA SOCIAL,05/10/2026 13:36,06/10/2026 08:00,,12/10/2026 10:01,En recepción de ofertas,En recepción de ofertas,LD,,01,4000042144,SONIA ISABEL SANCHEZ VARGAS,G4000042144034,00
2026LY-000033-0000100001,20261000493,CONTRATACIÓN DE UN PROVEEDOR PARA LA PRESTACIÓN DE SERVICIOS DE TRASLADO DE VALIJAS PARA LAS OFICINAS DEL BANCO NACIONAL DE COSTA RICA ,BANCO NACIONAL DE COSTA RICA,05/10/2026 13:33,06/10/2026 00:01,,03/11/2026 09:00,En recepción de ofertas,En recepción de ofertas,LY,,02,4000001021,ERIKA MAYELA CALDERON BRENES,G4000001021622,00
2026LD-000057-0004800001,20261000486,Servicio de confección de murales y persianas Unidad Ambiental,MUNICIPALIDAD DE LA UNIÓN,05/10/2026 13:29,05/10/2026 13:30,,12/10/2026 13:30,En recepción de ofertas,En recepción de ofertas,LD,,01,3014042083,KRISTIN REBECA CORTES MORALES,G3014042083003,00
2026LD-000036-0004000001,20260903916,Adquisición de cámaras fotográficas y proyector de video,DEFENSORÍA DE LOS HABITANTES DE LA REPUBLICA,05/10/2026 13:24,05/10/2026 13:40,,12/10/2026 14:00,En recepción de ofertas,En recepción de ofertas,LD,,01,3007137653,LAURA MARIA ALVARADO PORRAS,G3007137653005,00
2026LY-000001-0002200001,20260903720,"SERVICIOS DE RECOLECCION, TRANSPORTE, TRATAMIENTO Y DISPOSICION FINAL DE RESIDUOS SOLIDOS NO VALORIZABLES DE LA MUNICIPALIDAD DE MORA",MUNICIPALIDAD DE MORA,05/10/2026 13:19,05/10/2026 14:00,,26/10/2026 10:00,En recepción de ofertas,En recepción de ofertas,LY,,02,3014042054,GEREMMY DE LOS ANGELES CHAVES MARIN,G3014042054001,00
2026LD-000275-0006300001,20261000423,291059-Equipos de medición de agentes físicos,INSTITUTO TECNOLÓGICO DE COSTA RICA,05/10/2026 13:10,05/10/2026 15:00,,15/10/2026 10:01,Objetado,Objetado,LD,,01,4000042145,Eduardo Rosés Orozco,G4000042145010,00
2026LY-000002-0001102105,20261000485,"Mantenimiento de tableros de aislamiento, tableros de distribucióneléctrica y transformadores secos, con repuestos.",CAJA COSTARRICENSE DE SEGURO SOCIAL,05/10/2026 13:05,06/10/2026 00:00,,26/10/2026 10:00,En recepción de ofertas,En recepción de ofertas,LY,,02,4000042147,JOSEPH GERARDO MURILLO MONGE,G4000042147783,00
2026LD-000056-0004800001,20261000482,IMPRESION DE PLANIFICADORES 2027,MUNICIPALIDAD DE LA UNIÓN,05/10/2026 12:50,05/10/2026 13:00,,12/10/2026 13:00,En recepción de ofertas,En recepción de ofertas,LD,,01,3014042083,KRISTIN REBECA CORTES MORALES,G3014042083003,00
2026LD-000042-0043900001,20261000478,"mejoras, Remodelación y Mantenimiento de Infraestructura, de espacios recreativos y de Salud del Cantón de Abangares  Salón San Juan Grande  Puesto de Salud el Dos",MUNICIPALIDAD DE ABANGARES,05/10/2026 12:23,05/10/2026 12:30,,14/10/2026 10:00,En recepción de ofertas,En recepción de ofertas,LD,,01,3014042099,JORGE EDUARDO RODRIGUEZ PADILLA,G301404209999025,00
2026LD-000017-0007900001,20261000425,"Suministro de diferentes tipos cartones, cartulinas y papel químico para necesidades de impresión de la Dirección de Artes Gráficas",JUNTA ADMINISTRATIVA IMPRENTA NACIONAL,05/10/2026 12:19,06/10/2026 13:00,,12/10/2026 13:10,En recepción de ofertas,En recepción de ofertas,LD,,02,3007042032,Mario Alonso Murillo Aguilar,G300704203232072,00
2026XE-000828-0000400001,20260903032,S.C Contratación Directa Excepción Servicio Contratación Medio Comunicación Central de Radios CDR para Difusión Mensajes Gestión Institucional,INSTITUTO COSTARRICENSE DE ELECTRICIDAD,05/10/2026 12:18,06/10/2026 00:00,,20/10/2026 07:30,En recepción de ofertas,En recepción de ofertas,PE,,01,4000042139,VIVIANA SOLIS ALFARO,H4000042139885,00
2026LD-000215-0018962008,20261000383,L-359-2025 MANTENIMIENTO PREVENTIVO Y CORRECTIVO EQUIPO DIVERSO,UNIVERSIDAD TÉCNICA NACIONAL,05/10/2026 12:17,06/10/2026 08:00,,12/10/2026 10:05,En recepción de ofertas,En recepción de ofertas,LD,,08,3007556085,VICENTE FLORES VARGAS,G3007556085020,00
2026LD-000041-0043900001,20261000474,Compra de suministrros de limpieza,MUNICIPALIDAD DE ABANGARES,05/10/2026 12:00,05/10/2026 12:30,,14/10/2026 09:30,En recepción de ofertas,En recepción de ofertas,LD,,02,3014042099,JORGE EDUARDO RODRIGUEZ PADILLA,G301404209999025,00
2026LD-000176-0001300002,20260903209,Servicio de mano de obra para la reparación de enderezado y pintura del vehículo PJ-2043 del Juzgado Agrario de Puntarenas,CORTE SUPREMA DE JUSTICIA-PODER JUDICIAL,05/10/2026 12:00,06/10/2026 00:00,,13/10/2026 08:00,En recepción de ofertas,En recepción de ofertas,LD,,08,2300042155,ARIANA PEÑA ALVARADO,G2300042155150,00
2026LD-000025-0009900001,20261000432,"ALQUILER SISTEMAS POR GOTEO DESINFECCIÓN Y DESODORIZACIÓN DE BAÑOS DEL EDIFICIO PATRIMONIAL, EDIFICIO ANEXO Y BODEGA CALLE 11 DEL TEATRO NACIONAL DE COSTA RICA",TEATRO NACIONAL,05/10/2026 11:56,05/10/2026 12:00,,13/10/2026 10:01,En recepción de ofertas,En recepción de ofertas,LD,,08,3007110978,ANGIE MORA FERNÁNDEZ,G3007110978048,00
2026LD-000029-0041201186,20261000451,Adquisición e instalación de panel de control para bomba de 5hp de los chorros de agua.,FUNDACIÓN DEL PARQUE MARINO DEL PACIFICO,05/10/2026 11:49,05/10/2026 13:00,,12/10/2026 14:15,En recepción de ofertas,En recepción de ofertas,LD,,01,3006293428,Patricia Soto Najera,G300629342800021,00
2026LD-000016-0018600001,20261000458,ADQUISICIÓN DE ALIMENTO CONCENTRADO PARA TILAPIA,INSTITUTO COSTARRICENSE DE PESCA Y ACUICULTURA,05/10/2026 11:41,05/10/2026 12:00,,13/10/2026 08:01,En recepción de ofertas,En recepción de ofertas,LD,,02,4000153004,ELIECER DANIEL LEAL GOMEZ,G4000153004001,00
2026XE-000047-0001700001,20261000434,Acto de Premiación Agro,PROMOTORA DEL COMERCIO EXTERIOR DE COSTA RICA,05/10/2026 11:40,05/10/2026 13:00,,12/10/2026 10:00,En recepción de ofertas,En recepción de ofertas,PE,,01,3007196350,MARIO AGUILAR SANCHEZ,G3007196350108,00
2026LD-000040-0043900001,20261000460,"contratación de taller especializado para servicios de mantenimiento preventivo, correctivo y suministro de lubricantes, repuestos y accesorios para el Back Hoe",MUNICIPALIDAD DE ABANGARES,05/10/2026 11:40,05/10/2026 12:00,,14/10/2026 09:00,En recepción de ofertas,En recepción de ofertas,LD,,01,3014042099,JORGE EDUARDO RODRIGUEZ PADILLA,G301404209999025,00
2026LD-000057-0002300005,20261000456,Realizar mejoras en el centro de monitoreo,MUNICIPALIDAD DE SARAPIQUÍ,05/10/2026 11:37,05/10/2026 13:00,,09/10/2026 16:00,En recepción de ofertas,En recepción de ofertas,LD,,01,3014042098,Wendy Zuñiga Oses,G3014042098056,00
2026LD-000020-0029254321,20261000442,Talleres de Salud Mental por demanda para el CPJ de Cervantes,CONCEJO MUNICIPAL DE CERVANTES,05/10/2026 11:34,05/10/2026 11:40,,12/10/2026 11:01,En recepción de ofertas,En recepción de ofertas,LD,,02,3007078499,ANDREA CAROLINA RODRIGUEZ AGUIRRE,G3007078499002,00
2026LD-000041-0019900214,20261000453,Contratación por demanda para el servicio de lavado de vehículos de los Servicios Públicos,MUNICIPALIDAD DE LOS CHILES,05/10/2026 11:27,05/10/2026 23:59,,09/10/2026 14:05,En recepción de ofertas,En recepción de ofertas,LD,,02,3014042068,FELIX FERNANDO SANDOVAL VALLECILLO,G3014042068001,00
2026LD-000032-0015600001,20260902944,"Compra según demanda de mesas autoajustables, anexo mesas, mantenimientos y repuestos, para el departamento de Producción",JUNTA DE PROTECCIÓN SOCIAL,05/10/2026 11:26,05/10/2026 17:00,,12/10/2026 10:00,En recepción de ofertas,En recepción de ofertas,LD,,02,3007045617,Luis Carlos Vargas Monge,G3007045617007,00
2026LD-000119-0017500001,20261000430,COMPRA DE PANTALLA LED PARA EXTERIORES EN TÓTEM.,MUNICIPALIDAD DE TURRIALBA,05/10/2026 11:24,05/10/2026 11:30,,09/10/2026 10:01,En recepción de ofertas,En recepción de ofertas,LD,,01,3014042088,Annia Lisbeth Rojas Segura,G3014042088056,00
2026LD-000187-0017699999,20261000216,COMPRA DE CINTURONES Y ZAPATOS PARA OFICIALES DE SEGURIDAD,UNIVERSIDAD ESTATAL A DISTANCIA,05/10/2026 11:19,05/10/2026 11:25,,12/10/2026 09:01,En recepción de ofertas,En recepción de ofertas,LD,,01,4000042151,ALEJANDRO ALFONSO CALVO VEGA,G4000042151104,00
2026LD-000055-0000700001,20260903302,Adquisición de equipo táctico y accesorios de seguridad para el personal de la Policía Municipal de Grecia.,MUNICIPALIDAD DE GRECIA,05/10/2026 11:16,05/10/2026 13:00,,12/10/2026 13:05,En recepción de ofertas,En recepción de ofertas,LD,,02,3014042066,KAREN TATIANA BARRANTES BARRANTES,G3014042066070,00
2026LD-000009-0001102235,20261000340,Mantenimiento Preventivo y Correctivo de la Planta Eléctrica,CAJA COSTARRICENSE DE SEGURO SOCIAL,05/10/2026 11:10,06/10/2026 07:00,,12/10/2026 10:00,En recepción de ofertas,En recepción de ofertas,LD,,01,4000042147,BERNAL FRANCISCO ARAYA MOYA,G4000042147595,00
2026LD-000024-0009900001,20261000403,SERVICIO DE MANTENIMIENTO PREVENTIVO Y CORRECTIVO DE LOS SISTEMAS DE AGUA POTABLE PARA EL TEATRO NACIONAL DE COSTA RICA Y EL EDIFICIO VARGAS CALVO,TEATRO NACIONAL,05/10/2026 10:51,05/10/2026 11:00,,12/10/2026 09:01,En recepción de ofertas,En recepción de ofertas,LD,,02,3007110978,Esteban Rolando Vásquez Valverde,G3007110978060,00
2026LD-000113-0001102104,20261000365,CONTRATACIÓN DE BOLSAS PLÁSTICAS,CAJA COSTARRICENSE DE SEGURO SOCIAL,05/10/2026 10:42,06/10/2026 00:00,,12/10/2026 09:00,En recepción de ofertas,En recepción de ofertas,LD,,02,4000042147,Jeffrey Chaves Salazar,N4000042147010,00
2026XE-000019-0003500001,20261000107,PAUTA INSTITUCIONAL,UNIVERSIDAD NACIONAL,05/10/2026 10:41,06/10/2026 10:00,,12/10/2026 10:02,En recepción de ofertas,En recepción de ofertas,PE,,01,4000042150,JEFFREY ZAMORA DELGADO,G4000042150004,00
2026LD-000019-0001102207,20261000278,Agrupamiento Instrumental e Insumos de Odontología Nucleo HCLVV,CAJA COSTARRICENSE DE SEGURO SOCIAL,05/10/2026 10:39,06/10/2026 07:00,,12/10/2026 10:00,Objetado,Objetado,LD,,01,4000042147,HAZEL YULIET ULATE FONSECA,L4000042147397,00
2026LD-000035-0001102501,20260903611,MEJORAS EN LOS PUESTOS DE VISITAPERIÓDICA DE TAMBOR Y LA ESPERANZA,CAJA COSTARRICENSE DE SEGURO SOCIAL,05/10/2026 10:38,06/10/2026 07:00,,12/10/2026 10:01,En recepción de ofertas,En recepción de ofertas,LD,,01,4000042147,VLADIMIR LARA CAMACHO,G4000042147298,00
2026LD-000116-0001000001,20260903860,Adquisición de encuesta salarial para el Grupo INS.,INSTITUTO NACIONAL DE SEGUROS,05/10/2026 10:37,05/10/2026 17:00,,12/10/2026 10:01,En recepción de ofertas,En recepción de ofertas,LD,,01,4000001902,JOCELYN FERNANDA CORDERO ZELEDON,G4000001902393,00
2026LD-000080-0011900001,20261000407,"REPARACION, PINTURA Y ROTULACION VEHICULOS SM 6980",MUNICIPALIDAD DE LIBERIA,05/10/2026 10:22,05/10/2026 12:00,,12/10/2026 10:05,En recepción de ofertas,En recepción de ofertas,LD,,01,3014042106,ADRIANA ESPINOZA MONTANO,G3014042106007,00
2026LD-000390-0001300001,20260803348,Remodelación del Juzgado Civil y Trabajo de Liberia,CORTE SUPREMA DE JUSTICIA-PODER JUDICIAL,05/10/2026 10:22,06/10/2026 00:00,,13/10/2026 08:00,En recepción de ofertas,En recepción de ofertas,LD,,18,2300042155,KAROLAY VALVERDE VARGAS,G230004215555590,00
2026LD-000021-0001102705,20261000376,UTILES Y UTENSILIOS DE COCINA Y COMEDOR SERVICIO DE NUTRICIÓN HOSPITAL SAN VITO JUANA PIROLA,CAJA COSTARRICENSE DE SEGURO SOCIAL,05/10/2026 10:22,06/10/2026 07:00,,12/10/2026 10:00,En recepción de ofertas,En recepción de ofertas,LD,,01,4000042147,GILBERTH DAMIAN FONSECA FLORES,G4000042147609,00
2026LD-000079-0011900001,20261000426,"CONTRATACIÓN DE TRES PROCESOS DE CAPACITACIONES DIRIGIDAS A LA POBLACIÓN MASCULINA DEL CANTÓN DE LIBERIA, EN EL MARCO DEL PROYECTO “MASCULINIDADES POSITIVAS.",MUNICIPALIDAD DE LIBERIA,05/10/2026 10:16,05/10/2026 10:30,,14/10/2026 10:01,Objetado,Objetado,LD,,01,3014042106,JUAN PABLO MORA ULLOA,G3014042106001,00
2026LD-000020-0001102705,20261000377,"Suministro de Productos Químicos para Lavado de Ropa Hospitalaria del Servicio de Lavandería y Ropería, con Entregas según Demanda.",CAJA COSTARRICENSE DE SEGURO SOCIAL,05/10/2026 10:12,06/10/2026 07:00,,12/10/2026 11:00,Objetado,Objetado,LD,,02,4000042147,ROILIN JOSE SANCHEZ CHACON,G4000042147665,00
2026LD-000039-0043900001,20261000420,"Contratación para la ejecución de proyectos de mejoras, Remodelación y Mantenimiento de Infraestructura Recreativa y de Salud del Cantón de Abangares  Parque el INVU",MUNICIPALIDAD DE ABANGARES,05/10/2026 10:09,05/10/2026 10:20,,13/10/2026 09:30,En recepción de ofertas,En recepción de ofertas,LD,,01,3014042099,JORGE EDUARDO RODRIGUEZ PADILLA,G301404209999025,00
2026LD-000054-0000700001,20261000350,"Contratación del servicio de reparación para equipos eléctricos de detección de incendios y luces electrobioscopicas, bajo la modalidad según demanda",MUNICIPALIDAD DE GRECIA,05/10/2026 10:08,05/10/2026 13:00,,12/10/2026 10:15,En recepción de ofertas,En recepción de ofertas,LD,,02,3014042066,Kristin Conejo Solís,G301404206666093,00
2026LD-000053-0000700001,20260903948,Insumos varios para navidad de la Oficina de Cultura,MUNICIPALIDAD DE GRECIA,05/10/2026 10:05,05/10/2026 10:30,,12/10/2026 10:35,En recepción de ofertas,En recepción de ofertas,LD,,01,3014042066,KAREN TATIANA BARRANTES BARRANTES,G3014042066070,00
2026LD-000018-0010500001,20261000116,"Compra de insumos y suministros de limpieza para uso del INTA, bajo la modalidad de entrega según demanda",INSTITUTO NACIONAL DE INNOVACIÓN TECNOLÓGICA AGROPECUARIA INTA,05/10/2026 09:58,05/10/2026 10:00,,12/10/2026 10:00,En recepción de ofertas,En recepción de ofertas,LD,,02,3007320067,Bryan Esteban Moreira Rodríguez,G300732006767114,00
2026LD-000048-0022200208,20261000120,Contratación alquiler de cámaras de vigilancia para Cementerios Municipales de Poás,MUNICIPALIDAD DEL CANTÓN DE POAS,05/10/2026 09:57,05/10/2026 10:00,,12/10/2026 10:00,Objetado,Objetado,LD,,08,3014042073,ADRIANA DIAZ MURILLO,G3014042073002,00
2026LD-000032-0001102799,20261000307,Compra de banderas para sustitución UE 2762,CAJA COSTARRICENSE DE SEGURO SOCIAL,05/10/2026 09:54,06/10/2026 07:00,,12/10/2026 10:00,En recepción de ofertas,En recepción de ofertas,LD,,01,4000042147,ELICINIO MORA BERMUDEZ,G4000042147544,00
2026LD-000052-0000700001,20260903991,Adquisición de una marimba para el Liceo Santa Gertrudis del cantón de Grecia.,MUNICIPALIDAD DE GRECIA,05/10/2026 09:51,05/10/2026 10:00,,12/10/2026 10:05,En recepción de ofertas,En recepción de ofertas,LD,,01,3014042066,KAREN TATIANA BARRANTES BARRANTES,G3014042066070,00
2026LD-000038-0043900001,20261000416,"CONTRATACION DEL SERVICIO DE SUMINISTRO, INSTALACION Y PUESTA EN FUNCIONAMIENTO DE LA PLANTA ELECTRICA Y TRANSFERENCIA AUTOMATICA, PALACIO MUNICIPAL",MUNICIPALIDAD DE ABANGARES,05/10/2026 09:40,05/10/2026 10:00,,13/10/2026 10:00,En recepción de ofertas,En recepción de ofertas,LD,,01,3014042099,JORGE EDUARDO RODRIGUEZ PADILLA,G301404209999025,00
2026LD-000175-0001300002,20261000165,"Adquisición de kit de luz forense portátil (ALS–Fuente de Luz Alternativa) de uso institucional, para la Delegación Regional de Pococí y Guácimo.",CORTE SUPREMA DE JUSTICIA-PODER JUDICIAL,05/10/2026 09:19,06/10/2026 00:00,,13/10/2026 07:30,En recepción de ofertas,En recepción de ofertas,LD,,01,2300042155,Randy Alberto Solís Arguedas,G2300042155191,00
2026LD-000072-0003300001,20261000400,Talleres de huertas urbanas para el cantón de Moravia,MUNICIPALIDAD DE MORAVIA,05/10/2026 08:57,05/10/2026 09:00,,12/10/2026 09:05,En recepción de ofertas,En recepción de ofertas,LD,,01,3014042055,JORGE MESEN SOLORZANO,G3014042055002,00
2026LD-000019-0029254321,20261000396,Diseño y construcción de pasos elevados para tuberías de conducción del Acueducto Municipal,CONCEJO MUNICIPAL DE CERVANTES,05/10/2026 08:53,05/10/2026 09:00,,12/10/2026 09:01,En recepción de ofertas,En recepción de ofertas,LD,,01,3007078499,ANDREA CAROLINA RODRIGUEZ AGUIRRE,G3007078499002,00
2026PX-000008-0004800001,20261000314,ADQUISICIÓN DE REGISTRADORES DE DATOS,MUNICIPALIDAD DE LA UNIÓN,05/10/2026 08:31,05/10/2026 09:00,,12/10/2026 09:00,En recepción de ofertas,En recepción de ofertas,PX,,01,3014042083,KRISTIN REBECA CORTES MORALES,G3014042083003,00
2026XE-000254-0000200001,20261000034,"Procedimiento de Escasa Cuantía. Adquisición Álabes De Turbina Hidráulica Tipo Francis, Planta Hidroeléctrica Ventanas.",COMPAÑÍA NACIONAL DE FUERZA Y LUZ SOCIEDAD ANÓNIMA,05/10/2026 08:28,05/10/2026 10:00,,15/10/2026 08:15,En recepción de ofertas,En recepción de ofertas,PE,,01,3101000046,GLAUCO ALBERTO TOSSO TORRES,G3101000046215,00
2026XE-000253-0000200001,20261000033,"Escasa cuantía, Adquisición, fabricación e instalación de carrocerías para las unidades 575 camión Freightliner y 981, 1055 pickup Toyota Hilux, propiedad de CNFL",COMPAÑÍA NACIONAL DE FUERZA Y LUZ SOCIEDAD ANÓNIMA,05/10/2026 08:15,05/10/2026 10:00,,12/10/2026 08:10,En recepción de ofertas,En recepción de ofertas,PE,,01,3101000046,GLAUCO ALBERTO TOSSO TORRES,G3101000046215,00
2026LD-000028-0041201186,20261000391,Suministros de limpieza III,FUNDACIÓN DEL PARQUE MARINO DEL PACIFICO,05/10/2026 08:14,05/10/2026 09:00,,12/10/2026 10:15,En recepción de ofertas,En recepción de ofertas,LD,,01,3006293428,Patricia Soto Najera,G300629342800021,00
2026LD-000007-0001102274,20261000369,PRUEBAS PSICOLOGICAS PARA EL AREA DE SALUD HEREDIA VIRILLA 2026,CAJA COSTARRICENSE DE SEGURO SOCIAL,05/10/2026 08:13,06/10/2026 07:00,,12/10/2026 10:00,En recepción de ofertas,En recepción de ofertas,LD,,01,4000042147,MARLON ALEJANDRO JIMENEZ RIVERA,I4000042147553,00
2026LD-000077-0041342028,20260903005,ELABORACIÓN DE LA MEMORIA DE CÁLCULO DEL SISTEMA CONTRA INCENDIOS EXISTENTE,EMPRESA DE SERVICIOS PÚBLICOS DE HEREDIA SOCIEDAD ANÓNIMA,05/10/2026 08:07,05/10/2026 17:00,,13/10/2026 07:01,En recepción de ofertas,En recepción de ofertas,LD,,01,3101042028,Nancy Pamela Jiménez Brenes,G310104202828132,00
2026LY-000123-0001101142,20260903899,TUBOS AL VACÍO 2-88-90-1556,CAJA COSTARRICENSE DE SEGURO SOCIAL,05/10/2026 08:05,06/10/2026 00:00,,26/10/2026 09:00,En recepción de ofertas,En recepción de ofertas,LY,,02,4000042147,SONIA VALVERDE MORA,H4000042147438,00
2026XE-000252-0000200001,20261000070,Escasa Cuantía - Cinco torres de iluminación portátiles tipo led de 27000 lúmenes,COMPAÑÍA NACIONAL DE FUERZA Y LUZ SOCIEDAD ANÓNIMA,05/10/2026 07:56,05/10/2026 10:00,,12/10/2026 08:10,En recepción de ofertas,En recepción de ofertas,PE,,01,3101000046,MARIA DE LOS ANGELES QUESADA ARAYA,G3101000046004,00
2026XE-000251-0000200001,20261000205,Concurso de adquisición - COMPRA DE SWITCHES DE COMUNICACIÓN,COMPAÑÍA NACIONAL DE FUERZA Y LUZ SOCIEDAD ANÓNIMA,05/10/2026 07:54,05/10/2026 08:00,,26/10/2026 08:15,En recepción de ofertas,En recepción de ofertas,PE,,01,3101000046,MARIA DE LOS ANGELES QUESADA ARAYA,G3101000046004,00
2026LD-000078-0011900001,20261000389,Instalación de luminarias solares en el espacio público conocido como parque Ecológico.,MUNICIPALIDAD DE LIBERIA,05/10/2026 07:45,05/10/2026 08:00,,15/10/2026 09:01,Objetado,Objetado,LD,,01,3014042106,JUAN PABLO MORA ULLOA,G3014042106001,00
2026LD-000088-0002200001,20260903885,SERVICIOS PARA LA REALIZACION DE CAPACITACIONES SOCIOEDUCATIVAS EN CASA DE LA JUVENTUD DE LA MUNICIPALIDAD DE MORA,MUNICIPALIDAD DE MORA,05/10/2026 07:33,05/10/2026 10:00,,12/10/2026 09:00,En recepción de ofertas,En recepción de ofertas,LD,,01,3014042054,GEREMMY DE LOS ANGELES CHAVES MARIN,G3014042054001,00
2026XE-000250-0000200001,20261000103,Escasa cuantía para la compra de Sierra reciproca tipo sable eléctrico a baterías portátil.,COMPAÑÍA NACIONAL DE FUERZA Y LUZ SOCIEDAD ANÓNIMA,05/10/2026 07:19,05/10/2026 10:00,,12/10/2026 08:05,En recepción de ofertas,En recepción de ofertas,PE,,02,3101000046,PAMELA CALVO GAITAN,G3101000046539,00
2026LD-000018-0031500002,20261000385,Contratación de entrenadores de Voleibol y Atletismo,COMITÉ CANTONAL DE DEPORTES Y RECREACIÓN DE SAN RAFAEL DE HEREDIA,04/10/2026 15:19,05/10/2026 01:00,,09/10/2026 15:31,En recepción de ofertas,En recepción de ofertas,LD,,01,3007066791,JOSE IGNACIO AGUILAR MONGE,G300706679191010,00
2026LD-000088-0015500001,20260903650,"Compra de mobiliario para oficina de Desarrollo Territorial de Santa Cruz, INDER",INSTITUTO DE DESARROLLO RURAL,04/10/2026 14:37,05/10/2026 10:00,,12/10/2026 10:00,En recepción de ofertas,En recepción de ofertas,LD,,01,4000042143,MARIO ESTEBAN ALPIZAR RODRIGUEZ,G4000042143007,00
2026LD-000088-0028300001,20261000374,CONTRATACIÓN DE SERVICIOS PROFESIONALES DE ENTRENADOR DE ATLETISMO MASCULINO Y FEMENINO 2026 PARA EL CODEA 112,COMITÉ CANTONAL DE DEPORTES Y RECREACIÓN DE ALAJUELA,02/10/2026 20:41,05/10/2026 08:00,,10/10/2026 11:01,En recepción de ofertas,En recepción de ofertas,LD,,08,3007075782,Giovanni Robles Rojas,G300707578282009,00
2026LE-000007-0028300001,20261000373,CONTRATACIÓN DE SERVICIOS PROFESIONALES DE ENTRENADOR DE VOLEIBOL MASCULINO Y FEMENINO 2026 PARA EL CODEA 118,COMITÉ CANTONAL DE DEPORTES Y RECREACIÓN DE ALAJUELA,02/10/2026 20:26,05/10/2026 08:00,,10/10/2026 11:01,En recepción de ofertas,En recepción de ofertas,LE,,08,3007075782,Giovanni Robles Rojas,G300707578282009,00
2026LD-000087-0028300001,20261000372,CONTRATACIÓN DE SERVICIOS PROFESIONALES DE ENTRENADOR DE GIMNASIA ARTÍSTICA 2026  PARA EL CODEA 119,COMITÉ CANTONAL DE DEPORTES Y RECREACIÓN DE ALAJUELA,02/10/2026 19:57,05/10/2026 08:00,,10/10/2026 11:01,En recepción de ofertas,En recepción de ofertas,LD,,08,3007075782,Giovanni Robles Rojas,G300707578282009,00
2026LD-000086-0028300001,20261000371,CONTRATACIÓN DE SERVICIOS PROFESIONALES DE ENTRENADOR DE VOLEIBOL PLAYA 2026 PARA EL CODEA 120,COMITÉ CANTONAL DE DEPORTES Y RECREACIÓN DE ALAJUELA,02/10/2026 19:37,05/10/2026 08:00,,10/10/2026 11:01,En recepción de ofertas,En recepción de ofertas,LD,,08,3007075782,Giovanni Robles Rojas,G300707578282009,00
2026LD-000011-0009000001,20261000297,COMPRA DE DOS VEHICULOS TIPO PICK UP PARA DINADECO,MINISTERIO GOBERNACIÓN Y POLICÍA,02/10/2026 19:14,05/10/2026 08:00,,09/10/2026 14:00,Objetado,Objetado,LD,,01,2100042004,MARIA ELENA UGALDE VENEGAS,G2100042004057,00
2026XE-000827-0000400001,20260902218,S.E - Contratación Directa de Escasa Cuantía Adquisición de Ropa de Trabajo (Uniformes para Técnicos) GE-360 /DISA,INSTITUTO COSTARRICENSE DE ELECTRICIDAD,02/10/2026 18:56,05/10/2026 00:00,,12/10/2026 08:00,En recepción de ofertas,En recepción de ofertas,PE,,01,4000042139,HERMES GERARDO SALAS MENA,G4000042139115,00
2026LD-000214-0018962008,20261000366,"L-345-2026 REMODELACION DEL LABORATORIO DE FOTOGRAFIA, SEDE CENTRAL",UNIVERSIDAD TÉCNICA NACIONAL,02/10/2026 17:18,05/10/2026 14:00,,14/10/2026 14:01,En recepción de ofertas,En recepción de ofertas,LD,,08,3007556085,LIDIA MARIA PEREZ MONTENEGRO,G3007556085022,00
2026XE-000826-0000400001,20260902685,SE-Contratación directa de escasa cuantía para el Servicio de instalación de sistema de monitoreo vibraciones radiadores  PT Garabito (DG-2243-2026).,INSTITUTO COSTARRICENSE DE ELECTRICIDAD,02/10/2026 17:10,05/10/2026 00:00,,12/10/2026 07:30,En recepción de ofertas,En recepción de ofertas,PE,,08,4000042139,Adriana Pereira Castro,H400004213901286,00
2026XE-000825-0000400001,20260903045,S.C Contratación Directa Excepción Servicio Contratación Medio Comunicación Inversiones de Cinema de CR para Difusión Mensajes Gestión Institucional,INSTITUTO COSTARRICENSE DE ELECTRICIDAD,02/10/2026 16:36,05/10/2026 00:00,,12/10/2026 07:30,En recepción de ofertas,En recepción de ofertas,PE,,01,4000042139,LUIS ARMANDO FATJO RIVERA,G4000042139998,00
2026LE-000007-0001102598,20261000236,EQUIPO MEDICO VARIO 2026,CAJA COSTARRICENSE DE SEGURO SOCIAL,02/10/2026 16:30,05/10/2026 07:00,,16/10/2026 09:01,Objetado,Objetado,LE,,01,4000042147,KENYI TATIANA MORALES PEÑA,L4000042147715,00
2026LD-000274-0006300001,20261000354,288844-Lavadora de Cristalería de Laboratorio,INSTITUTO TECNOLÓGICO DE COSTA RICA,02/10/2026 16:30,02/10/2026 16:30,,15/10/2026 14:01,En recepción de ofertas,En recepción de ofertas,LD,,01,4000042145,Eduardo Rosés Orozco,G4000042145010,00
2026XE-000824-0000400001,20260901725,"S.C Contratación Directa Excepción Servicio Contratación Medio Comuniación Social Comunicaciones Digiales Entretenimiento, Difusión Mensajes Gestión Institucional",INSTITUTO COSTARRICENSE DE ELECTRICIDAD,02/10/2026 16:29,05/10/2026 00:00,,19/10/2026 07:30,En recepción de ofertas,En recepción de ofertas,PE,,01,4000042139,Adriana Pereira Castro,H400004213901286,00
2026XE-000823-0000400001,20260901057,S.T.Contratación directa excepción por oferente único Servicio soporte y mantenimiento plataforma IDNS.,INSTITUTO COSTARRICENSE DE ELECTRICIDAD,02/10/2026 16:21,05/10/2026 00:00,,19/10/2026 07:30,En recepción de ofertas,En recepción de ofertas,PE,,01,4000042139,LUIS ARMANDO FATJO RIVERA,G4000042139998,00
2026XE-000822-0000400001,20260902064,S.E. LICITACION ABREVIADA. Modernización reguladores automáticos de voltaje y sistema extinción gas PH Garita (DG-2380-2 026),INSTITUTO COSTARRICENSE DE ELECTRICIDAD,02/10/2026 16:19,05/10/2026 00:00,,02/11/2026 07:30,En recepción de ofertas,En recepción de ofertas,PE,,01,4000042139,JORGE HERNANDEZ PARRA,G4000042139114,00
2026LD-000135-0003600001,20261000296,COMPRA DE MATERIALES METALICOS,MUNICIPALIDAD DE SAN CARLOS,02/10/2026 16:18,06/10/2026 23:59,,13/10/2026 09:00,En recepción de ofertas,En recepción de ofertas,LD,,01,3014042074,Manfred Castro Araya,G3014042074125,00
2026LY-000001-0040800001,20260902116,SERVICIO DE COCINA Y PREPARACIÓN DE ALIMENTOS POR DEMANDA PARA LA ESTACIÓN MIGRATORIA SUR,FIDEICOMISO FONDO ESPECIAL DE MIGRACIÓN JADGME BCR BICENTENARIO,02/10/2026 16:14,05/10/2026 09:00,,26/10/2026 09:01,En recepción de ofertas,En recepción de ofertas,LY,,02,3112810719,Esteban Vargas Quirós,G3112810719001,00
2026LD-000273-0006300001,20261000326,"Suministro e Instalación de Equipo NAS de 4 Bahías, CTLSJ y Campus Central",INSTITUTO TECNOLÓGICO DE COSTA RICA,02/10/2026 15:54,02/10/2026 16:00,,12/10/2026 10:01,En recepción de ofertas,En recepción de ofertas,LD,,01,4000042145,Eduardo Rosés Orozco,G4000042145010,00
2026XE-000006-0041342028,20261000332,Contratación para Compra de Flotilla Vehicular para el Negocio de Telecomunicaciones,EMPRESA DE SERVICIOS PÚBLICOS DE HEREDIA SOCIEDAD ANÓNIMA,02/10/2026 15:53,02/10/2026 17:00,,13/10/2026 07:01,Objetado,Objetado,PE,,01,3101042028,Susana Quirós Gutiérrez,G310104202828133,00
2026XE-000821-0000400001,20260903224,S.E Contratación Directa de Escasa Cuantía / ADQUISICION DE COMPACTADOR DEL SUELO TIPO MECANICO GE-367,INSTITUTO COSTARRICENSE DE ELECTRICIDAD,02/10/2026 15:49,05/10/2026 00:00,,12/10/2026 07:30,En recepción de ofertas,En recepción de ofertas,PE,,01,4000042139,SILVIA ESTELA CHAVES SALAZAR,G4000042139200,00
2026XE-000820-0000400001,20260903144,S.E-Contratación directa de escasa cuantía para la Adquisición de Motosierras eléctricas y de combustión // DT.,INSTITUTO COSTARRICENSE DE ELECTRICIDAD,02/10/2026 15:47,05/10/2026 07:00,,12/10/2026 07:30,En recepción de ofertas,En recepción de ofertas,PE,,01,4000042139,VIVIANA FIGUEROA ARAYA,G4000042139108,00
2026LD-000024-0002500001,20261000345,CONTRATACIÓN DE SERVICIOS PARA LA CONSTRUCCIÓN DE LOS NUEVOS CAMERINOS DEL ESTADIO JORGE “PALMAREÑO” SOLÍS,MUNICIPALIDAD DE PALMARES,02/10/2026 15:28,05/10/2026 15:10,,09/10/2026 15:50,En recepción de ofertas,En recepción de ofertas,LD,,01,3014042071,NANCY KARINA MENDEZ ARCE,G3014042071017,00
2026XE-000819-0000400001,20260901769,S.E. LICITACION ABREVIADA// ADQUISICIÓN DE TUBERIA DE HIERRO GALVANIZADO CEDULA 80 /GE-056. P.E.,INSTITUTO COSTARRICENSE DE ELECTRICIDAD,02/10/2026 15:23,05/10/2026 00:00,,02/11/2026 07:30,En recepción de ofertas,En recepción de ofertas,PE,,02,4000042139,Milena Saborío Delgado,H400004213901238,00
2026LD-000034-0000900006,20261000050,Fortalecimiento de la redundancia eléctrica y continuidad de servicios del Centro de Datos Institucional mediante la adquisición de equipos ATS,UNIVERSIDAD DE COSTA RICA,02/10/2026 15:23,02/10/2026 16:00,,09/10/2026 11:00,En recepción de ofertas,En recepción de ofertas,LD,,01,4000042149,Esteban Rodriguez Cordero,G4000042149089,00
2026XE-000818-0000400001,20260902946,S.E.- CONTRATACION DIRECTA ESCASA CUANTIA ADQUISICION DE CONTROLADOR PARA FOTOVOLTAICOS FM-GDO DDYC,INSTITUTO COSTARRICENSE DE ELECTRICIDAD,02/10/2026 15:23,05/10/2026 00:00,,12/10/2026 07:30,En recepción de ofertas,En recepción de ofertas,PE,,01,4000042139,VIVIANA FIGUEROA ARAYA,G4000042139108,00
2026PX-000294-0004900001,20261000196,Compra de una obra de arte para la colección de artes visuales del BCCR  En casa de Jovina y Solita,BANCO CENTRAL DE COSTA RICA,02/10/2026 15:16,02/10/2026 15:20,,09/10/2026 10:00,En recepción de ofertas,En recepción de ofertas,PX,,01,4000004017,Wendy Bermúdez Cubillo,G4000004017009,00
2026LD-000012-0008400001,20261000309,Compra e instalación de estantes metálicos fijos para el Archivo Central del Consejo Nacional de Concesiones,CONSEJO NACIONAL DE CONCESIONES,02/10/2026 15:16,02/10/2026 23:59,,09/10/2026 23:59,En recepción de ofertas,En recepción de ofertas,LD,,02,3007228766,LUIS FUENTES ZUÑIGA,G3007228766003,00
2026LD-000028-0007600001,20261000325,Acsesorios Dron,MINISTERIO DE VIVIENDA Y ASENTAMIENTO,02/10/2026 15:15,05/10/2026 08:00,,12/10/2026 08:00,En recepción de ofertas,En recepción de ofertas,LD,,01,2100042013,ANA MARCELA BOLAÑOS BOLAÑOS,G2100042013001,00
2026LD-000073-0004900001,20261000186,ADQUISICIÓN DE EQUIPO DE TELEPRESENCIA.,BANCO CENTRAL DE COSTA RICA,02/10/2026 15:15,02/10/2026 16:00,,09/10/2026 10:00,En recepción de ofertas,En recepción de ofertas,LD,,01,4000004017,GREDDY CHINCHILLA CASCANTE,G4000004017066,00
2026PX-000293-0004900001,20261000194,Compra de una obra de arte para la colección de artes visuales del BCCR Reflejos reminiscentes.,BANCO CENTRAL DE COSTA RICA,02/10/2026 15:13,02/10/2026 15:15,,09/10/2026 10:00,En recepción de ofertas,En recepción de ofertas,PX,,01,4000004017,Wendy Bermúdez Cubillo,G4000004017009,00
2026XE-000817-0000400001,20261000261,"S.E- Contratación Directa de Escasa Cuantía, Adquisición de soldadura (DG-2356-2026)",INSTITUTO COSTARRICENSE DE ELECTRICIDAD,02/10/2026 15:12,05/10/2026 00:00,,12/10/2026 07:30,En recepción de ofertas,En recepción de ofertas,PE,,01,4000042139,VIVIANA SOLIS ALFARO,H4000042139885,00
2026PX-000292-0004900001,20261000193,"Compra de una obra de arte para la colección de artes visuales del BCCR, VOLCAN 4.",BANCO CENTRAL DE COSTA RICA,02/10/2026 15:10,02/10/2026 15:15,,09/10/2026 10:00,En recepción de ofertas,En recepción de ofertas,PX,,01,4000004017,Wendy Bermúdez Cubillo,G4000004017009,00
2026LD-000019-0012400001,20260801059,Adquisición de Electrodomésticos,MINISTERIO DE OBRAS PÚBLICAS Y TRANSPORTES,02/10/2026 15:07,02/10/2026 15:10,,09/10/2026 10:00,En recepción de ofertas,En recepción de ofertas,LD,,01,2100042008,KARLA HERNANDEZ DIAZ,G210004200800358,00
2026PX-000291-0004900001,20261000184,Compra de 3 obras de arte para la colección de artes visuales del BCCR.,BANCO CENTRAL DE COSTA RICA,02/10/2026 15:06,02/10/2026 15:15,,09/10/2026 10:00,En recepción de ofertas,En recepción de ofertas,PX,,01,4000004017,Wendy Bermúdez Cubillo,G4000004017009,00
2026LD-000072-0004900001,20261000199,"Servicios de asesoría en economía ambiental, para el Banco Central de Costa Rica (BCCR)",BANCO CENTRAL DE COSTA RICA,02/10/2026 15:03,02/10/2026 15:05,,09/10/2026 14:00,En recepción de ofertas,En recepción de ofertas,LD,,08,4000004017,Wendy Bermúdez Cubillo,G4000004017009,00
2026LD-000117-0021600001,20261000323,"Mejoras varias en el salón multiusos de la Pacaya, San Miguel, Desamparados. ",MUNICIPALIDAD DE DESAMPARADOS,02/10/2026 15:02,02/10/2026 15:30,,12/10/2026 08:30,En recepción de ofertas,En recepción de ofertas,LD,,08,3014042048,ILIANA ZAMORA ARAYA,G3014042048001,00
2026LD-000015-0005800001,20261000074,Servicios Profesionales de Educación Ambiental Bajo la Modalidad según Demanda,INSTITUTO NACIONAL DE VIVIENDA Y URBANISMO,02/10/2026 14:52,05/10/2026 07:30,,14/10/2026 10:31,Objetado,Objetado,LD,,02,4000042134,ANDREA MARIA BARRANTES QUIROS,G4000042134062,00
2026XE-000816-0000400001,20260903289,S.E. Contratación Directa de Excepción SERVICIO DE ACREDITACIÓN DEL LABORATORIO QUÍMICO (DG-2259-2026),INSTITUTO COSTARRICENSE DE ELECTRICIDAD,02/10/2026 14:48,05/10/2026 00:00,,19/10/2026 07:30,En recepción de ofertas,En recepción de ofertas,PE,,08,4000042139,ANA CAROLINA RIVAS MORERA,H400004213901028,00
2026LD-000109-0023300001,20261000321,Servicio de capacitación de disparo y acondicionamiento físico para la Municipalidad de San Rafael de Heredia,MUNICIPALIDAD DE SAN RAFAEL DE HEREDIA,02/10/2026 14:47,02/10/2026 15:30,,09/10/2026 10:05,En recepción de ofertas,En recepción de ofertas,LD,,01,3014042095,Floribeth Chaves Ramirez,G3014042095001,00
2026LD-000076-0041342028,20261000221,Modernización Obra Civil de la Toma de la Planta Hidroeléctrica Jorge Manuel Dengo Obregón.,EMPRESA DE SERVICIOS PÚBLICOS DE HEREDIA SOCIEDAD ANÓNIMA,02/10/2026 14:38,02/10/2026 16:00,,12/10/2026 07:01,En recepción de ofertas,En recepción de ofertas,LD,,01,3101042028,Nancy Pamela Jiménez Brenes,G310104202828132,00
2026LE-000031-0001102501,20261000268,COMPRA DE BOLSAS PLASTICAS JARDINERAS PARA DESECHAR MATERIAL BIOINFECCIOSO.,CAJA COSTARRICENSE DE SEGURO SOCIAL,02/10/2026 14:31,05/10/2026 07:00,,20/10/2026 10:01,Objetado,Objetado,LE,,02,4000042147,Ricardo Olmazo Araya,G4000042147817,00
2026LD-000023-0002500001,20261000318,Adquisición e instalación de 4 persianas para la oficina de Proveeduría ,MUNICIPALIDAD DE PALMARES,02/10/2026 14:30,05/10/2026 14:45,,09/10/2026 14:55,En recepción de ofertas,En recepción de ofertas,LD,,01,3014042071,NANCY KARINA MENDEZ ARCE,G3014042071017,00
2026LD-000010-0001102402,20261000269,COMPRA DE AIRE ACONDICIONADO PARA EL SALON DE HOMBRES Y SUMANTENIMIENTO.,CAJA COSTARRICENSE DE SEGURO SOCIAL,02/10/2026 14:30,05/10/2026 07:00,,09/10/2026 10:00,En recepción de ofertas,En recepción de ofertas,LD,,01,4000042147,SEBASTIANA CALVO SEQUEIRA,H4000042147557,00
2026PX-000005-0020920401,20261000275,Reparaciones indeterminadas del vehículo SM-4267,MUNICIPALIDAD DE SAN MATEO,02/10/2026 14:27,02/10/2026 16:00,,09/10/2026 13:30,En recepción de ofertas,En recepción de ofertas,PX,,01,3014042075,HERIBERTO BERROCAL CARVAJAL,G3014042075002,00
2026LD-000120-0003500001,20261000128,EQUIPO PARA GIMNASIO (MEDICO),UNIVERSIDAD NACIONAL,02/10/2026 14:27,05/10/2026 00:00,,12/10/2026 06:00,En recepción de ofertas,En recepción de ofertas,LD,,01,4000042150,HAROLD CRUZ SYLVESTER,G4000042150021,00
2026LD-000016-0007900001,20261000266,"Mantenimiento preventivo y correctivo, diagnóstico de fallas y suministro de repuestos de equipos de litografía",JUNTA ADMINISTRATIVA IMPRENTA NACIONAL,02/10/2026 14:27,05/10/2026 14:00,,09/10/2026 14:08,En recepción de ofertas,En recepción de ofertas,LD,,02,3007042032,GUIDO CASTRO CHACON,G3007042032012,00
2026LD-000389-0001300001,20260900690,Contrato según demanda para el Servicio de limpieza y lavado para los vehículos oficiales asignados a la Delegación Regional de Pococí y Guácimo,CORTE SUPREMA DE JUSTICIA-PODER JUDICIAL,02/10/2026 14:17,05/10/2026 00:00,,12/10/2026 08:00,En recepción de ofertas,En recepción de ofertas,LD,,02,2300042155,PATRICIA GAMBOA CAÑAS,G2300042155371,00
2026LD-000388-0001300001,20260902811,Compra de consola KVM,CORTE SUPREMA DE JUSTICIA-PODER JUDICIAL,02/10/2026 14:13,05/10/2026 00:00,,12/10/2026 08:00,En recepción de ofertas,En recepción de ofertas,LD,,01,2300042155,ADRIANA DURAN DURAN,G2300042155272,00
2026LD-000041-0007300001,20261000209,Adquisición de Textiles y Vestuario (Franelas),MINISTERIO DE EDUCACIÓN PUBLICA,02/10/2026 14:12,05/10/2026 07:00,,12/10/2026 07:00,En recepción de ofertas,En recepción de ofertas,LD,,01,2100042002,SARA MELISSA SOLANO BONILLA,G2100042002012,00
2026XE-000164-0001101142,20260903656, Butilbromuro de Hioscina 20 mg,CAJA COSTARRICENSE DE SEGURO SOCIAL,02/10/2026 14:10,05/10/2026 00:00,,16/10/2026 11:00,En recepción de ofertas,En recepción de ofertas,PE,,02,4000042147,Maricela Sancho Vargas,H4000042147133,00
2026LD-000133-0003600001,20260903913,"COMPRA DE UPS Y CONTRATACIÓN DEL SERVICIO DE REPARACIÓN DE LAPTOP, ENTREGA SEGÚN DEMANDA",MUNICIPALIDAD DE SAN CARLOS,02/10/2026 14:07,02/10/2026 23:59,,09/10/2026 10:00,En recepción de ofertas,En recepción de ofertas,LD,,02,3014042074,NERSY ROCIO ARCE ARAYA,G3014042074004,00
2026LY-000044-0001102101,20261000095,Compra de materiales de clínica y laboratorio odontológico,CAJA COSTARRICENSE DE SEGURO SOCIAL,02/10/2026 13:51,05/10/2026 00:00,,13/11/2026 09:30,En recepción de ofertas,En recepción de ofertas,LY,,02,4000042147,DEILYN VIVIANA PRADO ARIAS,N400004214701725,00
2026LD-000017-0029000001,20261000303,COMPRA DE MATERIALES PARA MEJORAS EN LA ESCUELA DE SAN JOAQUIN,CONCEJO MUNICIPAL DE DISTRITO DE COLORADO DE ABANGARES,02/10/2026 13:35,05/10/2026 08:00,,09/10/2026 10:00,En recepción de ofertas,En recepción de ofertas,LD,,01,3007066304,Idaly Guzmán Mejias,G3007066304001,00
2026LD-000051-0010400001,20261000059,MANTENIMIENTO A CENTRALES TELEFONICAS PARA EL IAFA,INSTITUTO SOBRE ALCOHOLISMO Y FARMACODEPENDENCIA,02/10/2026 13:34,02/10/2026 16:00,,09/10/2026 10:00,En recepción de ofertas,En recepción de ofertas,LD,,01,3007045737,JOSÉ MAURICIO MORALES ROJAS,G300704573737176,00
2026LD-000020-0006900001,20261000253,Suscripción de un contrato para el mantenimiento preventivo y correctivo de equipos de rayos X dental para el Sistema Penitenciario Nacional,MINISTERIO DE JUSTICIA Y PAZ,02/10/2026 13:21,05/10/2026 07:30,,20/10/2026 09:00,Objetado,Objetado,LD,,02,2100042006,Mónica María Espinoza Ballestero,G210004200606257,00
2026LD-000033-0001102944,20261000293,Insumos Plásticos para el Laboratorio Genética Humano Molecular,CAJA COSTARRICENSE DE SEGURO SOCIAL,02/10/2026 13:04,05/10/2026 07:00,,09/10/2026 10:00,Objetado,Objetado,LD,,02,4000042147,OSCAR DANILO SALAS BARRANTES,L4000042147671,00
2026LD-000185-0001102102,20261000267,ABDUCTORES DE CADERA ORTOPEDICA,CAJA COSTARRICENSE DE SEGURO SOCIAL,02/10/2026 13:03,05/10/2026 00:00,,09/10/2026 10:00,En recepción de ofertas,En recepción de ofertas,LD,,02,4000042147,DAVID FERNANDEZ MARIN,H4000042147538,00
2026LD-000023-0001102206,20261000271,Pintura y Trabajos de Mantenimiento Sede Área de Salud Atenas,CAJA COSTARRICENSE DE SEGURO SOCIAL,02/10/2026 13:02,05/10/2026 07:00,,16/10/2026 09:00,Objetado,Objetado,LD,,01,4000042147,LINA MARIA RODRIGUEZ SOLIS,H4000042147689,00
2026LD-000126-0016700105,20261000069,"Adquisición de insumos de limpieza para utilizar en las instalaciones de RECOPE, según demanda. Por un plazo de 12 meses. SOLPE 2026000079 / CA20260208 R1",REFINADORA COSTARRICENSE DE PETRÓLEO SOCIEDAD ANÓNIMA,02/10/2026 12:59,05/10/2026 07:00,,09/10/2026 10:00,En recepción de ofertas,En recepción de ofertas,LD,,02,3101007749,SILVIA FLORES SANCHEZ,G3101007749315,00
2026LD-000012-0033100001,20260803385,Mantenimiento del edificio de la Dirección de Área Rectora de Salud Santa Cruz,CONTRATO DE FIDEICOMISO NO OCHO SIETE DOS MINISTERIO DE SALUD - BANCO NACIONAL DE COSTA RICA,02/10/2026 12:48,05/10/2026 10:00,,09/10/2026 10:01,En recepción de ofertas,En recepción de ofertas,LD,,01,3112728227,MATILDE MORICE RUGAMA,G3112728227134,00
2026LD-000011-0008400001,20261000280,"Compra de boleto aéreo ida y regreso, San José Costa Rica- Rio de Janeiro, Brasil",CONSEJO NACIONAL DE CONCESIONES,02/10/2026 12:46,02/10/2026 23:59,,09/10/2026 23:59,En recepción de ofertas,En recepción de ofertas,LD,,01,3007228766,LUIS FUENTES ZUÑIGA,G3007228766003,00
2026LD-000071-0003300001,20261000151,Compra de insumos para el mantenimiento de equipos de transporte,MUNICIPALIDAD DE MORAVIA,02/10/2026 12:46,02/10/2026 13:00,,12/10/2026 10:05,En recepción de ofertas,En recepción de ofertas,LD,,01,3014042055,Silvia Díaz Soto,G301404205500099,00
2026LD-000271-0006300001,20261000245,"291346-Adquisición de chalecos antibalas, CTLSC",INSTITUTO TECNOLÓGICO DE COSTA RICA,02/10/2026 11:55,02/10/2026 12:00,,09/10/2026 11:01,En recepción de ofertas,En recepción de ofertas,LD,,01,4000042145,Eduardo Rosés Orozco,G4000042145010,00
2026LD-000116-0021600001,20261000270,CONTRATACIÓN DE SERVICIOS PARA LA ELABORACIÓN DE ESTUDIOS TÉCNICOS Y TRAMITACIÓN DE LA VIABILIDAD AMBIENTAL ,MUNICIPALIDAD DE DESAMPARADOS,02/10/2026 11:33,02/10/2026 12:00,,12/10/2026 08:30,En recepción de ofertas,En recepción de ofertas,LD,,08,3014042048,ILIANA ZAMORA ARAYA,G3014042048001,00
2026LD-000387-0001300001,20260800528,Limpieza de los tanques de agua de los edificios varios del I Circuito Judicial de San José,CORTE SUPREMA DE JUSTICIA-PODER JUDICIAL,02/10/2026 11:30,05/10/2026 00:00,,12/10/2026 07:30,En recepción de ofertas,En recepción de ofertas,LD,,08,2300042155,KAROLAY VALVERDE VARGAS,G230004215555590,00
2026RE-000002-0001101161,20260904007,Remate de vehículos,CAJA COSTARRICENSE DE SEGURO SOCIAL,02/10/2026 11:08,,,16/10/2026 10:00,En recepción de ofertas,En recepción de ofertas,RE,,01,4000042147,LUCIA MARIA MORA UREÑA,J4000042147673,00
2026LD-000050-0010400001,20261000080,SOPORTE Y HOSPEDAJE SISTEMA DE GESTION DOCUMENTAL IAFA,INSTITUTO SOBRE ALCOHOLISMO Y FARMACODEPENDENCIA,02/10/2026 10:58,02/10/2026 16:00,,09/10/2026 10:00,En recepción de ofertas,En recepción de ofertas,LD,,01,3007045737,JOSÉ MAURICIO MORALES ROJAS,G300704573737176,00
2026LY-000003-0017699999,20261000249,SERVICIOS DE SEGURIDAD PRIVADA VARIAS SEDES,UNIVERSIDAD ESTATAL A DISTANCIA,02/10/2026 10:36,02/10/2026 11:00,,13/11/2026 09:01,En recepción de ofertas,En recepción de ofertas,LY,,08,4000042151,CARLOS STEVE BRIZUELA AVILA,G4000042151003,00
2026LD-000223-0015499999,20261000175,"Servicio integral para el diseño de planos constructivos, fabricación, cimentación, anclaje e instalación de cuatro módulos de letras volumétricas",MUNICIPALIDAD DEL CANTÓN CENTRAL DE SAN JOSÉ,02/10/2026 10:10,05/10/2026 00:00,,09/10/2026 10:31,En recepción de ofertas,En recepción de ofertas,LD,,01,3014042058,NATALIA DE LOS ANGELES SANCHEZ NARANJO,G3014042058184,00
2026LD-000021-0000900022,20261000174,Adquisición cámara IP de vídeo vigilancia para la Sede del Sur.,UNIVERSIDAD DE COSTA RICA,02/10/2026 09:58,02/10/2026 10:00,,09/10/2026 10:30,En recepción de ofertas,En recepción de ofertas,LD,,01,4000042149,FABIANA CABALCETA BARRANTES,G4000042149775,00
2026LD-000057-0018800001,20261000241,Contratación de insumos para carnet institucional,SERVICIO NACIONAL DE AGUAS SUBTERRÁNEAS RIEGO Y AVENAMIENTO,02/10/2026 09:35,02/10/2026 12:00,,12/10/2026 08:00,En recepción de ofertas,En recepción de ofertas,LD,,01,3007042041,Luis Alejandro Monge Arias,G3007042041107,00
2026LE-000015-0021000001,20260903875,CONTRATACIÓN DE PERSONA FÍSICA O JURÍDICA PARA DAR EL SERVICIO INTEGRADO DE CONSULTORIO MÉDICO PARA TODOS LOS FUNCIONARIOS DE LA MUNICIPALIDAD  DE SANTA CRUZ,MUNICIPALIDAD DE SANTA CRUZ,02/10/2026 09:31,02/10/2026 10:00,,19/10/2026 10:00,En recepción de ofertas,En recepción de ofertas,LE,,01,3014042109,DIANA ISABEL VILLALTA GUTIERREZ,G3014042109001,00
2026LD-000002-0015100001,20261000183,Contratación de licenciamiento de Microsoft Teams Phone según demanda y adquisición por cantidad definida de equipos de sobrevivencia local de telefonía IP.,ASOCIACIÓN CRUZ ROJA COSTARRICENSE,02/10/2026 09:19,05/10/2026 00:00,,12/10/2026 09:00,Objetado,Objetado,LD,,02,3002045433,Michael Pereira Rojas,G300204543333082,00
2026LD-000174-0001300002,20261000227,Readecuación de la estructura metálica de la pasarela de la torre 3 de los Tribunales Limón,CORTE SUPREMA DE JUSTICIA-PODER JUDICIAL,02/10/2026 09:12,05/10/2026 07:00,,09/10/2026 19:31,En recepción de ofertas,En recepción de ofertas,LD,,08,2300042155,CERANIA ISABEL SEVILLA CORDOBA,G2300042155180,00
2026LD-000030-0001102799,20261000203,"MEJORAS Y MANTENIMIENTO EN BODEGA DE ARCHIVO CLINICO (REDES), AREA DESALUD BUENOS AIRES.",CAJA COSTARRICENSE DE SEGURO SOCIAL,02/10/2026 09:03,05/10/2026 07:00,,09/10/2026 10:00,En recepción de ofertas,En recepción de ofertas,LD,,18,4000042147,MARVIN AGUILERA FLORES,G4000042147543,00
2026LD-000386-0001300001,20260902060,Capacitación sobre Victimología aplicada: perfilación victimológica y valoración del riesgo en la OAPVD y JEDO-OAPVD,CORTE SUPREMA DE JUSTICIA-PODER JUDICIAL,02/10/2026 08:54,05/10/2026 00:00,,14/10/2026 08:00,Objetado,Objetado,LD,,08,2300042155,Marianela Zúñiga Jiménez,G2300042155096,00
2026LY-000010-0015500001,20261000214,"Diseño y construcción de embarcadero vecinal en Isla Caballo, sectores de Playa Coronado y Playa Torres, Puntarenas, código Sider 25-RDPC-0023-3451, código BPIP 003466",INSTITUTO DE DESARROLLO RURAL,02/10/2026 08:40,02/10/2026 12:00,,13/11/2026 09:00,En recepción de ofertas,En recepción de ofertas,LY,,08,4000042143,DANIELA MARIA CAMPOS HERNANDEZ,G4000042143293,00
2026PX-000009-0001101103,20261000137,"Contratación de una póliza de Seguro de Insolvencia y Otras PérdidasPecuniarias, originados por insolvencia declarada o pérdida de capacidadfinanciera del deudor.",CAJA COSTARRICENSE DE SEGURO SOCIAL,02/10/2026 08:38,05/10/2026 07:00,,14/10/2026 08:00,En recepción de ofertas,En recepción de ofertas,PX,,08,4000042147,YANCI PAMELA SANCHEZ ARIAS,G4000042147644,00
2026LY-000122-0001101142,20260903392,"Ponatinib 15 mg tableta Código institucional 1-10-41-1355, Ponatinib 45 mg tableta Código institucional 1-10-41-1356. (Licitación Mayor Ley 9986. Según Demanda)",CAJA COSTARRICENSE DE SEGURO SOCIAL,02/10/2026 08:21,05/10/2026 07:00,,30/10/2026 09:00,En recepción de ofertas,En recepción de ofertas,LY,,02,4000042147,MICHAEL MAURICIO CALVO NUÑEZ,H4000042147838,00
2026LD-000070-0003300001,20260903863,Mejoras en el Parque Central de San Jerónimo de Moravia,MUNICIPALIDAD DE MORAVIA,02/10/2026 08:05,02/10/2026 09:00,,12/10/2026 09:05,En recepción de ofertas,En recepción de ofertas,LD,,01,3014042055,JORGE MESEN SOLORZANO,G3014042055002,00
2026LD-000045-0022500001,20261000208,Mejoramiento de la superficie de ruedo con mezcla asfáltica en caliente y los sistemas pluviales en el camino C7-06-076,MUNICIPALIDAD DE GUÁCIMO,02/10/2026 07:59,05/10/2026 00:00,,12/10/2026 09:00,Objetado,Objetado,LD,,01,3014042122,ZILENIA VENEGAS VARGAS,G3014042122004,00
2026LD-000008-0023000001,20260903286,Póliza anual vehículos del Sinart S.A. e ICD,SISTEMA NACIONAL DE RADIO Y TELEVISIÓN SOCIEDAD ANÓNIMA,02/10/2026 07:51,05/10/2026 08:00,,12/10/2026 10:00,Objetado,Objetado,LD,,01,3101347117,ALEXANDER BALTODANO ALVARADO,G310134711717063,00
2026PX-000115-0003500001,20260903976,REPARACIÓN INDETERMINADA PARA UNA ESTACIÓN METEOROLOGICA UBICADA EN EL PARQUE NACIONAL CHIRRIPÓ.,UNIVERSIDAD NACIONAL,02/10/2026 07:45,05/10/2026 10:00,,09/10/2026 10:01,En recepción de ofertas,En recepción de ofertas,PX,,01,4000042150,SULEYDA RUIZ TORREZ,G4000042150079,00
2026LY-000004-0001102701,20261000141,TINCIÓN AUTOMATIZADA DE HEMATOLOGÍA,CAJA COSTARRICENSE DE SEGURO SOCIAL,02/10/2026 07:27,05/10/2026 00:00,,23/10/2026 08:01,En recepción de ofertas,En recepción de ofertas,LY,,02,4000042147,JAIRO DAMIAN QUESADA BADILLA,G4000042147556,00
2026LD-000085-0028300001,20261000201,CONTRATACIÓN DE SERVICIOS PROFESIONALES DE ENTRENADOR DE BALONMANO FEMENINO Y MASCULINO 2026 PARA EL CODEA 121,COMITÉ CANTONAL DE DEPORTES Y RECREACIÓN DE ALAJUELA,01/10/2026 20:43,05/10/2026 08:00,,10/10/2026 11:01,En recepción de ofertas,En recepción de ofertas,LD,,08,3007075782,Giovanni Robles Rojas,G300707578282009,00
2026LD-000084-0028300001,20261000200,CONTRATACIÓN DE SERVICIOS PROFESIONALES DE ENTRENADOR DE TENIS MESA 2026 27 PARA EL CODEA 123,COMITÉ CANTONAL DE DEPORTES Y RECREACIÓN DE ALAJUELA,01/10/2026 20:27,05/10/2026 08:00,,10/10/2026 11:01,En recepción de ofertas,En recepción de ofertas,LD,,08,3007075782,Giovanni Robles Rojas,G300707578282009,00
2026LD-000028-0020600005,20261000169,Solicitud de Servicios en ejecución contractual Procedimiento Madre 2023LY-000003-0020600001 AIS-151-2026,BANCO POPULAR Y DE DESARROLLO COMUNAL,01/10/2026 16:19,02/10/2026 17:30,,09/10/2026 11:00,En recepción de ofertas,En recepción de ofertas,LD,,02,4000042152,Alexandra Rodríguez Chacón,G400004215200407,00
2026LD-000030-0010300001,20261000147,"Servicio de Taller Resiliencia, flexibilidad y gestión del cambio para los funcionarios del Centro Nacional de la Música",CENTRO NACIONAL DE LA MÚSICA,01/10/2026 15:58,01/10/2026 16:00,,12/10/2026 10:00,En recepción de ofertas,En recepción de ofertas,LD,,01,3007341927,GLADYS BOLAÑOS MONGE,G3007341927005,00
2026LE-000028-0022030101,20261000053,29091 - Mantenimiento correctivo para flotilla completa del Área de Gestión Vial,MUNICIPALIDAD DE CARTAGO,01/10/2026 15:55,02/10/2026 16:00,,23/10/2026 07:30,En recepción de ofertas,En recepción de ofertas,LE,,02,3014042080,Esteban González Monge,G3014042080128,00
2026LE-000041-0001102205,20261000108,BALÓN DE LITOTRIPCIA INTRAVASCULAR SHOCK WAVE,CAJA COSTARRICENSE DE SEGURO SOCIAL,01/10/2026 15:35,02/10/2026 07:00,,22/10/2026 09:00,Objetado,Objetado,LE,,02,4000042147,Nidia de los Ángeles Briceño Víctor,G4000042147832,00
2026LE-000020-0001102304,20260903965,"Contratación de Servicio de Mantenimiento Preventivo y Correctivo desistemas de alarmas y detección contra incendio, ubicado en el HospitalNacional de Salud Mental”",CAJA COSTARRICENSE DE SEGURO SOCIAL,01/10/2026 15:29,02/10/2026 07:00,,19/10/2026 08:01,Objetado,Objetado,LE,,08,4000042147,FIORELLA DE LOS ANGELES CASTRO GARRO,H4000042147505,00
2026LE-000027-0022030101,20260903989,28930 - Suministro e instalación de sistema completo de bombeo en Tanque de Cola - San Blas,MUNICIPALIDAD DE CARTAGO,01/10/2026 15:26,01/10/2026 15:30,,15/10/2026 08:00,En recepción de ofertas,En recepción de ofertas,LE,,01,3014042080,JENNY PATRICIA ELIZONDO CAMACHO,G3014042080002,00
2026LY-000005-0001102504,20260903881,INSUMOS E INSTRUMENTAL MEDICO,CAJA COSTARRICENSE DE SEGURO SOCIAL,01/10/2026 15:10,02/10/2026 07:00,,22/10/2026 10:00,Objetado,Objetado,LY,,02,4000042147,MARIA AUXILIADORA LOPEZ LOPEZ,I4000042147368,00
2026LD-000112-0001102104,20261000132,COMPRA DE REPUESTOS PARA AUTOCLAVE Y MESA DE CIRUGÍA (EMLR-034-2026)LICITACION REDUCIDA/ CANTIDAD DEFINIDA,CAJA COSTARRICENSE DE SEGURO SOCIAL,01/10/2026 15:04,02/10/2026 00:00,,09/10/2026 11:00,En recepción de ofertas,En recepción de ofertas,LD,,01,4000042147,Lourdes Brizuela Sánchez,H4000042147320,00
2026XE-000046-0001700001,20261000119,Contratación para Compra de Formularios Pre Impresos VUCE Octubre 2026,PROMOTORA DEL COMERCIO EXTERIOR DE COSTA RICA,01/10/2026 15:00,02/10/2026 08:00,,09/10/2026 10:00,En recepción de ofertas,En recepción de ofertas,PE,,01,3007196350,MARIO AGUILAR SANCHEZ,G3007196350108,00
2026LD-000186-0017699999,20261000122,SERVICIOS PROFESIONALES,UNIVERSIDAD ESTATAL A DISTANCIA,01/10/2026 14:55,01/10/2026 15:00,,13/10/2026 10:00,En recepción de ofertas,En recepción de ofertas,LD,,08,4000042151,Johanna Monge Ramírez,G4000042151009,00
2026LE-000016-0020600005,20260903678,Solicitud de Servicios en ejecución contractual Procedimiento Madre 2023LY-000003-0020600001 AIS-150-2026,BANCO POPULAR Y DE DESARROLLO COMUNAL,01/10/2026 14:23,01/10/2026 17:30,,15/10/2026 11:00,En recepción de ofertas,En recepción de ofertas,LE,,08,4000042152,Jazmín Ariana Latouche Ferreto,G4000042152260,00
2026LD-000049-0016800001,20260903169,"Contratación de Servicios Profesionales Especializados para la Atención de Observaciones, Recomendaciones y Requerimientos del Instituto Nacional de Vivienda y Urbanismo (INVU)",MUNICIPALIDAD DE SAN ISIDRO DE HEREDIA,01/10/2026 14:11,02/10/2026 08:00,,14/10/2026 08:31,En recepción de ofertas,En recepción de ofertas,LD,,08,3014042093,DAYANA MARIA ORTIZ VARGAS,G3014042093030,00
2026LE-000034-0001102101,20261000027,"ROMIPLOSTIM 250MCG POLVO PARA SOLUCIÓN INYECTABLE, FRASCO AMPOLLA",CAJA COSTARRICENSE DE SEGURO SOCIAL,01/10/2026 14:05,02/10/2026 00:00,,22/10/2026 09:00,En recepción de ofertas,En recepción de ofertas,LE,,02,4000042147,HANS UMAÑA GUTIERREZ,J4000042147726,00
2026LE-000048-0001102103,20260903865,TINCIONES ESPECIALES PARA PATOLOGÍA PRUEBAS EFECTIVAS,CAJA COSTARRICENSE DE SEGURO SOCIAL,01/10/2026 14:01,02/10/2026 00:00,,15/10/2026 08:00,Objetado,Objetado,LE,,02,4000042147,MARIA SANCHO LEIVA,L4000042147421,00
2026LD-000025-0032600531,20261000098,Servicios de un ingeniero eléctrico-Revisión eléctrica para el Polideportivo y Cancha Centro,COMITÉ CANTONAL DE DEPORTES Y RECREACIÓN DE DESAMPARADOS,01/10/2026 14:01,01/10/2026 19:00,,12/10/2026 09:00,En recepción de ofertas,En recepción de ofertas,LD,,08,3007061775,ISAMARA CENTENO LOPEZ,G3007061775002,00
2026LD-000069-0003300001,20261000094,Compra de equipo y maquinaria para la producción,MUNICIPALIDAD DE MORAVIA,01/10/2026 13:51,01/10/2026 14:00,,14/10/2026 10:05,En recepción de ofertas,En recepción de ofertas,LD,,01,3014042055,Silvia Díaz Soto,G301404205500099,00
2026LE-000012-0012300001,20260903856,SERVICIO DE CUIDO Y DESARROLLO INTEGRAL INFANTIL,TRIBUNAL SUPREMO DE ELECCIONES,01/10/2026 13:50,02/10/2026 00:01,,14/10/2026 08:05,En recepción de ofertas,En recepción de ofertas,LE,,02,2400042156,Michael Jesús Calvo Barrios,G2400042156199,00
2026LY-000006-0023100001,20261000081,Contratación de servicios administrados de centro de datos en la nube y servicios profesionales especializados para el soporte y mejora continua de los activos tecnológicos institucionales.,MUNICIPALIDAD DE CURRIDABAT,01/10/2026 12:45,01/10/2026 14:00,,04/11/2026 08:01,Objetado,Objetado,LY,,02,3014042047,PAOLO ADOLFO LEWIS MORA,G3014042047082,00
2026LE-000004-0023200001,20260903945,"ARRENDAMIENTO DE SOFTWARE PARA LA GESTIÓN FINANCIERA, TRIBUTARIA Y ADMINISTRATIVA, DE LA MUNICIPALIDAD DE NARANJO, BASADO EN LAS NICSP EN LA NUBE",MUNICIPALIDAD DE NARANJO,01/10/2026 12:16,01/10/2026 13:00,,20/10/2026 12:00,En recepción de ofertas,En recepción de ofertas,LE,,02,3014042069,YENCI MARGARITA SOLIS MIRANDA,G3014042069009,00
2026LE-000005-0008700001,20260902018,Renovacion y soporte Licencias Oracle,JUNTA ADMINISTRATIVA DE LA DIRECCIÓN GENERAL DE MIGRACIÓN Y EXTRANJERÍA,01/10/2026 12:10,01/10/2026 16:00,,13/10/2026 09:00,En recepción de ofertas,En recepción de ofertas,LE,,02,3007459778,Jorge Arturo Soto García,G3007459778008,00
2026LD-000078-0001102103,20261000002,"COMPRA CONSOLIDADA CIRUGIA DE TÓRAX Y GASTROENTEROLOGÍACATETER, BALONES Y OTROS",CAJA COSTARRICENSE DE SEGURO SOCIAL,01/10/2026 11:49,02/10/2026 00:00,,13/10/2026 09:00,En recepción de ofertas,En recepción de ofertas,LD,,02,4000042147,SANDRA QUESADA ROJAS,G4000042147077,00
2026LE-000017-0001102203,20261000001,REMODELACIÓN ÁREA ANEXA VESTÍBULO,CAJA COSTARRICENSE DE SEGURO SOCIAL,01/10/2026 10:39,02/10/2026 07:00,,15/10/2026 09:30,En recepción de ofertas,En recepción de ofertas,LE,,01,4000042147,MARIA JESUS SALAS HERNANDEZ,H4000042147173,00
2026LD-000017-0010500001,20261000032,"Servicio de Diagramación, Edición, Impresión y Publicación de Documentos",INSTITUTO NACIONAL DE INNOVACIÓN TECNOLÓGICA AGROPECUARIA INTA,01/10/2026 10:39,02/10/2026 07:00,,13/10/2026 08:01,En recepción de ofertas,En recepción de ofertas,LD,,02,3007320067,KAROL MARIA CASTRO DIAZ,G3007320067004,00
2026LD-000385-0001300001,20260903232,Compra de taladro percutor inalámbrico,CORTE SUPREMA DE JUSTICIA-PODER JUDICIAL,01/10/2026 10:38,02/10/2026 00:00,,14/10/2026 08:00,En recepción de ofertas,En recepción de ofertas,LD,,01,2300042155,EMILY SOTO FONSECA,G2300042155477,00
2026LD-000036-0008300001,20261000044,ADQUISICIÓN DE DOS VEHÍCULOS TODO TERRENO PARA LA ARESEP,AUTORIDAD REGULADORA DE LOS SERVICIOS PÚBLICOS,01/10/2026 10:36,01/10/2026 11:00,,09/10/2026 14:00,En recepción de ofertas,En recepción de ofertas,LD,,01,3007042042,FRANKLIN JAUBERT ELIZONDO,G3007042042001,00
2026PX-000012-0020600001,20260904035,"Contratación De Servicios De Infraestructura Para Una Solución Tecnológica (en modalidad de Infraestructura como Servicio, “laaS”), En Una Plataforma ZSeries",BANCO POPULAR Y DE DESARROLLO COMUNAL,01/10/2026 10:34,02/10/2026 08:00,,15/10/2026 10:00,En recepción de ofertas,En recepción de ofertas,PX,,08,4000042152,Jazmín Ariana Latouche Ferreto,G4000042152260,00
2026LE-000040-0001102205,20260903972,"MANTENIMIENTO PREVENTIVO Y CORRECTIVO PARA EQUIPOS AUDIOLOGICOS conopción de repuestos indeterminados, procedimiento amparado en elartículo 78 de la LGCP y 212 del RLGCP",CAJA COSTARRICENSE DE SEGURO SOCIAL,01/10/2026 10:20,02/10/2026 07:00,,22/10/2026 09:00,En recepción de ofertas,En recepción de ofertas,LE,,08,4000042147,MARCELA MAYELA RAMIREZ MORA,G4000042147520,00
2026LD-000036-0004611901,20260903578,"“CIERRE PERIMETRAL, SISTEMA DE ALCANTARILLADO PLUVIAL Y ADOQUINADO, INSTALACIONES DEL MERCADO MUNICIPAL Y DE LA TERMINAL DE BUSES DE LA MUNICIPALIDAD",MUNICIPALIDAD DE PÉREZ ZELEDÓN,01/10/2026 08:52,02/10/2026 00:00,,12/10/2026 14:00,En recepción de ofertas,En recepción de ofertas,LD,,01,3014042056,TATIANA DE LOS ANGELES GAMBOA MORA,G3014042056099,00
2026LE-000014-0021000001,20260900976,SUMINISTRO DE TUBERIA CORRUGADA PVC POR DEMANDA,MUNICIPALIDAD DE SANTA CRUZ,01/10/2026 08:25,01/10/2026 11:00,,16/10/2026 11:00,En recepción de ofertas,En recepción de ofertas,LE,,02,3014042109,DIANA ISABEL VILLALTA GUTIERREZ,G3014042109001,00
2026LE-000013-0021000001,20260900948,"COMPRA DE INSTRUMENTOS MUSICALES PARA LA MUNICIPALIDAD DE SANTA CRUZ, BAJO LA MODALIDAD SEGÚN DEMANDA.",MUNICIPALIDAD DE SANTA CRUZ,01/10/2026 08:22,05/10/2026 09:00,,20/10/2026 09:00,En recepción de ofertas,En recepción de ofertas,LE,,02,3014042109,DIANA ISABEL VILLALTA GUTIERREZ,G3014042109001,00
2026XE-000808-0000400001,20260902393,SC Contratación Directa Servicio de mantenimiento de equipos para impresión y producción gráfica (ROLAND),INSTITUTO COSTARRICENSE DE ELECTRICIDAD,01/10/2026 07:46,02/10/2026 00:00,,16/10/2026 07:00,En recepción de ofertas,En recepción de ofertas,PE,,02,4000042139,ALONSO ENRIQUE VARGAS QUIROS,G4000042139125,00
2026LY-000027-0015700001,20260902429,Servicios Profesionales de Auditoría Externa para el Acuerdo CONASSIF 5-24,BANCO DE COSTA RICA,01/10/2026 07:17,01/10/2026 10:00,,05/11/2026 10:00,En recepción de ofertas,En recepción de ofertas,LY,,CM,4000000019,Ronald Antonio Agüero Castro,G4000000019065,00
2026LD-000083-0028300001,20260904042,CONTRATACIÓN DE SERVICIOS PROFESIONALES DE ENTRENADOR DE CICLISMO RUTA Y MONTAÑA2026 PARA EL CODEA 122,COMITÉ CANTONAL DE DEPORTES Y RECREACIÓN DE ALAJUELA,30/09/2026 20:46,05/10/2026 08:00,,10/10/2026 11:01,En recepción de ofertas,En recepción de ofertas,LD,,08,3007075782,Giovanni Robles Rojas,G300707578282009,00
2026LD-000082-0028300001,20260904040,CONTRATACIÓN DE SERVICIOS PROFESIONALES DE ENTRENADOR DE TAEKWONDO  MASCULINO Y FEMENINO 2026 PARA EL CODEA 117,COMITÉ CANTONAL DE DEPORTES Y RECREACIÓN DE ALAJUELA,30/09/2026 19:57,05/10/2026 08:00,,10/10/2026 11:01,En recepción de ofertas,En recepción de ofertas,LD,,08,3007075782,Giovanni Robles Rojas,G300707578282009,00
2026LD-000021-0020450009,20260904034,"Contratación para el diseño, suministro, construcción e instalación del sistema de iluminación de la cancha deportiva de la Plaza de San Pedro de Nandayure.",MUNICIPALIDAD NANDAYURE,30/09/2026 18:07,30/09/2026 19:00,,15/10/2026 08:00,En recepción de ofertas,En recepción de ofertas,LD,,01,3014042107,IGNACIO ESCOBAR BRAY,G3014042107001,00
2026LD-000045-0023200001,20260904025,SERVICIOS PROFESIONALES JURIDICOS PARA LA MUNICIPALIDAD DE NARANJO,MUNICIPALIDAD DE NARANJO,30/09/2026 16:37,30/09/2026 16:40,,14/10/2026 08:00,Objetado,Objetado,LD,,02,3014042069,YENCI MARGARITA SOLIS MIRANDA,G3014042069009,00
2026XE-000806-0000400001,20260902511,"S.E- Contratación Directa de Escasa Cuantía, Servicio sustitución de lazo de medición de descargas parciales U1-U2-U3 Miguel Dengo (DG-2250-2026)",INSTITUTO COSTARRICENSE DE ELECTRICIDAD,30/09/2026 16:33,01/10/2026 00:00,,15/10/2026 07:30,En recepción de ofertas,En recepción de ofertas,PE,,01,4000042139,LUIS ARMANDO FATJO RIVERA,G4000042139998,00
2026LD-000027-0024250801,20260904026,CURSO DE CAPACITACIÓN EN PRIMEROS AUXILIOS BÁSICOS,MUNICIPALIDAD DE TILARÁN,30/09/2026 16:26,01/10/2026 07:00,,14/10/2026 09:00,En recepción de ofertas,En recepción de ofertas,LD,,01,3014042110,Yesenia Sibaja Alvarado,G3014042110004,00
2026LE-000047-0001102306,20260903883,Equipos médicos de alta complejidad para Unidad de Terapia Intensiva ,CAJA COSTARRICENSE DE SEGURO SOCIAL,30/09/2026 16:24,01/10/2026 07:00,,14/10/2026 10:00,Objetado,Objetado,LE,,01,4000042147,GRETTEL PATRICIA VEGA ALVARADO,H4000042147314,00
2026LD-000171-0022030101,20260903999,Adquisción de Vehiculos y Motocicletas,MUNICIPALIDAD DE CARTAGO,30/09/2026 16:00,30/09/2026 16:00,,14/10/2026 08:01,En recepción de ofertas,En recepción de ofertas,LD,,01,3014042080,JENNY PATRICIA ELIZONDO CAMACHO,G3014042080002,00
2026LD-000045-0001800002,20260903764,Compra de mobiliario de oficina para la Unidad de Supervisión de la TCM,JUNTA DE ADMINISTRACIÓN PORTUARIA Y DE DESARROLLO ECONÓMICO DE LA VERTIENTE ATLÁNTICA (JAPDEVA),30/09/2026 15:37,30/09/2026 16:00,,12/10/2026 15:31,En recepción de ofertas,En recepción de ofertas,LD,,01,4000042148,JESSICA TANNIA OBANDO HERNANDEZ,G4000042148064,00
2026LE-000011-0012300001,20260903057,MANTENIMIENTO Y EXTENSIÓN DE GARANTÍAS UNIDAD ALMACENAMIENTO Y SERVIDORES,TRIBUNAL SUPREMO DE ELECCIONES,30/09/2026 14:59,01/10/2026 00:01,,16/10/2026 09:05,En recepción de ofertas,En recepción de ofertas,LE,,22,2400042156,Andrea Quesada Masís,G2400042156107,00
2026LD-000014-0015000001,20260902962,COMPRA DE HERRAMIENTAS DE TRABAJO PARA EL DEPARTAMENTO DE MANTENIMIENTO,COMITÉ CANTONAL DE DEPORTES Y RECREACIÓN DE ESCAZÚ,30/09/2026 14:58,30/09/2026 23:59,,16/10/2026 08:00,Objetado,Objetado,LD,,01,3007071528,RAQUEL PAOLA CORRALES LEON,G3007071528015,00
2026LD-000382-0001300001,20260903061,capacitación “IA generativa aplicada a los procesos de aprendizaje y gestión de contenidos,CORTE SUPREMA DE JUSTICIA-PODER JUDICIAL,30/09/2026 14:12,01/10/2026 00:00,,19/10/2026 08:00,Objetado,Objetado,LD,,08,2300042155,KARLA MARCELA GUTIERREZ VINDAS,G2300042155011,00
2026LE-000009-0001102944,20260903778,Renovación Instalaciones Eléctricas CCSS - Centro Nacional de Citología (Proyecto CCSS-1337-9),CAJA COSTARRICENSE DE SEGURO SOCIAL,30/09/2026 14:00,01/10/2026 07:00,,14/10/2026 10:00,En recepción de ofertas,En recepción de ofertas,LE,,08,4000042147,Oldemar Rivas Segura,G4000042147202,00
2026LE-000008-0021600001,20260903955,"Contratación de obra pública por demanda para la construcción, reposición o ampliación de aceras en el cantón de Desamparados",MUNICIPALIDAD DE DESAMPARADOS,30/09/2026 13:29,30/09/2026 14:00,,15/10/2026 08:30,En recepción de ofertas,En recepción de ofertas,LE,,02,3014042048,ILIANA ZAMORA ARAYA,G3014042048001,00
2026LY-000001-0028011201,20260500425,“CONTRATACION DE UNA EMPRESA ESPECIALISTA PARA QUE REALICE LA EJECUCION DE INFRAESTRUCTURA VIAL EN EL CANTON DE ACOSTA”,MUNICIPALIDAD DE ACOSTA,30/09/2026 13:12,30/09/2026 16:00,,27/11/2026 11:01,En recepción de ofertas,En recepción de ofertas,LY,,02,3014042043,ALLAN ALBERTO SEGURA ALFARO,G3014042043001,00
2026LE-000026-0022030101,20260903748,28424 - Compra de productos en PVC y PEAD para uso de los trabajos propios del área de Acueductos para repación de fugas e instalaciones de nuevos  tr,MUNICIPALIDAD DE CARTAGO,30/09/2026 13:05,30/09/2026 13:05,,14/10/2026 08:00,En recepción de ofertas,En recepción de ofertas,LE,,02,3014042080,JENNY PATRICIA ELIZONDO CAMACHO,G3014042080002,00
2026LD-000051-0000700001,20260903755,Renovación de licencias Antivirus Anual,MUNICIPALIDAD DE GRECIA,30/09/2026 12:34,30/09/2026 12:40,,09/10/2026 12:45,En recepción de ofertas,En recepción de ofertas,LD,,02,3014042066,KAREN TATIANA BARRANTES BARRANTES,G3014042066070,00
2026LY-000044-0001102104,20260903923,ASCIMINIB 40 MG TABLETAS RECUBIERTAS,CAJA COSTARRICENSE DE SEGURO SOCIAL,30/09/2026 12:17,01/10/2026 00:00,,21/10/2026 09:00,En recepción de ofertas,En recepción de ofertas,LY,,02,4000042147,KARLA MONTSERRAT QUESADA MARTINEZ,J4000042147786,00
2026XE-000804-0000400001,20260902751,SE-CD Excepción Adquisición de repuestos para equipos Endress and Hauser PT Garabito  DG-2223-2026,INSTITUTO COSTARRICENSE DE ELECTRICIDAD,30/09/2026 12:10,01/10/2026 00:00,,15/10/2026 07:30,En recepción de ofertas,En recepción de ofertas,PE,,01,4000042139,CARLOS LUIS ARIAS NAVARRO,H4000042139891,00
2026LY-000002-0000700001,20260903871,"•	Construcción, Reconstrucción, Rehabilitación y Mejoramiento en la Red Vial del Cantón de Grecia, Modalidad según Demanda",MUNICIPALIDAD DE GRECIA,30/09/2026 12:07,30/09/2026 14:00,,21/10/2026 14:05,En recepción de ofertas,En recepción de ofertas,LY,,02,3014042066,Kristin Conejo Solís,G301404206666093,00
2026XE-000803-0000400001,20260900571,"S.E- Contratación Directa por Excepción de Oferentes Identificables, Adquisición de Inhibidor de carbonatos de calcio (DG-2087-2026)",INSTITUTO COSTARRICENSE DE ELECTRICIDAD,30/09/2026 12:05,01/10/2026 00:00,,29/10/2026 07:30,En recepción de ofertas,En recepción de ofertas,PE,,01,4000042139,CARLOS LUIS ARIAS NAVARRO,H4000042139891,00
2026LE-000026-0003500001,20260903710,CHALECOS ANTIBALAS,UNIVERSIDAD NACIONAL,30/09/2026 11:54,01/10/2026 08:00,,21/10/2026 15:01,Objetado,Objetado,LE,,01,4000042150,EVELYN VARGAS TAMES,G4000042150030,00
2026LD-000125-0016700105,20260903752,Servicios de mantenimiento mecánico para la flotilla de vehículos livianos de RECOPE por 4 meses. SOLPE 2026000117 / CA20260204,REFINADORA COSTARRICENSE DE PETRÓLEO SOCIEDAD ANÓNIMA,30/09/2026 11:54,01/10/2026 07:00,,09/10/2026 10:00,En recepción de ofertas,En recepción de ofertas,LD,,02,3101007749,RIGOBERTO BARQUERO MORALES,G3101007749083,00
2026LE-000023-0016700105,20260801754,"Contratación de los servicios de gestión operativa, soporte y mantenimiento de la infraestructura de comunicaciones. SOLPE 2026000112 / CA20260147",REFINADORA COSTARRICENSE DE PETRÓLEO SOCIEDAD ANÓNIMA,30/09/2026 11:16,01/10/2026 07:00,,21/10/2026 10:00,Objetado,Objetado,LE,,08,3101007749,CARMEN MARIA GAMBOA QUIROS,G3101007749017,00
2026LD-000055-0018800001,20260903891,"COMPRA DE LAMINAS DE CIELO RASO, FLUORESCENTES Y CORTINAS",SERVICIO NACIONAL DE AGUAS SUBTERRÁNEAS RIEGO Y AVENAMIENTO,30/09/2026 11:10,30/09/2026 12:00,,12/10/2026 09:00,En recepción de ofertas,En recepción de ofertas,LD,,01,3007042041,Luis Alejandro Monge Arias,G3007042041107,00
2026LE-000067-0001102104,20260903833,Mantenimiento Preventivo y Correctivo de Equipos Varios Con Sus Respectivos Repuestos. (CEM-137).,CAJA COSTARRICENSE DE SEGURO SOCIAL,30/09/2026 09:39,01/10/2026 00:00,,21/10/2026 09:00,En recepción de ofertas,En recepción de ofertas,LE,,08,4000042147,KAREN ARROYO UMAÑA,J4000042147189,00
2026LE-000014-0001102307,20260902908,Mantenimiento preventivo y correctivo del sistema de sonido,CAJA COSTARRICENSE DE SEGURO SOCIAL,30/09/2026 09:21,01/10/2026 07:00,,21/10/2026 10:00,En recepción de ofertas,En recepción de ofertas,LE,,08,4000042147,ROYER ELIACHIM SANCHEZ BOGANTES,G4000042147625,00
2026LE-000022-0016700105,20260601100,Compra de repuestos y accesorios para efectuar los métodos de ensayo y calibración en los Laboratorios de la Dirección Gestión de Calidad. SOLPE 2026000025/CA20260084,REFINADORA COSTARRICENSE DE PETRÓLEO SOCIEDAD ANÓNIMA,30/09/2026 09:16,01/10/2026 07:00,,14/10/2026 10:00,En recepción de ofertas,En recepción de ofertas,LE,,01,3101007749,Daniel Garro Araya,G310100774900569,00
2026LD-000044-0022200208,20260903690,Adquisición de vehículos 4x4 para el Departamento de Acueducto Municipal,MUNICIPALIDAD DEL CANTÓN DE POAS,30/09/2026 08:24,30/09/2026 10:00,,09/10/2026 15:00,En recepción de ofertas,En recepción de ofertas,LD,,01,3014042073,ADRIANA DIAZ MURILLO,G3014042073002,00
2026LD-000015-0001102598,20260903848,"DESTRUCTORA DE DOCUMENTOS, SILLAS ERGONOMICAS Y SILLAS PLEGABLES",CAJA COSTARRICENSE DE SEGURO SOCIAL,30/09/2026 07:55,01/10/2026 07:00,,13/10/2026 09:01,En recepción de ofertas,En recepción de ofertas,LD,,01,4000042147,SINEY VINDAS CERDAS,G4000042147736,00
2026LE-000026-0001102502,20260903731,Compra consolidada de Papel Higiénico tipo Jumbo Rol y Toallas de Papel para secado de manos.,CAJA COSTARRICENSE DE SEGURO SOCIAL,30/09/2026 07:45,01/10/2026 07:00,,14/10/2026 08:00,En recepción de ofertas,En recepción de ofertas,LE,,02,4000042147,SIDNEY PATRICIA CANALES ARTAVIA,G4000042147365,00
2026XE-000800-0000400001,20260902701,SC Contratación Directa por Excepción Suscripción a base de datos Internacional Bnamericas,INSTITUTO COSTARRICENSE DE ELECTRICIDAD,30/09/2026 07:11,01/10/2026 00:00,,15/10/2026 07:30,En recepción de ofertas,En recepción de ofertas,PE,,08,4000042139,VIVIANA SOLIS ALFARO,H4000042139885,00
2026LY-000002-0008200001,20260902858,SERVICIO DE ARRENDAMIENTO DE EQUIPO DE COMPUTO MIDEPLAN,MINISTERIO DE PLANIFICACIÓN NACIONAL Y POLÍTICA ECONÓMICA,29/09/2026 20:52,29/09/2026 23:00,,21/10/2026 23:59,En recepción de ofertas,En recepción de ofertas,LY,,02,2100045230,JUAN CARLOS DE LOS ANGELES ARGUEDAS MEJIA,G2100045230002,00
2026LY-000004-0005300001,20260903845,RENOVACIÓN DEL LICENCIAMIENTO y SOPORTE DE FABRICA DEL HIPERCONVERGENTE,INSTITUTO MIXTO DE AYUDA SOCIAL,29/09/2026 16:50,29/09/2026 17:00,,28/10/2026 07:30,En recepción de ofertas,En recepción de ofertas,LY,,08,4000042144,LAURA MARIA CISNEROS RUIZ,G4000042144189,00
2026XE-000798-0000400001,20260900168,S.E-Contratación Directa de Escasa Cuantía-Adquisición de Pastecas LT Cañas-Guayabal /PE/ GE-300/ DISA,INSTITUTO COSTARRICENSE DE ELECTRICIDAD,29/09/2026 16:25,30/09/2026 00:00,,13/10/2026 07:30,En recepción de ofertas,En recepción de ofertas,PE,,01,4000042139,EMILIO BLANCO SANDI,H4000042139576,00
2026XE-000797-0000400001,20260900898,"S.E/S.T Contratación Directa de Excepción, Servicio de soporte de plataforma High End por 36 meses.",INSTITUTO COSTARRICENSE DE ELECTRICIDAD,29/09/2026 16:13,30/09/2026 00:00,,14/10/2026 08:00,En recepción de ofertas,En recepción de ofertas,PE,,01,4000042139,Hazel Jiménez Chaves,H400004213901287,00
2026LE-000047-0001102103,20260903606,"VENTILADOR PULMONAR PARA USO DOMICILIAR Y VENTILACION NO INVASIVA ENPACIENTES QUE REQUIEREN DE VENTILACION PULMONAR, ASISTENTE DE TOS YASPIRADOR DE FLEMAS.",CAJA COSTARRICENSE DE SEGURO SOCIAL,29/09/2026 16:09,30/09/2026 07:00,,13/10/2026 08:00,En recepción de ofertas,En recepción de ofertas,LE,,01,4000042147,JOSE DANIEL CAMACHO QUIROS,I4000042147283,00
2026XE-000794-0000400001,20260902833,S.C Contratación Directa Excepción Servicio Contratación Medio Comuniación Social TRIVISIÓN de Costa Rica para Difusión Mensajes Gestión Institucional,INSTITUTO COSTARRICENSE DE ELECTRICIDAD,29/09/2026 16:06,30/09/2026 00:00,,14/10/2026 07:30,En recepción de ofertas,En recepción de ofertas,PE,,01,4000042139,Hazel Jiménez Chaves,H400004213901287,00
2026LD-000036-0001102105,20260903828,Compra de insumos para el Servicio de Odontología Área de Salud Zapote Catedral,CAJA COSTARRICENSE DE SEGURO SOCIAL,29/09/2026 16:00,30/09/2026 00:00,,12/10/2026 10:00,En recepción de ofertas,En recepción de ofertas,LD,,02,4000042147,JOSEPH GERARDO MURILLO MONGE,G4000042147783,00
2026LE-000046-0001102306,20260903783,Mantenimiento preventivo para mamógrafos,CAJA COSTARRICENSE DE SEGURO SOCIAL,29/09/2026 16:00,30/09/2026 07:00,,21/10/2026 10:00,Objetado,Objetado,LE,,08,4000042147,JOSE MANUEL PEÑA PEREZ,N400004214701427,00
2026LE-000018-0001102701,20260903799,INSUMOS PARA PROCEDIMIENTOS MÉDICOS Y DE ENFERMERÍA,CAJA COSTARRICENSE DE SEGURO SOCIAL,29/09/2026 15:51,08/10/2026 00:00,,03/11/2026 08:01,En recepción de ofertas,En recepción de ofertas,LE,,02,4000042147,JAIRO DAMIAN QUESADA BADILLA,G4000042147556,00
2026LE-000018-0058700001,20260402542,"MEJORAMIENTO MENOR DE LA DELEGACIÓN DE LA POLICIA DE TRÁNSITO DE ULLOA, HEREDIA",CONSEJO DE SEGURIDAD VIAL,29/09/2026 15:47,30/09/2026 07:00,,16/10/2026 08:01,En recepción de ofertas,En recepción de ofertas,LE,,15,3007061394,NOELIA MARIA SOLIS VASQUEZ,G3007061394004,00
2026LD-000023-0009900001,20260903756,"“SERVICIO DIRECCIÓN, PRODUCCIÓN Y EJECUCIÓN DE LAS VISITAS TEATRALIZADAS Y/O GUIADAS PARA EL TEATRO NACIONAL DE COSTA RICA”.",TEATRO NACIONAL,29/09/2026 15:31,30/09/2026 10:00,,12/10/2026 10:01,En recepción de ofertas,En recepción de ofertas,LD,,02,3007110978,ANGIE MORA FERNÁNDEZ,G3007110978048,00
2026LD-000166-0022030101,20260903773,29054 - COMPRA E INSTALACION DE EQUIPO DE INSPECCIÓN RAYOS X,MUNICIPALIDAD DE CARTAGO,29/09/2026 15:05,30/09/2026 07:00,,12/10/2026 07:30,En recepción de ofertas,En recepción de ofertas,LD,,01,3014042080,Esteban González Monge,G3014042080128,00
2026LD-000110-0001102701,20260903805,Repuestos equipo médico,CAJA COSTARRICENSE DE SEGURO SOCIAL,29/09/2026 15:00,30/09/2026 00:00,,09/10/2026 10:01,En recepción de ofertas,En recepción de ofertas,LD,,01,4000042147,LUIS DIEGO QUIROS AZOFEIFA,H4000042147568,00
2026LE-000019-0001102555,20260903736,"COMPRA CONSOLIDAD DE REPUESTOS PARA FLOTILLA VEHICULAR AREAS DE SALUD:CAÑAS, BAGACES, TILARAN Y COLORADO.",CAJA COSTARRICENSE DE SEGURO SOCIAL,29/09/2026 14:30,30/09/2026 07:00,,20/10/2026 09:00,En recepción de ofertas,En recepción de ofertas,LE,,02,4000042147,DYLANA CRUZ VEGA,N4000042147375,00
2026LD-000041-0001102306,20260903718,Activos médicos de UTI baja complejidad,CAJA COSTARRICENSE DE SEGURO SOCIAL,29/09/2026 14:25,30/09/2026 07:00,,12/10/2026 10:00,En recepción de ofertas,En recepción de ofertas,LD,,01,4000042147,ISABEL CRISTINA HIDALGO CORONADO,H4000042147315,00
2026LD-000028-0001102555,20260903641,Compra Consolidada de Instrumental para Centro de Equipos,CAJA COSTARRICENSE DE SEGURO SOCIAL,29/09/2026 14:21,30/09/2026 07:00,,13/10/2026 11:00,En recepción de ofertas,En recepción de ofertas,LD,,01,4000042147,WALTER ANDRES ARCE MONDRAGON,G4000042147870,00
2026PX-000005-0001102307,20260902547,Mantenimiento Preventivo y Correctivo de Elevadores y Ascensores,CAJA COSTARRICENSE DE SEGURO SOCIAL,29/09/2026 14:21,30/09/2026 07:00,,13/10/2026 10:00,En recepción de ofertas,En recepción de ofertas,PX,,08,4000042147,Andrés Eduardo Castillo Vargas,M4000042147184,00
2026LE-000016-0021400001,20260800103,21400001 Compra de Mini sistema de recirculación de lodos,INSTITUTO COSTARRICENSE DE ACUEDUCTOS Y ALCANTARILLADOS,29/09/2026 14:16,30/09/2026 07:00,,20/10/2026 08:05,En recepción de ofertas,En recepción de ofertas,LE,,01,4000042138,OSCAR EDUARDO PIEDRA MENA,G4000042138514,00
2026LD-000049-0003200001,20260903745,"COMPRA DE BLOQUEADORES SOLARES Y REPELENTES, MODALIDAD SEGÚN DEMANDA",MUNICIPALIDAD DE CARRILLO GUANACASTE,29/09/2026 14:15,29/09/2026 14:30,,13/10/2026 23:59,En recepción de ofertas,En recepción de ofertas,LD,,02,3014042104,FERNANDO ANTONIO ACEVEDO ANGULO,G3014042104003,00
2026LY-000030-0001102102,20260903334,Mantenimiento preventivo y correctivo de Puertas y Ventanas,CAJA COSTARRICENSE DE SEGURO SOCIAL,29/09/2026 14:11,30/09/2026 00:00,,27/10/2026 09:00,En recepción de ofertas,En recepción de ofertas,LY,,02,4000042147,ANDREA HIDALGO CARDENAS,H4000042147434,00
2026LD-000035-0001102502,20260903443,"VENTILADORES DE TECHO PARA BODEGA DE PROVEEDURÍA, INCLUYE MPC",CAJA COSTARRICENSE DE SEGURO SOCIAL,29/09/2026 14:05,30/09/2026 07:00,,13/10/2026 08:01,En recepción de ofertas,En recepción de ofertas,LD,,01,4000042147,GRACIELA DE LOS ANGELES QUIROS CHAVES,I4000042147717,00
2026LE-000007-0006000001,20260903653,Servicio en la nube (SaaS) para las soluciones Aranda Device Management (ADM) y Aranda Service Management Suite (ASMS) bajo modalidad de suscripción anual,CONSEJO NACIONAL DE VIALIDAD,29/09/2026 13:57,29/09/2026 14:05,,09/10/2026 10:00,En recepción de ofertas,En recepción de ofertas,LE,,08,3007231686,María del Milagro Salazar Gómez,G3007231686003,00
2026LE-000005-0016900162,20260903758,"Servicio de análisis, diseño, desarrollo, implementación, soporte y mantenimiento del sistema de reconocimiento y equiparación de grados y títulos del Conare (SORE)",CONSEJO NACIONAL DE RECTORES,29/09/2026 13:55,30/09/2026 08:00,,09/10/2026 10:00,En recepción de ofertas,En recepción de ofertas,LE,,08,3007045437,MARIA VICTORIA ORTEGA CALDERON,G3007045437002,00
2026LE-000030-0001102501,20260903684,EQUIPO MÉDICO PARA UNIDADES DE LA REGIÓN PACÍFICO CENTRAL.,CAJA COSTARRICENSE DE SEGURO SOCIAL,29/09/2026 13:21,30/09/2026 07:00,,20/10/2026 10:00,Objetado,Objetado,LE,,01,4000042147,Dereck Camareno Cortes,N400004214702013,00
2026LE-000025-0000500001,20260903365,CONTRATACION DE PRODUCTOR GENERAL DE LA FERIA DE MICROEMPRESAS ARTESANALES EDICIÓN NAVIDEÑA,MUNICIPALIDAD DE ALAJUELA,29/09/2026 12:57,29/09/2026 15:00,,13/10/2026 14:00,En recepción de ofertas,En recepción de ofertas,LE,,01,3014042063,ELISA SUJHEY VILCA CHAVEZ,G3014042063050,00
2026LD-000039-0008100001,20260903580,"Compra de Papel Bond, Resmas de papel tamaño carta",MINISTERIO DE ECONOMÍA INDUSTRIA Y COMERCIO,29/09/2026 11:42,07/10/2026 08:00,,14/10/2026 13:00,En recepción de ofertas,En recepción de ofertas,LD,,01,2100042003,JUAN CARLOS BOLAÑOS GONZALEZ,G2100042003075,00
2026LD-000110-0001800001,20260903743,SUMINISTRO E INSTALACION DE AIRES ACONDICIONADOS PARA REMOLCADOR PABLO PRESBERE.,JUNTA DE ADMINISTRACIÓN PORTUARIA Y DE DESARROLLO ECONÓMICO DE LA VERTIENTE ATLÁNTICA (JAPDEVA),29/09/2026 11:42,29/09/2026 12:00,,13/10/2026 10:00,En recepción de ofertas,En recepción de ofertas,LD,,08,4000042148,FEDERICO FERNANDO CRAWFORD SIMPSON,G4000042148035,00
2026LD-000027-0031200001,20260903566,UTGV - COMPRA DE REPUESTOS PARA VEHICULOS LIVIANOS Y CAMIONES - SEGÚN DEMANDA,MUNICIPALIDAD DE MONTES DE ORO,29/09/2026 11:28,29/09/2026 14:00,,14/10/2026 11:15,En recepción de ofertas,En recepción de ofertas,LD,,02,3014042118,CYNTHIA VILLALOBOS CORTES,G3014042118001,00
2026LE-000001-0016500001,20260903711,Renovación Soporte y Garantía Técnica sobre la Solución Bóveda de Datos (Cyber Recovery Vault) de BN Fondos,BN SOCIEDAD ADMINISTRADORA DE FONDOS DE INVERSIÓN SOCIEDAD ANÓNIMA,29/09/2026 11:25,30/09/2026 08:00,,20/10/2026 10:00,En recepción de ofertas,En recepción de ofertas,LE,,01,3101237918,KAREN VIVIANA GRANADOS SOLANO,G3101237918035,00
2026LD-000111-0001102104,20260903704,"COMPRA DE REPUESTOS PARA MONITOR DE SIGNOS VITALES, MICROSCOPIO,EMISIONES OTOACUSTICAS, CABEZAL DE CAMARA. (EMLR-028-2026)LICITACION REDUCIDA/ CANTIDAD DEFINIDA",CAJA COSTARRICENSE DE SEGURO SOCIAL,29/09/2026 11:16,30/09/2026 00:00,,09/10/2026 10:00,En recepción de ofertas,En recepción de ofertas,LD,,01,4000042147,Jenyfer Irene Obando Madrigal,N400004214701376,00
2026LD-000074-0011900001,20260903721,Compra de Vehículo 4x4 tipo Pick Up para el Comité Municipal de Emergencias de Liberia,MUNICIPALIDAD DE LIBERIA,29/09/2026 11:10,29/09/2026 11:30,,13/10/2026 09:01,En recepción de ofertas,En recepción de ofertas,LD,,01,3014042106,JUAN PABLO MORA ULLOA,G3014042106001,00
2026LE-000021-0001102105,20260903708,"Reactivos, tinciones e insumos para Banco de Sangre, Banco de Leche, Química Clínica y Hematología",CAJA COSTARRICENSE DE SEGURO SOCIAL,29/09/2026 10:34,30/09/2026 00:00,,20/10/2026 10:00,En recepción de ofertas,En recepción de ofertas,LE,,02,4000042147,JOSEPH GERARDO MURILLO MONGE,G4000042147783,00
2026LE-000066-0001102104,20260903562,Mantenimiento Preventivo y Correctivo de Ventilador Pulmonar para adulto y sus respectivos repuestos. (CEM-133).,CAJA COSTARRICENSE DE SEGURO SOCIAL,29/09/2026 10:34,30/09/2026 00:00,,20/10/2026 09:00,En recepción de ofertas,En recepción de ofertas,LE,,08,4000042147,KARLA MONTSERRAT QUESADA MARTINEZ,J4000042147786,00
2026LE-000065-0001102104,20260903677,"Electrodos desechables, olivas auditivas, crema de limpieza y crema conductiva.",CAJA COSTARRICENSE DE SEGURO SOCIAL,29/09/2026 10:29,30/09/2026 00:00,,13/10/2026 09:00,En recepción de ofertas,En recepción de ofertas,LE,,02,4000042147,KAREN ARROYO UMAÑA,J4000042147189,00
2026LE-000008-0001102299,20260903489,"Servicios de limpieza y mantenimiento de zonas verdes parala Sede del Área de Salud de Puerto Viejo Sarapiquí, EBAIS Desconcentrados y Puestos de Visita Periódica",CAJA COSTARRICENSE DE SEGURO SOCIAL,29/09/2026 09:16,30/09/2026 07:00,,13/10/2026 10:00,En recepción de ofertas,En recepción de ofertas,LE,,08,4000042147,MARILYN DAYANA HERRERA ARAYA,M4000042147132,00
2026LE-000018-0005300001,20260903671,ARRRENDAMIENTO DE EDIFICIO PARA LA UBICACIÓN DE UNA NUEVA UNIDAD LOCAL DE DESARROLLO SOCIAL EN TIBAS O MARAVIA,INSTITUTO MIXTO DE AYUDA SOCIAL,29/09/2026 09:11,29/09/2026 09:39,,19/10/2026 08:30,En recepción de ofertas,En recepción de ofertas,LE,,08,4000042144,JOHANNA VANESSA SOLANO PIEDRA,G4000042144182,00
2026LE-000025-0003500001,20260903523,"SERVICIO DE CONFECCIÓN Y ESTAMPADO DE PORTA TÍTULOS, BAJO LA MODALIDAD SEGÚN DEMANDA",UNIVERSIDAD NACIONAL,29/09/2026 08:23,30/09/2026 10:00,,20/10/2026 10:02,En recepción de ofertas,En recepción de ofertas,LE,,02,4000042150,JEFFREY ZAMORA DELGADO,G4000042150004,00
2026LY-000121-0001101142,20260900345,"CINTAS DE DIAGNOSTICO PARA GLUCÓMETRO, código 2-88-63-1340",CAJA COSTARRICENSE DE SEGURO SOCIAL,29/09/2026 07:35,30/09/2026 00:00,,20/10/2026 10:00,En recepción de ofertas,En recepción de ofertas,LY,,02,4000042147,MAUREN PATRICIA ARAYA GOÑI,G4000042147080,00
2026LD-000071-0004900001,20260903588,Adquisición de dos vehículos tipo SUV y un vehículos tipo Microbús parala Sugef.,BANCO CENTRAL DE COSTA RICA,28/09/2026 16:47,28/09/2026 16:50,,09/10/2026 15:00,En recepción de ofertas,En recepción de ofertas,LD,,01,4000004017,Wendy Bermúdez Cubillo,G4000004017009,00
2026LD-000046-0007200002,20260903526,20204100-Servicio de Fumigación,MINISTERIO DE LA PRESIDENCIA,28/09/2026 16:46,29/09/2026 09:00,,12/10/2026 09:01,En recepción de ofertas,En recepción de ofertas,LD,,02,2100042007,Daniel Valverde Gutiérrez,G210004200700249,00
2026LD-000319-0000900001,20260903538,SISTEMA DE ALIMENTACIÓN ININTERRUMPIDA UPS DE 60 KVA PARA EDIFICIO EDUCON,UNIVERSIDAD DE COSTA RICA,28/09/2026 16:04,28/09/2026 17:00,,12/10/2026 08:00,En recepción de ofertas,En recepción de ofertas,LD,,01,4000042149,Bianca Arias Quirós,G4000042149803,00
2026LE-000088-0001102102,20260902820,Mantenimiento Preventivo y Correctivo de las Estaciones de Monitoreo y Control de Nivel de Cloro,CAJA COSTARRICENSE DE SEGURO SOCIAL,28/09/2026 15:54,29/09/2026 00:00,,12/10/2026 09:00,En recepción de ofertas,En recepción de ofertas,LE,,02,4000042147,Fressia Trejos Aguero,I4000042147018,00
2026LE-000053-0015500001,20260903047,Adquisición de Busetas para Uso del Instituto de Desarrollo Rural,INSTITUTO DE DESARROLLO RURAL,28/09/2026 15:39,28/09/2026 15:40,,14/10/2026 10:01,En recepción de ofertas,En recepción de ofertas,LE,,01,4000042143,MARIA REYES MORALES PORRAS,G4000042143002,00
2026LY-000011-0000500001,20260903387,"CONTRATACIÓN ATENCIÓN INTEGRAL EMERGENCIAS DEL CANTÓN DE ALAJUELA, Según demanda, Cuantía Inestimable",MUNICIPALIDAD DE ALAJUELA,28/09/2026 15:38,28/09/2026 16:30,,19/10/2026 11:00,Objetado,Objetado,LY,,02,3014042063,SHILENA SALAS JIMENEZ,G3014042063033,00
2026LD-000087-0015500001,20260903317,Compra de Equipo Diverso para las Oficinas que conforman la Región Caribe. Inder,INSTITUTO DE DESARROLLO RURAL,28/09/2026 15:38,28/09/2026 16:00,,09/10/2026 15:00,En recepción de ofertas,En recepción de ofertas,LD,,01,4000042143,Ma. Elena Bolaños Rodríguez,G4000042143013,00
2026LD-000022-0001102206,20260903537,"Compra de Servicios de recolección, transporte, tratamiento y disposición final de los residuos anatomopatológicos.",CAJA COSTARRICENSE DE SEGURO SOCIAL,28/09/2026 15:34,29/09/2026 07:00,,14/10/2026 09:00,En recepción de ofertas,En recepción de ofertas,LD,,02,4000042147,Víctor Camacho Morales,H4000042147710,00
2026LY-000003-0008700001,20260901576,"COMPRA DE CHALECOS ANTIBALA NIVEL IIIA , INTERNOS.EXTERNOS  PARA LA POLICIA DE MIGRACION",JUNTA ADMINISTRATIVA DE LA DIRECCIÓN GENERAL DE MIGRACIÓN Y EXTRANJERÍA,28/09/2026 14:29,28/09/2026 16:00,,20/10/2026 10:00,Objetado,Objetado,LY,,02,3007459778,MARIO BRENES SOLANO,G3007459778001,00
2026LY-000120-0001101142,20260903052,"Desensibilizante dentario, código 2-48-09-0320",CAJA COSTARRICENSE DE SEGURO SOCIAL,28/09/2026 14:25,29/09/2026 00:00,,02/11/2026 09:00,En recepción de ofertas,En recepción de ofertas,LY,,02,4000042147,SHIRLEY JAUBERT ROSALES,H4000042147620,00
2026PX-000252-0006500001,20260903185,"(CE)-PROERI: CONSULTORÍA EN DISEÑO, PLANOS CONSTRUCTIVOS, ESPECIFICACIONES TÉCNICAS, SERV DE DEMOLICIÓN, OTRAS ACTIVIDADES, RECONST DE CENTROS EDUCATIVOS EN ÁREA CORREDORES Y COTO BRUS.",COMISIÓN NACIONAL DE PREVENCIÓN DE RIESGOS Y ATENCIÓN DE EMERGENCIAS,28/09/2026 14:21,01/10/2026 08:00,,12/10/2026 14:00,En recepción de ofertas,En recepción de ofertas,PX,,01,3007111111,ANTHONY JOSE FLORES ROMERO,G300711111111191,00
2026RE-000001-0015300001,20260903460,"REMATE Vehículos, microscopios y ecógrafo de la Corporación Ganadera",CORPORACIÓN GANADERA,28/09/2026 14:21,,,12/10/2026 12:00,En recepción de ofertas,En recepción de ofertas,RE,,02,3007249938,Delany Mussio Rojas,G3007249938025,00
2026LE-000046-0001102103,20260903433,Mantenimiento Preventivo y Correctivo para siete Equipos Lámparas de Cirugía.,CAJA COSTARRICENSE DE SEGURO SOCIAL,28/09/2026 14:09,29/09/2026 00:00,,12/10/2026 09:00,En recepción de ofertas,En recepción de ofertas,LE,,02,4000042147,SANDRA QUESADA ROJAS,G4000042147077,00
2026LE-000006-0003400001,20260903525,CONTRATACIÓN POR DEMANDA DE OBRA CIVIL Y ELECTROMECANICA PARA ILUMINACION DE PARQUES EN EL CANTON DE MONTES DE OCA 2026,MUNICIPALIDAD DE MONTES DE OCA,28/09/2026 12:34,28/09/2026 13:00,,20/10/2026 10:00,En recepción de ofertas,En recepción de ofertas,LE,,02,3014042053,RONNY CECILIANO VALVERDE,G3014042053011,00
2026LE-000003-0023300001,20260903521,"Mante rutinario – periód, rehabil, reconst y mejoramiento red vial SRH Obra por Demanda.",MUNICIPALIDAD DE SAN RAFAEL DE HEREDIA,28/09/2026 12:28,28/09/2026 13:00,,19/10/2026 14:05,En recepción de ofertas,En recepción de ofertas,LE,,02,3014042095,Floribeth Chaves Ramirez,G3014042095001,00
2026LE-000022-0017699999,20260903471,COMPRA DE CARTUCHOS PARA EQUIPO RISO COMCOLOR,UNIVERSIDAD ESTATAL A DISTANCIA,28/09/2026 11:47,28/09/2026 13:00,,19/10/2026 09:01,En recepción de ofertas,En recepción de ofertas,LE,,02,4000042151,CARLOS STEVE BRIZUELA AVILA,G4000042151003,00
2026LY-000009-0015500001,20260902669,"Contratación Nacional por demanda de equipo Gastronómico, Inder. FPSA ",INSTITUTO DE DESARROLLO RURAL,28/09/2026 11:34,28/09/2026 12:00,,26/10/2026 09:00,En recepción de ofertas,En recepción de ofertas,LY,,02,4000042143,JENNIFER AZOFEIFA FALLAS,G4000042143010,00
2026LY-000015-0007300001,20260903322,"Servicios de Impresión de documentos, folletos, afiches y brochures, servicio de encuadernación y empaste",MINISTERIO DE EDUCACIÓN PUBLICA,28/09/2026 11:21,29/09/2026 07:00,,19/10/2026 07:30,En recepción de ofertas,En recepción de ofertas,LY,,02,2100042002,Andrea Alvarado Ureña,G2100042002020,00
2026LD-000032-0027800005,20260903484,CONSTRUCCIÓN DE PARQUEO EN EL PLANTEL MUNICIPAL,MUNICIPALIDAD DE DOTA,28/09/2026 10:41,28/09/2026 11:00,,12/10/2026 14:00,En recepción de ofertas,En recepción de ofertas,LD,,01,3014042049,MARCO TULIO SOLIS GUEVARA,G3014042049001,00
2026LY-000005-0023100001,20260903459,LICITACIÓN MAYOR CON PRECALIFICACIÓN ABIERTA OBRAS MENORES DE MANTENIMIENTO EN INMUEBLES MUNICIPALES CON RECURSOS PROPIOS,MUNICIPALIDAD DE CURRIDABAT,28/09/2026 10:33,28/09/2026 12:00,,26/10/2026 08:01,En recepción de ofertas,En recepción de ofertas,LY,[PQ],PQ,3014042047,PAOLO ADOLFO LEWIS MORA,G3014042047082,00
2026LD-000038-0015800001,20260901681,"Servicio horas por demanda para mantenimiento, actualización, mejoras, modificación y migración para sistemas en producción",INSTITUTO NACIONAL DE LAS MUJERES,28/09/2026 10:07,29/09/2026 10:00,,13/10/2026 11:00,Objetado,Objetado,LD,,02,3007075876,Allan Ramos Bolaños,G3007075876002,00
2026LD-000068-0003300001,20260903440,Talleres con herramientas DBT para mujeres de Moravia,MUNICIPALIDAD DE MORAVIA,28/09/2026 08:21,28/09/2026 10:00,,12/10/2026 13:05,Objetado,Objetado,LD,,08,3014042055,JORGE MESEN SOLORZANO,G3014042055002,00
2026XE-000161-0001101142,20260903139, NITROGLICERINA 0.5 A 0.6 MG.,CAJA COSTARRICENSE DE SEGURO SOCIAL,28/09/2026 07:17,29/09/2026 00:00,,12/10/2026 10:00,En recepción de ofertas,En recepción de ofertas,PE,,02,4000042147,Jonathan Coto Cordero,H4000042147116,00
2026LD-000082-0012300001,20260902469,"ESPUMA LIMPIADORA, VASOS DESECHABLES Y  SUMINISTROS DE LIMPIEZA",TRIBUNAL SUPREMO DE ELECCIONES,25/09/2026 19:04,28/09/2026 00:01,,12/10/2026 09:05,Objetado,Objetado,LD,,01,2400042156,Andrea Quesada Masís,G2400042156107,00
2026LY-000033-0001000001,20260902674,CONVENIO MARCO DEL CONTRATO EMPRESARIAL DE LICENCIAMIENTO Y SERVICIOS DE NUBE PÚBLICA MICROSOFT POR DEMANDA,INSTITUTO NACIONAL DE SEGUROS,25/09/2026 16:49,25/09/2026 16:55,,16/10/2026 10:01,En recepción de ofertas,En recepción de ofertas,LY,,CM,4000001902,EDISON FABIAN NAVARRO NAVARRO,G4000001902058,00
2026XE-000789-0000400001,20260901489,"S.E Licitación Abreviada Adquisición de Estructuras, Conductores y otros materiales para Transmisión Anillo de Miravalles, La Cruz y Península de Nicoya/DISA/GE-113",INSTITUTO COSTARRICENSE DE ELECTRICIDAD,25/09/2026 16:34,28/09/2026 00:00,,26/10/2026 07:30,En recepción de ofertas,En recepción de ofertas,PE,,01,4000042139,JASON ABRAHAM CECILIANO FERNANDEZ,G4000042139387,00
2026LE-000021-0012800001,20260903397,Remodelación y mejora de edificaciones institucionales,BENEMÉRITO CUERPO DE BOMBEROS DE COSTA RICA,25/09/2026 15:59,25/09/2026 16:00,,16/10/2026 09:01,En recepción de ofertas,En recepción de ofertas,LE,,01,3007547060,MARIA FERNANDA LORIA CASCANTE,G300754706060186,00
2026LE-000025-0022030101,20260903370,29193 - Adquisición de insumos químicos para la potabilización,MUNICIPALIDAD DE CARTAGO,25/09/2026 15:48,25/09/2026 16:00,,16/10/2026 07:30,En recepción de ofertas,En recepción de ofertas,LE,,02,3014042080,Esteban González Monge,G3014042080128,00
2026LY-000043-0001102101,20260903369,"LETERMOVIR 240MG, TABLETA RECUBIERTA",CAJA COSTARRICENSE DE SEGURO SOCIAL,25/09/2026 15:16,28/09/2026 00:00,,27/10/2026 09:30,En recepción de ofertas,En recepción de ofertas,LY,,02,4000042147,Angie Paola Masís Monge,N400004214702377,00
2026LD-000018-0001102601,20260903301,"Bandas elásticas para monitor, papel termosensible para monitor fetal ytermómetro infrarrojo.",CAJA COSTARRICENSE DE SEGURO SOCIAL,25/09/2026 14:58,28/09/2026 00:01,,13/10/2026 08:00,En recepción de ofertas,En recepción de ofertas,LD,,02,4000042147,Jeikelyn Andrea Ortiz Perez,N4000042147109,00
2026LD-000031-0025000001,20260903388,CONSTRUCCIÓN DE EDIFICIOS DE OFICINAS BASE 5 Y BASE 2,MUNICIPALIDAD DE VÁSQUEZ DE CORONADO,25/09/2026 14:49,25/09/2026 15:00,,09/10/2026 13:05,En recepción de ofertas,En recepción de ofertas,LD,,18,3014045149,CLAUDIA CRISTINA VILLARREAL MORA,G3014045149002,00
2026XE-000786-0000400001,20260802915,ST Contratación directa de excepción por oferente único Adquisición de licencias ACS Amino Engage.,INSTITUTO COSTARRICENSE DE ELECTRICIDAD,25/09/2026 14:12,28/09/2026 00:00,,12/10/2026 07:30,En recepción de ofertas,En recepción de ofertas,PE,,01,4000042139,Arturo León Rojas,H400004213901088,00
2026LE-000075-0001101142,20260903216,"Sonda para aspirar punta abierta Nº 18 FR, descartable, estéril, código institucional 2-94-03-1020",CAJA COSTARRICENSE DE SEGURO SOCIAL,25/09/2026 14:06,28/09/2026 00:00,,16/10/2026 10:00,En recepción de ofertas,En recepción de ofertas,LE,,02,4000042147,PILAR DE LOS ANGELES DELGADO ARAYA,H4000042147676,00
2026PX-000005-0021000001,20260903375,CONTRATACIÓN DE SERVICIOS DE ACOMPAÑAMIENTO TÉCNICO PARA EL PROYECTO DE ELABORACIÓN DEL PLAN REGULADOR URBANO PARA EL CANTÓN DE SANTA CRUZ,MUNICIPALIDAD DE SANTA CRUZ,25/09/2026 14:00,25/09/2026 14:55,,09/10/2026 11:00,En recepción de ofertas,En recepción de ofertas,PX,,01,3014042109,KEYLOR ANTONIO JAEN ROSALES,G3014042109004,00
2026LE-000008-0005400001,20260903316,"Adquisición e instalación de Servidores, según demanda",CONTRALORÍA GENERAL DE LA REPUBLICA,25/09/2026 13:39,28/09/2026 07:30,,19/10/2026 07:30,En recepción de ofertas,En recepción de ofertas,LE,,02,2200042154,KATTIA NAZIRA MONTERO MORENO,G2200042154001,00
2026LY-000032-0000100001,20260903353,REMODELACIÓN PRIMER PISO EDIFICIO LA URUCA PARA OFICINAS ADMINISTRATIVAS DE BNCR CENTRO EXCELENCIA,BANCO NACIONAL DE COSTA RICA,25/09/2026 13:33,28/09/2026 00:01,,26/10/2026 09:00,En recepción de ofertas,En recepción de ofertas,LY,,08,4000001021,ERIKA MAYELA CALDERON BRENES,G4000001021622,00
2026XE-000785-0000400001,20260901721,S.C Contratación Directa Excepción Servicio Contratación Medio Comuniación Los XI Titutales del Domingo LXTD para Difusión Mensajes Gestión Institucional,INSTITUTO COSTARRICENSE DE ELECTRICIDAD,25/09/2026 13:29,28/09/2026 00:00,,12/10/2026 07:30,En recepción de ofertas,En recepción de ofertas,PE,,01,4000042139,HERMES GERARDO SALAS MENA,G4000042139115,00
2026LE-000014-0015499999,20260903212,"OBRAS DE MITIGACIÓN, CONSTRUCCIÓN DE TUBERÍA DE ALIVIO EN CALLE 37, ENTRE AVENIDA 15 Y 17, BARRIO ESCALANTE, A CALLE 35 QUEBRADA LOS NEGRITOS, DISTRITO CARMEN, SAN JOSÉ",MUNICIPALIDAD DEL CANTÓN CENTRAL DE SAN JOSÉ,25/09/2026 13:25,25/09/2026 14:00,,16/10/2026 14:01,En recepción de ofertas,En recepción de ofertas,LE,,01,3014042058,NATALIA SANCHEZ MATARRITA,G3014042058014,00
2026LE-000039-0001000001,20260900804,“Equipo Médico Quirúrgico y de Banco de Tejidos”,INSTITUTO NACIONAL DE SEGUROS,25/09/2026 13:01,25/09/2026 13:00,,16/10/2026 10:01,En recepción de ofertas,En recepción de ofertas,LE,,01,4000001902,SHAJAR SAMIRA ARROYO RODRIGUEZ,G4000001902637,00
2026LD-000009-0013600001,20260902521,Contratación de agencia publicitaria para el desarrollo de una estrategia de comunicación que promueva la adopción de prácticas y hábitos alimentarios saludables y sostenibles en la población,CONTRATO DE FIDEICOMISO NO OCHO SIETE DOS MINISTERIO DE SALUD - BANCO NACIONAL DE COSTA RICA,25/09/2026 13:00,28/09/2026 08:00,,09/10/2026 10:00,Objetado,Objetado,LD,,01,3112728227,JOSE FABIO GUZMAN ENRIQUEZ,G3112728227003,00
2026XE-000783-0000400001,20260901779,S.C Contratación Directa por Excepción Servicio Contratación Medio de Comuniación Social Aeris Holding CR para Difusión Mensajes Gestión Institucional,INSTITUTO COSTARRICENSE DE ELECTRICIDAD,25/09/2026 12:13,28/09/2026 00:00,,12/10/2026 07:30,En recepción de ofertas,En recepción de ofertas,PE,,01,4000042139,Jesus Antonio Fallas Salazar,H400004213901027,00
2026LE-000019-0001102304,20260903292,Compra de reactivos de coagulación,CAJA COSTARRICENSE DE SEGURO SOCIAL,25/09/2026 12:02,06/10/2026 08:00,,21/10/2026 08:01,En recepción de ofertas,En recepción de ofertas,LE,,02,4000042147,EDDIE DANIEL RODRIGUEZ SOJO,I4000042147056,00
2026LE-000006-0003100001,20260903133,CONTRATACIÓN DE UNA EMPRESA PARA REALIZAR LA READECUACIÓN ESTRUCTURAL EN LAS GRADERÍAS ESTE-OESTE Y NORTE DEL ESTADIO MIGUEL LITO PÉREZ,MUNICIPALIDAD DE PUNTARENAS,25/09/2026 12:02,25/09/2026 13:00,,14/10/2026 12:00,En recepción de ofertas,En recepción de ofertas,LE,,01,3014042120,LUIS EDWARD ROJAS BARRANTES,G3014042120002,00
2026XE-000168-0001000001,20260902312,“ADQUISICIÓN DE SERVICIOS PARA REALIZAR E INTERPRETAR ESTUDIOS DE ULTRASONIDO EN PUNTARENAS”,INSTITUTO NACIONAL DE SEGUROS,25/09/2026 11:54,25/09/2026 16:00,,09/10/2026 10:01,En recepción de ofertas,En recepción de ofertas,PE,,02,4000001902,ISSAC BENAVIDES BONILLA,G4000001902571,00
2026XE-000167-0001000001,20260902148,Servicios Profesionales de Oftalmología para las localidades de Heredia y Alajuela,INSTITUTO NACIONAL DE SEGUROS,25/09/2026 11:39,25/09/2026 11:40,,16/10/2026 10:01,En recepción de ofertas,En recepción de ofertas,PE,,02,4000001902,CATHERINE ALVAREZ DELGADO,G4000001902537,00
2026LE-000040-0001102208,20260903199,Insumos Para Oftalmología,CAJA COSTARRICENSE DE SEGURO SOCIAL,25/09/2026 10:50,28/09/2026 07:00,,16/10/2026 08:00,En recepción de ofertas,En recepción de ofertas,LE,,02,4000042147,Andrea Carolina Proietto Roldán,N400004214702452,00
2026LE-000006-0024250801,20260903253,Adquisición de Excavadora para el Departamento de Infraestructura de Municipalidad de Tilarán,MUNICIPALIDAD DE TILARÁN,25/09/2026 08:53,28/09/2026 07:00,,20/10/2026 09:00,En recepción de ofertas,En recepción de ofertas,LE,,01,3014042110,Shirley Ramirez Méndez,G3014042110002,00
2026LE-000087-0001102102,20260903210,INSUMOS VARIOS DE GINECOLOGIA,CAJA COSTARRICENSE DE SEGURO SOCIAL,25/09/2026 08:48,28/09/2026 00:00,,15/10/2026 08:00,En recepción de ofertas,En recepción de ofertas,LE,,02,4000042147,MARIA ELENA PORRAS SALAZAR,H4000042147289,00
2026LE-000039-0001102205,20260903173,"MANTENIMIENTO PREVENTIVO Y CORRECTIVO PARA CAMAS, CAMILLAS Y CUNAS conopción de repuestos indeterminados, procedimiento amparado en elartículo 78 de la LGCP y 212 del RLGCP",CAJA COSTARRICENSE DE SEGURO SOCIAL,24/09/2026 16:16,25/09/2026 07:00,,15/10/2026 09:00,En recepción de ofertas,En recepción de ofertas,LE,,08,4000042147,MARCELA MAYELA RAMIREZ MORA,G4000042147520,00
2026LE-000038-0001102205,20260903141,COMPRA DE SUMINISTROS DE OFICINA.,CAJA COSTARRICENSE DE SEGURO SOCIAL,24/09/2026 15:30,25/09/2026 07:00,,15/10/2026 09:00,En recepción de ofertas,En recepción de ofertas,LE,,02,4000042147,Nidia de los Ángeles Briceño Víctor,G4000042147832,00
2026LE-000029-0001102501,20260903166,"Solicitud de contratación para el mantenimiento preventivo, correctivo y repuestos para equipo vario de Laboratorio Clínico.",CAJA COSTARRICENSE DE SEGURO SOCIAL,24/09/2026 15:19,25/09/2026 07:00,,12/10/2026 10:01,En recepción de ofertas,En recepción de ofertas,LE,,02,4000042147,VLADIMIR LARA CAMACHO,G4000042147298,00
2026LE-000048-0001300001,20260801751,Renovación de Licencias para FortiGate y FortiAnalyzer,CORTE SUPREMA DE JUSTICIA-PODER JUDICIAL,24/09/2026 15:07,25/09/2026 00:00,,16/10/2026 07:30,En recepción de ofertas,En recepción de ofertas,LE,,01,2300042155,MARIELA MARIN ASTORGA,G2300042155046,00
2026LD-000029-0001101161,20260903107,Curso de Diseño Organizacional DSA,CAJA COSTARRICENSE DE SEGURO SOCIAL,24/09/2026 14:57,25/09/2026 00:00,,12/10/2026 09:00,En recepción de ofertas,En recepción de ofertas,LD,,08,4000042147,GERARDO MONTERO CALDERON,K4000042147061,00
2026PX-000484-0015499999,20260903074,"Servicios de instalaciones, atracción recreativa y apoyo logístico para la actividad conmemorativa del Día de la Persona Adulta Mayor.",MUNICIPALIDAD DEL CANTÓN CENTRAL DE SAN JOSÉ,24/09/2026 14:08,24/09/2026 15:00,,14/10/2026 13:01,En recepción de ofertas,En recepción de ofertas,PX,,01,3014042058,JOSE IGNACIO AGUILAR MONGE,G3014042058009,00
2026LE-000064-0001102104,20260903135,INSUMOS PARA PRÓTESIS MAXILOFACIAL,CAJA COSTARRICENSE DE SEGURO SOCIAL,24/09/2026 14:04,25/09/2026 00:00,,15/10/2026 10:00,En recepción de ofertas,En recepción de ofertas,LE,,02,4000042147,Jenyfer Irene Obando Madrigal,N400004214701376,00
2026LD-000033-0001102501,20260903027,"Mantenimiento preventivo, correctivo y suministro de repuestos para microscopios de laboratorio.",CAJA COSTARRICENSE DE SEGURO SOCIAL,24/09/2026 13:12,25/09/2026 07:00,,14/10/2026 11:01,En recepción de ofertas,En recepción de ofertas,LD,,02,4000042147,Ricardo Olmazo Araya,G4000042147817,00
2026LE-000037-0001102205,20260903127,"MPC PARA EQUIPOS DE REFRIGERACIÓN conopción de repuestos indeterminados, amparado en elartículo 78 LGCP y 212 RLGCP”",CAJA COSTARRICENSE DE SEGURO SOCIAL,24/09/2026 12:23,25/09/2026 07:00,,15/10/2026 09:00,En recepción de ofertas,En recepción de ofertas,LE,,08,4000042147,Scarleth Maria Blanco Jimenez,M4000042147443,00
2026XE-000776-0000400001,20260901094,S.E. LICITACION ABREVIADA// ADQUISICIÓN DE ACERO DE REFUERZO Y ALAMBRE NEGRO PARA LAS OBRAS DEL BLOQUE DE PROYECTOS/GE-051.P.E.,INSTITUTO COSTARRICENSE DE ELECTRICIDAD,24/09/2026 12:05,25/09/2026 00:00,,23/10/2026 07:30,En recepción de ofertas,En recepción de ofertas,PE,,02,4000042139,DANNY LIZANO CERDAS,G4000042139080,00
2026PX-000013-0007300001,20260902884,"Servicios de instalaciones físicas, servicios asociados (vigilancia, limpieza, servicios médicos) y alimentación para los Encuentros Nacionales del Festival Estudiantil de las Artes 2026",MINISTERIO DE EDUCACIÓN PUBLICA,24/09/2026 11:24,25/09/2026 07:00,,09/10/2026 11:00,En recepción de ofertas,En recepción de ofertas,PX,,01,2100042002,Gabriela Lucía Leiva Flores,G2100042002006,00
2026PX-000011-0020600001,20260903118,PROGRAMA A LA EXCELENCIA – MODALIDAD RUTA A LA EXCELENCIA,BANCO POPULAR Y DE DESARROLLO COMUNAL,24/09/2026 11:11,24/09/2026 16:30,,16/10/2026 10:00,En recepción de ofertas,En recepción de ofertas,PX,,01,4000042152,Alexandra Rodríguez Chacón,G400004215200407,00
2026XE-000775-0000400001,20260901278,"ST, SE, SC Contratación Directa por excepción proveedor único Servicio de Infraestructura (IAAS) Informática de los Sistemas GITEL y SIP con Redundancia Geográfica",INSTITUTO COSTARRICENSE DE ELECTRICIDAD,24/09/2026 10:21,25/09/2026 00:00,,19/10/2026 07:30,En recepción de ofertas,En recepción de ofertas,PE,,01,4000042139,MARIA CAROLINA FONSECA MONTERO,G4000042139011,00
2026LE-000063-0001102104,20260903056,"MPC de Unidad de Tecarterapia,Electroestimulador Muscular, Sistema Super Inductivo, Ultrasonido paraTerapia Física y sus Respectivos Repuestos. (CEM-138).",CAJA COSTARRICENSE DE SEGURO SOCIAL,24/09/2026 09:54,25/09/2026 00:00,,15/10/2026 09:00,En recepción de ofertas,En recepción de ofertas,LE,,08,4000042147,Jeffrey Chaves Salazar,N4000042147010,00
2026LE-000003-0001101161,20260902767,Servicio de publicidad en redes sociales-CCSS,CAJA COSTARRICENSE DE SEGURO SOCIAL,24/09/2026 09:03,25/09/2026 00:00,,15/10/2026 09:00,En recepción de ofertas,En recepción de ofertas,LE,,02,4000042147,EDISON DANIEL ROMERO GUILLEN,N400004214702006,00
2026XE-000240-0000200001,20260902870,"Concurso de adquisición, inventario de unidades de alquiler a empresas de telecomunicaciones en postes de CNFL",COMPAÑÍA NACIONAL DE FUERZA Y LUZ SOCIEDAD ANÓNIMA,24/09/2026 07:46,24/09/2026 10:00,,15/10/2026 08:15,Objetado,Objetado,PE,,02,3101000046,ROXYRI VELASQUEZ ZUMBADO,G3101000046017,00
2026LY-000018-0001102306,20260902853,Mantenimiento preventivo y correctivo para máquinas de hemodiálisis,CAJA COSTARRICENSE DE SEGURO SOCIAL,23/09/2026 17:01,24/09/2026 07:00,,15/10/2026 10:00,En recepción de ofertas,En recepción de ofertas,LY,,08,4000042147,GRETTEL PATRICIA VEGA ALVARADO,H4000042147314,00
2026LY-000031-0000100001,20260903020,COMPRA DE EQUIPO ADQUISICIÓN DE 5000 LICENCIAS Y MANTENIMIENTO PARA EL FILTRADO DE NAVEGACIÓN EN INTERNET,BANCO NACIONAL DE COSTA RICA,23/09/2026 16:38,24/09/2026 00:01,,22/10/2026 09:00,Objetado,Objetado,LY,,08,4000001021,FRANCINI BENAVIDES VEGA,G4000001021023,00
2026LD-000069-0000500001,20260903031,Compra de Chalecos Antibalas para Seguridad Municipal y Control Vial (SEGUN DEMANDA),MUNICIPALIDAD DE ALAJUELA,23/09/2026 16:13,23/09/2026 16:30,,14/10/2026 10:00,En recepción de ofertas,En recepción de ofertas,LD,,02,3014042063,Melissa Morales Ovares,G3014042063083,00
2026LE-000062-0001102104,20260902861,Mantenimiento Preventivo Y Correctivo Para Sistema Completo De Video Endoscopia Digestiva y sus respectivos repuestos. (CEM-141).,CAJA COSTARRICENSE DE SEGURO SOCIAL,23/09/2026 15:52,24/09/2026 00:00,,14/10/2026 09:00,En recepción de ofertas,En recepción de ofertas,LE,,08,4000042147,KAREN ARROYO UMAÑA,J4000042147189,00
2026LE-000003-0001102232,20260902872,Pruebas especiales de Laboratorio,CAJA COSTARRICENSE DE SEGURO SOCIAL,23/09/2026 15:22,24/09/2026 07:00,,14/10/2026 09:00,En recepción de ofertas,En recepción de ofertas,LE,,02,4000042147,JOSE PABLO SOLANO VIQUEZ,G4000042147399,00
2026LY-000042-0001102101,20260902977,INSUMOS DE LAPAROSCOPIA.,CAJA COSTARRICENSE DE SEGURO SOCIAL,23/09/2026 15:05,24/09/2026 00:00,,28/10/2026 09:00,Objetado,Objetado,LY,,02,4000042147,Rocío Sanabria Hernández,H4000042147194,00
2026LE-000014-0001102206,20260902958,"INSUMO PARA EQUIPO MICOMME, MODELO OH-70C",CAJA COSTARRICENSE DE SEGURO SOCIAL,23/09/2026 13:26,24/09/2026 07:00,,14/10/2026 09:00,En recepción de ofertas,En recepción de ofertas,LE,,02,4000042147,Víctor Camacho Morales,H4000042147710,00
2026LD-000070-0001600003,20260902952,COMPRA DE SUMINISTROS DE LIMPIEZA MERCADO CHOROTEGA,PROGRAMA INTEGRAL DE MERCADEO AGROPECUARIO,23/09/2026 13:05,23/09/2026 13:50,,16/10/2026 10:01,Objetado,Objetado,LD,,01,3007045942,Kevin Jesus Barquero Rodriguez,G3007045942073,00
2026LY-000002-0008700001,20260803189,"Contratar una plataforma de observabilidad tecnológica, en modalidad SaaS",JUNTA ADMINISTRATIVA DE LA DIRECCIÓN GENERAL DE MIGRACIÓN Y EXTRANJERÍA,23/09/2026 12:41,23/09/2026 16:00,,04/11/2026 10:00,Objetado,Objetado,LY,,21,3007459778,MARIO BRENES SOLANO,G3007459778001,00
2026LE-000039-0001102208,20260902912,PLACAS Y CAUTERIOS,CAJA COSTARRICENSE DE SEGURO SOCIAL,23/09/2026 12:13,24/09/2026 07:00,,29/10/2026 08:00,En recepción de ofertas,En recepción de ofertas,LE,,02,4000042147,JOSE PABLO VILLEGAS SOTO,K4000042147608,00
2026LE-000008-0018962008,20260901540,L-328-2026 VEHÍCULOS INSTITUCIONALES,UNIVERSIDAD TÉCNICA NACIONAL,23/09/2026 11:41,25/09/2026 13:00,,15/10/2026 13:01,En recepción de ofertas,En recepción de ofertas,LE,,01,3007556085,LIDIA MARIA PEREZ MONTENEGRO,G3007556085022,00
2026LE-000028-0001102501,20260902910,Jabón líquido para lavados de manos antiséptico.,CAJA COSTARRICENSE DE SEGURO SOCIAL,23/09/2026 10:55,24/09/2026 07:00,,23/10/2026 10:00,En recepción de ofertas,En recepción de ofertas,LE,,02,4000042147,VANESSA LOPEZ CALDERON,I4000042147208,00
2026LY-000119-0001101142,20260901582,"DETERGENTE USO MULTIPLE PORCENTAJE DE INGREDIENTE ACTIVO, Código 1-90-02-0100",CAJA COSTARRICENSE DE SEGURO SOCIAL,23/09/2026 09:38,24/09/2026 00:00,,14/10/2026 10:00,En recepción de ofertas,En recepción de ofertas,LY,,02,4000042147,Katherine Fallas Gamboa,G4000042147082,00
2026PX-000249-0006500001,20260902776,"CE-PROERI-Consultoría en diseño, planos constructivos, espec. técnicas, servicios demolición, otras actividades, reconstrucción de centros educativos en área Pérez Zeledón15.3.1E",COMISIÓN NACIONAL DE PREVENCIÓN DE RIESGOS Y ATENCIÓN DE EMERGENCIAS,23/09/2026 08:58,23/09/2026 09:00,,16/10/2026 10:01,En recepción de ofertas,En recepción de ofertas,PX,,01,3007111111,Adriana Quesada Pelekano,G300711111111217,00
2026LY-000001-0024100001,20260902631,CONTRATACIÓN DEL SERVICIO DE MANTENIMIENTO DE PARQUES Y ZONAS VERDES DEL CANTÓN DE GOICOECHEA,MUNICIPALIDAD DE GOICOECHEA,23/09/2026 08:53,23/09/2026 09:15,,14/10/2026 08:01,Objetado,Objetado,LY,,02,3014042051,Andrés Gerardo Arguedas Vindas,G3014042051001,00
2026PX-000060-0018000001,20260902844,Renovación del Soporte Técnico y Actualización Tecnológica de las Licencias Oracle,OPERADORA DE PLANES DE PENSIONES COMPLEMENTARIAS DEL BANCO POPULAR Y DE DESARROLLO COMUNAL SOCIEDAD ANÓNIMA,23/09/2026 08:23,23/09/2026 08:30,,09/10/2026 16:00,En recepción de ofertas,En recepción de ofertas,PX,,01,3101253502,Bryan Vega Borbón,G3101253502007,00
2026LE-000074-0001101142,20260901895,"Compra de Broca Quirúrgica, Código institucional 2-48-01-0205.",CAJA COSTARRICENSE DE SEGURO SOCIAL,23/09/2026 08:14,24/09/2026 00:00,,26/10/2026 09:00,En recepción de ofertas,En recepción de ofertas,LE,,02,4000042147,ARTURO RETANA VILLALOBOS,L4000042147172,00
2026LD-000026-0001102555,20260902520,COMPRA CONSOLIDADA DE AIRES ACONDICIONADOS PARA A.S. BAGACES Y COLORADO,CAJA COSTARRICENSE DE SEGURO SOCIAL,23/09/2026 07:00,24/09/2026 07:00,,09/10/2026 10:00,En recepción de ofertas,En recepción de ofertas,LD,,01,4000042147,WALTER ANDRES ARCE MONDRAGON,G4000042147870,00
2026LY-000030-0000100001,20260902835,CONTRATAC DE UNA EMPRESA DE SERVICIO DE MANTENIM PREVENT Y CORRECT A LOS SISTE Y EQUIPOS ELECTROMECÁNICOS DEL CENTRO DE DATOS DEL BN,BANCO NACIONAL DE COSTA RICA,22/09/2026 16:11,23/09/2026 00:01,,21/10/2026 09:00,Objetado,Objetado,LY,,08,4000001021,Vivian Viquez Gómez,G4000001021304,00
2026LE-000015-0001102601,20260902688,"MPC a equipos de medicina interna,laboratorio clínico, consulta externa, audiometría, neonatología y salade operaciones con suministro de repuestos.",CAJA COSTARRICENSE DE SEGURO SOCIAL,22/09/2026 15:58,23/09/2026 00:01,,16/10/2026 08:00,En recepción de ofertas,En recepción de ofertas,LE,,08,4000042147,Jeikelyn Andrea Ortiz Perez,N4000042147109,00
2026LY-000010-0000500001,20260902768,"Contratación por demanda para obras de Alcantarillado Pluvial en el cantón de Alajuela, cuantía inestimable",MUNICIPALIDAD DE ALAJUELA,22/09/2026 15:20,22/09/2026 16:00,,14/10/2026 09:01,Objetado,Objetado,LY,,02,3014042063,FRANCINI QUIROS PALMA,G301404206363185,00
2026LD-000015-0018600001,20260902816,ADQUISICIÓN DE SUMINISTRO E INSTALACIÓN DE UNIDADES CONDENSADORAS TIPO VRF EN LAS OFICINAS CENTRALES DEL INCOPESCA,INSTITUTO COSTARRICENSE DE PESCA Y ACUICULTURA,22/09/2026 15:19,22/09/2026 16:00,,12/10/2026 08:01,En recepción de ofertas,En recepción de ofertas,LD,,01,4000153004,ELIECER DANIEL LEAL GOMEZ,G4000153004001,00
2026LY-000004-0019400001,20260902714,ADQUISICIÓN DE SERVICIOS DE SEGURIDAD PRIVADA SEGÚN DEMANDA PARA LA MUNICIPALIDAD DE OSA,MUNICIPALIDAD DE OSA,22/09/2026 14:39,23/09/2026 00:00,,28/10/2026 08:30,En recepción de ofertas,En recepción de ofertas,LY,,02,3014042119,González Núñez David,G3014042119069,00
2026LE-000002-0001101161,20260902708,Servicio de investigación de mercado general-CCSS.,CAJA COSTARRICENSE DE SEGURO SOCIAL,22/09/2026 14:16,24/09/2026 00:00,,14/10/2026 09:00,En recepción de ofertas,En recepción de ofertas,LE,,02,4000042147,GERARDO MONTERO CALDERON,K4000042147061,00
2026LE-000036-0001102205,20260902715,"MANTENIMIENTO PREVENTIVO Y CORRECTIVO PARA TORRES DE ENDOSCOPIA conopción de repuestos indeterminados, procedimiento amparado en elartículo 78 de la LGCP y 212 del RLGCP",CAJA COSTARRICENSE DE SEGURO SOCIAL,22/09/2026 14:09,23/09/2026 07:00,,13/10/2026 09:00,En recepción de ofertas,En recepción de ofertas,LE,,08,4000042147,MARCELA MAYELA RAMIREZ MORA,G4000042147520,00
2026LY-000016-0021400001,20260702077,"21400001 Servicio de acarreo de sustancias peligrosas, gas cloro, sulfato de aluminio y extracción y disposición  de lodos  de procesos de potabilizacion",INSTITUTO COSTARRICENSE DE ACUEDUCTOS Y ALCANTARILLADOS,22/09/2026 13:46,23/09/2026 07:00,,03/11/2026 08:01,En recepción de ofertas,En recepción de ofertas,LY,,02,4000042138,ALEXIS ARNAEZ SERRANO,G4000042138016,00
2026XE-000771-0000400001,20260900652,S.E – Licitación Abreviada / Adquisición de pentano (DG-2337-2026),INSTITUTO COSTARRICENSE DE ELECTRICIDAD,22/09/2026 13:41,23/09/2026 00:00,,21/10/2026 07:30,En recepción de ofertas,En recepción de ofertas,PE,,02,4000042139,MARIA CAROLINA FONSECA MONTERO,G4000042139011,00
2026LE-000013-0001102206,20260902706,Servicios Profesionales de Registros y Estadísticas de Salud (Redes)para el Área de Salud Atenas,CAJA COSTARRICENSE DE SEGURO SOCIAL,22/09/2026 13:25,23/09/2026 07:00,,20/10/2026 09:00,En recepción de ofertas,En recepción de ofertas,LE,,08,4000042147,LINA MARIA RODRIGUEZ SOLIS,H4000042147689,00
2026LY-000005-0003600001,20260902530,"CONTRATACIÓN DEL SERVICIO DE SUMINISTRO Y TRANSPORTE DE TUBOS DE CONCRETO PARA EL CANTÓN DE SAN CARLOS, ENTREGA SEGÚN DEMANDA",MUNICIPALIDAD DE SAN CARLOS,22/09/2026 13:09,22/09/2026 23:59,,06/11/2026 09:00,En recepción de ofertas,En recepción de ofertas,LY,,02,3014042074,LAUREN MARIA BARRANTES VARELA,G3014042074021,00
2026LD-000034-0022300001,20260902732,CONTRATACION DE SERVICIOS DE CAPACITACION DIRIGIDOS A PERSONAS JÓVENES DEL CANTON DE TALAMANCA,MUNICIPALIDAD DE TALAMANCA,22/09/2026 10:53,22/09/2026 11:00,,09/10/2026 23:59,En recepción de ofertas,En recepción de ofertas,LD,,08,3014042127,CARLOS LUIS SANCHEZ RODRIGUEZ,G3014042127038,00
2026XE-000769-0000400001,20260802748,S.E - Licitación abreviada - Adquisición de Llaves de Poder y Roladoras para Tubería de Perforación / / PGB II / GE-066 / DISA. Proyecto Expansión.,INSTITUTO COSTARRICENSE DE ELECTRICIDAD,22/09/2026 10:05,23/09/2026 00:00,,21/10/2026 07:30,Objetado,Objetado,PE,,01,4000042139,HERROL GERARDO UREÑA FALLAS,G4000042139092,00
2026LE-000009-0004700001,20260902031,Servicio de construcción de obras de infraestructura vial y elementos complementarios en el Cantón de Esparza.,MUNICIPALIDAD DEL CANTÓN DE ESPARZA,22/09/2026 09:57,23/09/2026 00:01,,13/10/2026 10:00,En recepción de ofertas,En recepción de ofertas,LE,,02,3014042115,YULIETH DE LOS ANGELES CORTES ALVARADO,G3014042115001,00
2026LY-000118-0001101142,20260201510,"Coprocesado de lactosa y Rosuvastatina, Códigos institucionales: 1-50-03-1877 y 1-50-01-0170",CAJA COSTARRICENSE DE SEGURO SOCIAL,22/09/2026 09:54,23/09/2026 00:00,,05/11/2026 10:00,En recepción de ofertas,En recepción de ofertas,LY,,02,4000042147,SONIA VALVERDE MORA,H4000042147438,00
2026LD-000049-0009600001,20260902055,COMPRA DE LICENCIAS DE SOFTWARE,JUNTA ADMINISTRATIVA DEL ARCHIVO NACIONAL,22/09/2026 09:03,09/10/2026 08:00,,16/10/2026 08:00,En recepción de ofertas,En recepción de ofertas,LD,,01,3007042029,Joan Ureña Ortiz,G300704202929078,00
2026LD-000048-0009600001,20260901831,"Compra de monitores, impresoras, equipo de cómputo, proyectores y switches",JUNTA ADMINISTRATIVA DEL ARCHIVO NACIONAL,22/09/2026 08:48,07/10/2026 08:00,,14/10/2026 08:00,Objetado,Objetado,LD,,01,3007042029,Joan Ureña Ortiz,G300704202929078,00
2026XE-000767-0000400001,20260902337,S.C Licitación abreviada Suscripción de licenciamiento de herramienta para la Gobernanza de Datos del ICE.,INSTITUTO COSTARRICENSE DE ELECTRICIDAD,22/09/2026 08:35,23/09/2026 00:00,,21/10/2026 07:00,Objetado,Objetado,PE,,01,4000042139,HERROL GERARDO UREÑA FALLAS,G4000042139092,00
2026LD-000047-0009600001,20260900256,Actualización de la plataforma de software OJS para la Revista del Archivo Nacional,JUNTA ADMINISTRATIVA DEL ARCHIVO NACIONAL,22/09/2026 08:26,05/10/2026 08:00,,12/10/2026 08:00,En recepción de ofertas,En recepción de ofertas,LD,,01,3007042029,Joan Ureña Ortiz,G300704202929078,00
2026LE-000073-0001101142,20260902205,CATETER TORAXICO PARA DRENAJE CON TROCAR CALIBRE 12 FR CÓDIGO2-94-03-1300,CAJA COSTARRICENSE DE SEGURO SOCIAL,22/09/2026 08:03,23/09/2026 00:00,,20/10/2026 10:00,En recepción de ofertas,En recepción de ofertas,LE,,02,4000042147,ALLAN RODA ACUÑA,G4000042147036,00
2026LY-000029-0001102102,20260902506,Mantenimineto Preventivo y Correctivo  y Repuestos para equipos Ultrasonidos,CAJA COSTARRICENSE DE SEGURO SOCIAL,22/09/2026 07:05,23/09/2026 00:00,,13/10/2026 09:00,En recepción de ofertas,En recepción de ofertas,LY,,02,4000042147,ANA GABRIELA VILLALTA VENEGAS,H4000042147058,00
2026LE-000011-0006900001,20260902298,Adquisición y/o renovación de licencias de software bajo la modalidad de contrato continuo de cantidad definida,MINISTERIO DE JUSTICIA Y PAZ,21/09/2026 17:18,22/09/2026 07:30,,12/10/2026 09:00,En recepción de ofertas,En recepción de ofertas,LE,,21,2100042006,Andrea Arias Cruz,G2100042006020,00
2026LY-000024-0001300001,20260702528,"Contratación de Alimentación para Privados de Libertad que permanecen en las Celdas del OIJ Limón, según demanda",CORTE SUPREMA DE JUSTICIA-PODER JUDICIAL,21/09/2026 15:49,22/09/2026 00:00,,14/10/2026 08:00,En recepción de ofertas,En recepción de ofertas,LY,,02,2300042155,Manuel Alejandro Bolaños Rodríguez,G2300042155053,00
2026LE-000017-0001102701,20260902584,TRASLADO DE PACIENTES POR TERCEROS,CAJA COSTARRICENSE DE SEGURO SOCIAL,21/09/2026 15:36,22/09/2026 00:00,,13/10/2026 08:01,En recepción de ofertas,En recepción de ofertas,LE,,02,4000042147,JAIRO DAMIAN QUESADA BADILLA,G4000042147556,00
2026LY-000022-0001102208,20260902534,"Vutrisirán 25 mg / 0,5 mL Solución Inyectable UP: 2208",CAJA COSTARRICENSE DE SEGURO SOCIAL,21/09/2026 15:34,22/09/2026 07:00,,12/10/2026 08:00,En recepción de ofertas,En recepción de ofertas,LY,,01,4000042147,ESTEBAN ALBERTO ARCE CHAVES,H4000042147613,00
2026LY-000021-0001102208,20260902293,Instrumental SALA DE OPERACIONES,CAJA COSTARRICENSE DE SEGURO SOCIAL,21/09/2026 15:28,22/09/2026 07:00,,19/10/2026 08:00,Objetado,Objetado,LY,,01,4000042147,ESTEBAN ALBERTO ARCE CHAVES,H4000042147613,00
2026LE-000002-0040600001,20260902420,Contratación de servicios de mantenimiento preventivo y correctivo a la infraestructura de la Estación Migratoria Sur,FIDEICOMISO FONDO SOCIAL MIGRATORIO JADGME BCR BICENTENARIO,21/09/2026 15:28,22/09/2026 00:00,,13/10/2026 09:00,En recepción de ofertas,En recepción de ofertas,LE,,02,3112810715,Kattia Sánchez Azofeifa,G3112810715042,00
2026XE-000766-0000400001,20260900855,SE-Licitación Abreviada_ Adquisición de repuestos PH Pirrís_DG-2381-2026,INSTITUTO COSTARRICENSE DE ELECTRICIDAD,21/09/2026 15:26,22/09/2026 00:00,,20/10/2026 07:00,En recepción de ofertas,En recepción de ofertas,PE,,01,4000042139,ORLANDO GONZALEZ MONGE,H4000042139889,00
2026LE-000013-0001102307,20260902422,Materiales eléctricos,CAJA COSTARRICENSE DE SEGURO SOCIAL,21/09/2026 15:01,22/09/2026 07:00,,12/10/2026 10:00,En recepción de ofertas,En recepción de ofertas,LE,,02,4000042147,ROYER ELIACHIM SANCHEZ BOGANTES,G4000042147625,00
2026LY-000001-0001102252,20260902379,CONTRATACION DE SERVICIOS DE SEGURIDAD Y VIGILANCIA PARA EL ÁREA DE SALUD PALMARES,CAJA COSTARRICENSE DE SEGURO SOCIAL,21/09/2026 14:44,22/09/2026 07:00,,13/10/2026 07:30,Objetado,Objetado,LY,,08,4000042147,María Gabriela Vargas Badilla,G4000042147334,00
2026LE-000007-0001102217,20260902335,Compra Consolidada de Pruebas Psicológicas,CAJA COSTARRICENSE DE SEGURO SOCIAL,21/09/2026 12:49,22/09/2026 07:00,,16/10/2026 09:00,En recepción de ofertas,En recepción de ofertas,LE,,02,4000042147,AUSAN VIVIANA ZUÑIGA CHACON,G4000042147649,00
2026LE-000023-0001102207,20260902196,“Compra de Servicio de Mantenimiento Preventivo y Correctivo conRepuestos para Equipos de Laboratorio Clínico del HDRCLVV y Área deSalud Palmares”,CAJA COSTARRICENSE DE SEGURO SOCIAL,21/09/2026 12:46,22/09/2026 07:00,,19/10/2026 10:00,En recepción de ofertas,En recepción de ofertas,LE,,08,4000042147,DENISE MARIA CANTERO SABORIO,J4000042147232,00
2026LY-000117-0001101142,20260902467,Servicio de lavado a Presión de agua de paredes y otras superficies para el Area Lavanderia Central y Lavanderia Zeledon Venegas,CAJA COSTARRICENSE DE SEGURO SOCIAL,21/09/2026 12:31,22/09/2026 00:00,,26/10/2026 09:00,En recepción de ofertas,En recepción de ofertas,LY,,01,4000042147,VERONICA LEIVA CASTRO,G4000042147018,00
2026RE-000001-0042700116,20260902563,“Remate de chatarra de vehículos de la CONAI”,COMISIÓN NACIONAL DE ASUNTOS INDÍGENAS CONAI,21/09/2026 12:24,,,13/10/2026 17:00,En recepción de ofertas,En recepción de ofertas,RE,,01,3007045795,GABRIELA GUADALUPE PEREZ SERRANO,G3007045795002,00
2026XE-000759-0000400001,20260900358,"S.E.-Licitación Abreviada/ Adquisicón de Mesas de Oxicorte, Soldadoras Combustión P.E GE-076",INSTITUTO COSTARRICENSE DE ELECTRICIDAD,21/09/2026 11:41,22/09/2026 00:00,,21/10/2026 07:30,Objetado,Objetado,PE,,01,4000042139,HERROL GERARDO UREÑA FALLAS,G4000042139092,00
2026PX-000236-0006500001,20260902004,"(CE) Construcción de obras para desvío de excedentes de caudal de quebrada Gamboa, recava de quebrada Túnel y obras conexas para reducir el riesgo de inundación.",COMISIÓN NACIONAL DE PREVENCIÓN DE RIESGOS Y ATENCIÓN DE EMERGENCIAS,21/09/2026 08:34,21/09/2026 09:00,,15/10/2026 10:01,En recepción de ofertas,En recepción de ofertas,PX,,01,3007111111,Adriana Quesada Pelekano,G300711111111217,00
2026XE-000234-0000200001,20260902365,Concurso de Adquisición para los Aisladores de porcelana tipo carrete y tipo poste,COMPAÑÍA NACIONAL DE FUERZA Y LUZ SOCIEDAD ANÓNIMA,21/09/2026 08:21,21/09/2026 10:00,,12/10/2026 08:10,En recepción de ofertas,En recepción de ofertas,PE,,02,3101000046,STEVALEN RAQUEL VARELA SALAZAR,G3101000046457,00
2026PX-000235-0006500001,20260902050,"(CE)  ESTUDIOS COMPLEMENTARIOS, DISEÑOS, PLANOS CONSTRUCTIVOS Y ESPECIFICACIONES TÉCNICAS PARA SEIS (6) ESTRUCTURAS DE PASO VEHICULARES SOBRE LAS QUEBRADAS GAMBOA.",COMISIÓN NACIONAL DE PREVENCIÓN DE RIESGOS Y ATENCIÓN DE EMERGENCIAS,21/09/2026 08:08,24/09/2026 10:00,,12/10/2026 13:31,En recepción de ofertas,En recepción de ofertas,PX,,01,3007111111,ANTHONY JOSE FLORES ROMERO,G300711111111191,00
2026LD-000034-0006800001,20260901809,Compra de bombillos LED y botiquines para el Área de Conservación Pacífico Central,SISTEMA NACIONAL DE ÁREAS DE CONSERVACIÓN,21/09/2026 07:48,22/09/2026 09:00,,14/10/2026 09:00,En recepción de ofertas,En recepción de ofertas,LD,,01,3007317912,Luis Alfonso Vega Guerrero,G3007317912019,00
2026XE-000757-0000400001,20260902106,S.E – Licitación Abreviada/Servicio de rehabilitación de aspas PG Miravalles I-II-III (DG-2227-2026),INSTITUTO COSTARRICENSE DE ELECTRICIDAD,21/09/2026 06:44,22/09/2026 00:00,,20/10/2026 07:30,En recepción de ofertas,En recepción de ofertas,PE,,01,4000042139,VIVIANA SOLIS ALFARO,H4000042139885,00
2026LY-000043-0001102104,20260902325,"NIVOLUMAB 10 MG/ML, NIVOLUMAB 100 MG/10 ML SOLUCIÓN INYECTABLE, EIPILIMUMAB 50 MG/10 ML, SOLUCION INYECTABLE",CAJA COSTARRICENSE DE SEGURO SOCIAL,18/09/2026 20:01,21/09/2026 00:00,,09/10/2026 10:30,En recepción de ofertas,En recepción de ofertas,LY,,02,4000042147,Lourdes Brizuela Sánchez,H4000042147320,00
2026LD-000004-0018500011,20260902463,"CONTRATACIÓN SERVICIOS DE IMPRESIÓN, ENCUADERNACIÓN DOBLADO, SEPARACIÓN, PERSONALIZACIÓN, ENSOBRADO Y ENTREGA A CORREOS DE COSTA RICA DE DOCUMENTOS VARIOS",BCR SOCIEDAD ADMINISTRADORA DE FONDOS DE INVERSIÓN SOCIEDAD ANÓNIMA,18/09/2026 17:43,18/09/2026 18:00,,09/10/2026 18:01,En recepción de ofertas,En recepción de ofertas,LD,,02,3101249051,Gabriela García Parra,G310124905151062,00
2026LE-000024-0003500001,20260902277,SERVICIOS PROFESIONALES EN CIENCIAS SOCIALES Y PLANEAMIENTO PROSPECTIVO,UNIVERSIDAD NACIONAL,18/09/2026 16:31,18/09/2026 17:00,,09/10/2026 10:01,Objetado,Objetado,LE,,01,4000042150,GISSELLE MARIA RUIZ ESQUIVEL,G4000042150010,00
2026LY-000015-0004900001,20260902280,ADQUISICIÓN DE HORAS SEGÚN DEMANDA EN LA MODALIDAD DE TRABAJO OUTTASKING.,BANCO CENTRAL DE COSTA RICA,18/09/2026 16:14,18/09/2026 16:30,,09/10/2026 10:00,Objetado,Objetado,LY,,02,4000004017,GREDDY CHINCHILLA CASCANTE,G4000004017066,00
2026LE-000004-0007700001,20260902389,Adquisición y Renovación de licencias de software para el Ministerio de Comercio Exterior.,MINISTERIO DE COMERCIO EXTERIOR,18/09/2026 15:49,21/09/2026 00:00,,13/10/2026 10:01,En recepción de ofertas,En recepción de ofertas,LE,,02,2100084250,Jessica Alvarez Pérez,G2100084250007,00
2026XE-000755-0000400001,20260801781,ST/SE Licitación Abreviada: Adquisición de software de observabilidad para gestión y monitoreo integral de servicios tecnologías de información - según demanda,INSTITUTO COSTARRICENSE DE ELECTRICIDAD,18/09/2026 14:45,21/09/2026 00:00,,19/10/2026 07:30,Objetado,Objetado,PE,,02,4000042139,EDGAR EDUARDO VARELA UMAÑA,G4000042139878,00
2026XE-000754-0000400001,20260900698,SC Licitación Abreviada Servicio profesional especializado para la implementación de las NIIF S1 y S2.,INSTITUTO COSTARRICENSE DE ELECTRICIDAD,18/09/2026 14:40,21/09/2026 00:00,,19/10/2026 07:00,En recepción de ofertas,En recepción de ofertas,PE,,08,4000042139,ORLANDO GONZALEZ MONGE,H4000042139889,00
2026LE-000012-0001102307,20260902056,Mantenimiento Preventivo y Correctivo de Red de gases medicinales (Artículo #78 LGCP).,CAJA COSTARRICENSE DE SEGURO SOCIAL,18/09/2026 13:48,21/09/2026 07:00,,19/10/2026 10:00,En recepción de ofertas,En recepción de ofertas,LE,,08,4000042147,ROYER ELIACHIM SANCHEZ BOGANTES,G4000042147625,00
2026XE-000752-0000400001,20260901469,S.E.- Licitación Abreviada - Adquisición compresora para gobernador PH Miguel Dengo (DG-2230-2026),INSTITUTO COSTARRICENSE DE ELECTRICIDAD,18/09/2026 13:46,21/09/2026 00:00,,19/10/2026 07:30,En recepción de ofertas,En recepción de ofertas,PE,,01,4000042139,JORGE HERNANDEZ PARRA,G4000042139114,00
2026LE-000019-0012800001,20260902357,Compra de maniquíes de entrenamiento para los diferentes procesos de capacitación,BENEMÉRITO CUERPO DE BOMBEROS DE COSTA RICA,18/09/2026 13:11,18/09/2026 14:00,,20/10/2026 09:01,En recepción de ofertas,En recepción de ofertas,LE,,01,3007547060,Adriana Brenes Villalobos,G300754706060201,00
2026LE-000005-0028011201,20260902344,"“SEÑALIZACION Y DEMARCACION VIAL POR DEMANDA, MUNICIPALIDAD DE ACOSTA, AÑO 2026”",MUNICIPALIDAD DE ACOSTA,18/09/2026 12:33,18/09/2026 13:00,,09/10/2026 11:01,En recepción de ofertas,En recepción de ofertas,LE,,02,3014042043,ALLAN ALBERTO SEGURA ALFARO,G3014042043001,00
2026LY-000003-0003100001,20260902146,"CONTRATACIÓN PARA OBRAS DE DISEÑO, CONSTRUCCIÓN, CONSERVACIÓN Y MEJORAMIENTO VIAL A DESARROLLARSE EN EL CANTÓN DE PUNTARENAS, SEGÚN DEMANDA CUANTÍA INESTIMABLE",MUNICIPALIDAD DE PUNTARENAS,18/09/2026 10:54,18/09/2026 12:00,,13/10/2026 12:00,Objetado,Objetado,LY,,02,3014042120,LUIS EDWARD ROJAS BARRANTES,G3014042120002,00
2026LY-000116-0001101142,20260902026,Apósito para fijación Cód. 2-94-01-0581,CAJA COSTARRICENSE DE SEGURO SOCIAL,18/09/2026 10:23,21/09/2026 00:00,,23/10/2026 09:00,Objetado,Objetado,LY,,02,4000042147,Luis Guillermo Hernández Zúñiga,L4000042147087,00
2026LY-000042-0001102104,20260901920,JUSTIFICACIÓN DE SOLICITUD DE CONTRATACIÓN DE ARRENDAMIENTO DEVENTILADOR MECÁNICO PARA USO DOMICILIAR,CAJA COSTARRICENSE DE SEGURO SOCIAL,18/09/2026 09:36,21/09/2026 00:00,,16/10/2026 09:00,Objetado,Objetado,LY,,02,4000042147,KAREN ARROYO UMAÑA,J4000042147189,00
2026LE-000071-0001101142,20260901198,"CRISTALERIA LNCM, CODIGOS VARIOS",CAJA COSTARRICENSE DE SEGURO SOCIAL,18/09/2026 09:26,21/09/2026 00:00,,30/10/2026 09:00,En recepción de ofertas,En recepción de ofertas,LE,,02,4000042147,SONIA VALVERDE MORA,H4000042147438,00
2026LD-000033-0006800001,20260900479,EVALUACIÓN PSICOLÓGICA DE IDONEIDAD MENTAL PARA PORTAR ARMAS DE FUEGO PARA PERSONAL DEL SISTEMA NACIONAL DE AREAS DE CONSERVACIÓN,SISTEMA NACIONAL DE ÁREAS DE CONSERVACIÓN,18/09/2026 08:34,18/09/2026 09:00,,13/10/2026 09:00,En recepción de ofertas,En recepción de ofertas,LD,,02,3007317912,Roberto Quesada Quirós,G3007317912001,00
2026LY-000003-0001102315,20260900523,"Carga de gases medicinales e industriales para las Áreas de Salud Desamparados 1, Curridabat, Mora Palmichal, Alajuelita y San Juan - San Diego Concepción",CAJA COSTARRICENSE DE SEGURO SOCIAL,17/09/2026 19:26,18/09/2026 08:00,,29/10/2026 10:01,Objetado,Objetado,LY,,02,4000042147,ALAN ALBERTO CASTILLO SEQUEIRA,H4000042147048,00
2026LY-000041-0001102104,20260902242,CONTRATACION DE MOBILIARIO DE OFICINA A DEMANDA,CAJA COSTARRICENSE DE SEGURO SOCIAL,17/09/2026 15:43,18/09/2026 00:00,,29/10/2026 10:00,Objetado,Objetado,LY,,02,4000042147,Jenyfer Irene Obando Madrigal,N400004214701376,00
2026XE-000751-0000400001,20260803124,S.E - Licitación Abreviada - Servicio inspección robótica generadores U1-U3 Miguel Dengo (DG-2137-2026),INSTITUTO COSTARRICENSE DE ELECTRICIDAD,17/09/2026 15:13,18/09/2026 00:00,,16/10/2026 07:30,En recepción de ofertas,En recepción de ofertas,PE,,08,4000042139,LUIS ARMANDO FATJO RIVERA,G4000042139998,00
2026LE-000023-0001102502,20260902073,MEDICAMENTOS VARIOS,CAJA COSTARRICENSE DE SEGURO SOCIAL,17/09/2026 14:12,18/09/2026 07:00,,12/10/2026 08:01,En recepción de ofertas,En recepción de ofertas,LE,,02,4000042147,GRACIELA DE LOS ANGELES QUIROS CHAVES,I4000042147717,00
2026LY-000010-0001102205,20260902152,"ELECTRODOS DE ABLACIÓN PARA TIROIDES, VÍA BILIAR Y PÁNCREAS",CAJA COSTARRICENSE DE SEGURO SOCIAL,17/09/2026 14:03,18/09/2026 07:00,,15/10/2026 09:00,Objetado,Objetado,LY,,02,4000042147,Scarleth Maria Blanco Jimenez,M4000042147443,00
2026LE-000024-0000500001,20260901596,Compra de Vehículos y Camiones de Carga,MUNICIPALIDAD DE ALAJUELA,17/09/2026 13:48,17/09/2026 15:00,,13/10/2026 10:01,En recepción de ofertas,En recepción de ofertas,LE,,01,3014042063,ALEXANDER GAMBOA VIQUEZ,G3014042063003,00
2026LE-000012-0001102503,20260902127,COMPRA DE MEDICAMENTOS TRÁNSITO Y NO LOM BAJO LA MODALIDAD DE ENTREGASEGÚN DEMANDA ARTÍCULO 195 RLGCP,CAJA COSTARRICENSE DE SEGURO SOCIAL,17/09/2026 12:35,18/09/2026 07:00,,15/10/2026 10:00,En recepción de ofertas,En recepción de ofertas,LE,,02,4000042147,MAX ANDRES GOMEZ ALFARO,H4000042147026,00
2026LY-000008-0001102401,20260902094,“SERVICIOS DE SEGURIDAD Y VIGILANCIA EN EL ÁREA DE SALUD SANTA ROSA”,CAJA COSTARRICENSE DE SEGURO SOCIAL,17/09/2026 12:04,18/09/2026 07:00,,15/10/2026 10:00,Objetado,Objetado,LY,,01,4000042147,Steven Roberto Vargas González,N400004214702077,00
2026LY-000003-0002100009,20260900799,"Servicio de seguridad y vigilancia física y electrónica, para las instalaciones de la Unidad Regional de Heredia y sus Centros Adscritos",INSTITUTO NACIONAL DE APRENDIZAJE,17/09/2026 10:11,18/09/2026 08:00,,13/10/2026 08:01,En recepción de ofertas,En recepción de ofertas,LY,,01,4000045127,CARLOS ENRIQUE ARAYA VILLALOBOS,G400004512700928,00
2026LE-000085-0001102102,20260901353,"Mantenimiento Preventivo, Correctivo y Repuestos para Equipo de Rayos X Portátil y Ultrasonidos",CAJA COSTARRICENSE DE SEGURO SOCIAL,17/09/2026 08:06,18/09/2026 00:00,,15/10/2026 09:00,En recepción de ofertas,En recepción de ofertas,LE,,02,4000042147,KENIA LINDOR MONGE,H4000042147373,00
2026LY-000028-0001102102,20260901366,"Mallas progrio, Dispositivo para fijación, Sutura de ácido.",CAJA COSTARRICENSE DE SEGURO SOCIAL,17/09/2026 08:04,18/09/2026 00:00,,14/10/2026 09:00,En recepción de ofertas,En recepción de ofertas,LY,,02,4000042147,KENIA LINDOR MONGE,H4000042147373,00
2026LY-000004-0001102602,20260901978,MEDIOS DE CULTIVO E INSUMOS PARA BACTERIOLOGIA,CAJA COSTARRICENSE DE SEGURO SOCIAL,16/09/2026 16:12,17/09/2026 07:00,,04/11/2026 09:00,Objetado,Objetado,LY,,02,4000042147,Ana Requene Guadamuz,N400004214702307,00
2026LY-000008-0006000001,20260902013,"Construcción de la estructura de drenaje mayor sobre el río Torres, en la ruta nacional No. 108, sección Tournón – Barrio Iglesias Flores",CONSEJO NACIONAL DE VIALIDAD,16/09/2026 14:59,16/09/2026 15:01,,05/11/2026 10:00,En recepción de ofertas,En recepción de ofertas,LY,,01,3007231686,DAYANA MONTERO CALDERON,G3007231686044,00
2026LE-000046-0001300001,20260801101,Compra de soporte y garantía para equipos switch HPE Aruba,CORTE SUPREMA DE JUSTICIA-PODER JUDICIAL,16/09/2026 14:56,17/09/2026 00:00,,22/10/2026 08:30,En recepción de ofertas,En recepción de ofertas,LE,,08,2300042155,IVONNE ROCIO VALVERDE SANABRIA,G2300042155155,00
2026LE-000010-0006900001,20260902027,Adquisición de madera para la fabricación de mobiliario institucional y para la remodelación de infraestructura agropecuaria,MINISTERIO DE JUSTICIA Y PAZ,16/09/2026 14:51,17/09/2026 07:00,,14/10/2026 09:00,En recepción de ofertas,En recepción de ofertas,LE,,01,2100042006,Cinthya Araya López,G2100042006208,00
2026LY-000032-0001000001,20260901579,Compra de Fórmulas Nutricionales según demanda,INSTITUTO NACIONAL DE SEGUROS,16/09/2026 14:11,16/09/2026 14:11,,29/10/2026 10:01,Objetado,Objetado,LY,,02,4000001902,STEPHANIE CEDEÑO HERRERA,G4000001902888,00
2026LE-000044-0001102103,20260901988,"BANDEJAS EPIDURALES LUMBAR, COBERTORESTÉRMICOS, BLOQUEADORES ENDOBRONQUEALES, CÁNULAS OROFARÍNGEAS Y CATETERESVENOSOS 14 G Y 16 G",CAJA COSTARRICENSE DE SEGURO SOCIAL,16/09/2026 13:47,17/09/2026 00:00,,15/10/2026 09:00,Objetado,Objetado,LE,,02,4000042147,NENSY ESPINOZA UMAÑA,G4000042147127,00
2026LY-000041-0001102101,20260901956,FUNDAS DE PROTECCIÓN ESTÉRILES.,CAJA COSTARRICENSE DE SEGURO SOCIAL,16/09/2026 11:51,17/09/2026 00:00,,16/10/2026 09:00,En recepción de ofertas,En recepción de ofertas,LY,,02,4000042147,Jairo Quirós Quesada,L4000042147468,00
2026LY-000026-0015700001,20260800939,Contratación de Médicos Descentralizados BCR,BANCO DE COSTA RICA,16/09/2026 10:05,16/09/2026 11:00,,14/10/2026 10:00,En recepción de ofertas,En recepción de ofertas,LY,,02,4000000019,Ronald Antonio Agüero Castro,G4000000019065,00
2026LD-000034-0004611901,20260901783,"ADQUISICIÓN DE MATERIALES PARA LA CONSTRUCCIÓN DE OFICINA DE PESAJE EN EL CENTRO DE TRANSFERENCIA DE RESIDUOS SÓLIDOS, SUBPROCESO DE GESTIÓN AMBIENTAL",MUNICIPALIDAD DE PÉREZ ZELEDÓN,14/09/2026 16:08,16/09/2026 00:00,,09/10/2026 14:00,En recepción de ofertas,En recepción de ofertas,LD,,01,3014042056,JULIAN FALLAS CARVAJAL,G3014042056005,00
2026LY-000040-0001102101,20260901796,"MACITENTAN 10 MG, TABLETAS RECUBIERTAS.",CAJA COSTARRICENSE DE SEGURO SOCIAL,14/09/2026 15:55,16/09/2026 00:00,,20/10/2026 09:00,En recepción de ofertas,En recepción de ofertas,LY,,02,4000042147,Jairo Quirós Quesada,L4000042147468,00
2026LY-000002-0001102702,20260901839,"REACTIVOS DE INMUNOLOGIA, HORMONAS Y TOXICOS EN ORINA PARA EL SERVICIODE LABORATORIO CLINICO DEL HGMMV.",CAJA COSTARRICENSE DE SEGURO SOCIAL,14/09/2026 15:54,16/09/2026 00:00,,13/10/2026 09:00,En recepción de ofertas,En recepción de ofertas,LY,,02,4000042147,LIBIA YANIN ABARCA MORALES,H4000042147529,00
2026LD-000039-0003900001,20260901903,Servicios profesionales de asesoría técnica y operativa especializada al Despacho de la Alcaldía Municipal,MUNICIPALIDAD DE NICOYA,14/09/2026 15:40,14/09/2026 16:00,,09/10/2026 15:00,En recepción de ofertas,En recepción de ofertas,LD,,02,3014042108,José Angel Castro Rodriguez,G3014042108056,00
2026LY-000039-0001102101,20260901812,INSUMOS PARA REPARACIÓN DEPARED ABDOMINAL.,CAJA COSTARRICENSE DE SEGURO SOCIAL,14/09/2026 14:13,15/09/2026 00:00,,29/10/2026 09:30,En recepción de ofertas,En recepción de ofertas,LY,,02,4000042147,STEPHANIE YUADIXSA DURAN CHINCHILLA,L4000042147467,00
2026LD-000067-0012300001,20260900994,SERVICIO DE DESTRUCCIÓN DE MATERIALES,TRIBUNAL SUPREMO DE ELECCIONES,14/09/2026 14:11,16/09/2026 00:01,,12/10/2026 09:01,Objetado,Objetado,LD,,02,2400042156,MARCELA MARIA MORA GONZALEZ,G2400042156011,00
2026PX-000002-0013600001,20260901526,"Servicio de distribución de correspondencia del Ministerio de Salud a nivel nacional e internacional, bajo la modalidad de reserva abierta",CONTRATO DE FIDEICOMISO NO OCHO SIETE DOS MINISTERIO DE SALUD - BANCO NACIONAL DE COSTA RICA,14/09/2026 14:03,16/09/2026 08:00,,13/10/2026 10:00,En recepción de ofertas,En recepción de ofertas,PX,,02,3112728227,JOSE FABIO GUZMAN ENRIQUEZ,G3112728227003,00
2026LY-000038-0001102101,20260901692,"Reactivos para la determinación automatizada de la coagulación,evaluación de la hemostasia y trombosis",CAJA COSTARRICENSE DE SEGURO SOCIAL,14/09/2026 13:21,16/09/2026 00:00,,27/10/2026 09:00,Objetado,Objetado,LY,,02,4000042147,YEIMY MELISSA CASTRO NARANJO,M4000042147565,00
2026LY-000007-0001102401,20260901474,Implementos médicos Varios,CAJA COSTARRICENSE DE SEGURO SOCIAL,14/09/2026 10:49,16/09/2026 07:00,,13/10/2026 10:00,Objetado,Objetado,LY,,02,4000042147,LINCY MAYELA ALVARADO ALPIZAR,H4000042147544,00
2026LY-000007-0001102502,20260901644,COMPRA LOCAL DE VEGETALES Y FRUTAS FRESCAS; VEGETALES Y FRUTASSEMIPROCESADOS,CAJA COSTARRICENSE DE SEGURO SOCIAL,14/09/2026 08:12,16/09/2026 07:00,,27/10/2026 08:01,En recepción de ofertas,En recepción de ofertas,LY,,02,4000042147,GRACIELA DE LOS ANGELES QUIROS CHAVES,I4000042147717,00
2026LY-000014-0003400001,20260901717,"CONTRATACIÓN DE OBRAS DE MANTENIMIENTO, MEJORAMIENTO, REHABILITACIÓN Y RECONSTRUCCIÓN DE LA INFRAESTRUCTURA VIAL POR DEMANDA",MUNICIPALIDAD DE MONTES DE OCA,11/09/2026 16:19,11/09/2026 16:30,,26/10/2026 10:00,Objetado,Objetado,LY,,02,3014042053,RONNY CECILIANO VALVERDE,G3014042053011,00
2026XE-000741-0000400001,20260802764,S.E. Licitación Abreviada.Adquisición de repuestos equipos auxiliares motor MAN PT Garabito (DG-2199-2026),INSTITUTO COSTARRICENSE DE ELECTRICIDAD,11/09/2026 16:16,14/09/2026 00:00,,13/10/2026 07:30,En recepción de ofertas,En recepción de ofertas,PE,,01,4000042139,Jesus Antonio Fallas Salazar,H400004213901027,00
2026LY-000031-0001000001,20260900555,"“Compra de Insumos, Utensilios y Accesorios de Limpieza”",INSTITUTO NACIONAL DE SEGUROS,11/09/2026 16:04,11/09/2026 16:04,,27/10/2026 10:01,Objetado,Objetado,LY,,02,4000001902,STEPHANIE CEDEÑO HERRERA,G4000001902888,00
2026LY-000002-0001102315,20260901318,"Prótesis, Ortesis y Aparatología de Ortopedia Funcional para el Servicio de Odontología del Área de Salud Desamparados 1 - Clínica Dr. Marcial Fallas Díaz– C.C.S.S.",CAJA COSTARRICENSE DE SEGURO SOCIAL,11/09/2026 15:55,14/09/2026 10:00,,26/10/2026 10:01,En recepción de ofertas,En recepción de ofertas,LY,,02,4000042147,LIZBETH ADRIANA NAVARRO CALVO,N4000042147012,00
2026LY-000013-0003400001,20260901709,CONTRATACIÓN DE DEMARCACIÓN VIAL HORIZONTAL Y VERTICAL POR DEMANDA EN EL CANTÓN DE MONTES DE OCA,MUNICIPALIDAD DE MONTES DE OCA,11/09/2026 15:55,11/09/2026 16:30,,26/10/2026 10:00,Objetado,Objetado,LY,,02,3014042053,RONNY CECILIANO VALVERDE,G3014042053011,00
2026XE-000740-0000400001,20260803045,ST-Licitación abreviada Adquisición de equipos de medición.,INSTITUTO COSTARRICENSE DE ELECTRICIDAD,11/09/2026 15:09,14/09/2026 00:00,,27/10/2026 07:30,En recepción de ofertas,En recepción de ofertas,PE,,01,4000042139,CARLOS LUIS ARIAS NAVARRO,H4000042139891,00
2026LY-000037-0001102101,20260901627,MARCAPASOS VAGAL Y SUS COMPONENTES DE REEMPLAZO,CAJA COSTARRICENSE DE SEGURO SOCIAL,11/09/2026 14:26,14/09/2026 00:00,,14/10/2026 09:00,En recepción de ofertas,En recepción de ofertas,LY,,02,4000042147,HANS UMAÑA GUTIERREZ,J4000042147726,00
2026XE-000162-0001000001,20260900607,"Servicios Profesionales de Audiología, según demanda.",INSTITUTO NACIONAL DE SEGUROS,11/09/2026 14:15,11/09/2026 14:30,,12/10/2026 10:01,En recepción de ofertas,En recepción de ofertas,PE,,02,4000001902,Felipe Ulate Oviedo,G4000001902889,00
2026LY-000003-0019400001,20260901626,"Servicio de traslado, tratamiento y disposición final de los residuos generados en el cantón de Osa",MUNICIPALIDAD DE OSA,11/09/2026 13:45,16/09/2026 09:00,,14/10/2026 09:00,Objetado,Objetado,LY,,02,3014042119,Hernández Gutiérrez Karen Andrea,G301404211919096,00
2026LD-000040-0010400001,20260900943,"Servicios profesionales para peritaje, valoración y revaluación de terrenos y edificios",INSTITUTO SOBRE ALCOHOLISMO Y FARMACODEPENDENCIA,11/09/2026 11:39,25/09/2026 09:30,,09/10/2026 10:00,En recepción de ofertas,En recepción de ofertas,LD,,08,3007045737,SILVIA NAVARRO MORA,G3007045737064,00
2026LY-000036-0001102101,20260901494,"Contratación servicios de seguridad y vigilancia para el Edificio Torre Este, Edificio Torre sur y Edificios arrendados",CAJA COSTARRICENSE DE SEGURO SOCIAL,11/09/2026 11:32,14/09/2026 00:00,,06/11/2026 09:00,Objetado,Objetado,LY,,08,4000042147,MARIA STEPHANIE ARAYA MORA,J4000042147699,00
2026LE-000010-0015700001,20260802785,Demolición Antiguo CNP,BANCO DE COSTA RICA,11/09/2026 11:22,11/09/2026 13:00,,12/10/2026 13:00,En recepción de ofertas,En recepción de ofertas,LE,,02,4000000019,Ronald Antonio Agüero Castro,G4000000019065,00
2026LY-000002-0029254321,20260901571,Obras Viales en el Distrito de Cervantes”,CONCEJO MUNICIPAL DE CERVANTES,11/09/2026 10:49,11/09/2026 11:00,,12/10/2026 10:01,En recepción de ofertas,En recepción de ofertas,LY,,02,3007078499,ANDREA CAROLINA RODRIGUEZ AGUIRRE,G3007078499002,00
2026LE-000022-0003500001,20260901165,EQUIPO PARA REDES DE DATOS,UNIVERSIDAD NACIONAL,11/09/2026 09:27,14/09/2026 08:00,,27/10/2026 15:01,En recepción de ofertas,En recepción de ofertas,LE,,01,4000042150,ERIKA CALDERON JIMENEZ,G4000042150009,00
2026LY-000017-0001102306,20260901396,CANASTAS QUIRURGICAS PARA NEUROCIRUGIA Y VASCULAR PERIFERICO.,CAJA COSTARRICENSE DE SEGURO SOCIAL,11/09/2026 07:33,14/09/2026 07:00,,12/10/2026 10:00,Objetado,Objetado,LY,,01,4000042147,GRETTEL PATRICIA VEGA ALVARADO,H4000042147314,00
2026LE-000014-0021400001,20260603374,21400001 Contratación de seguros (Póliza de Automóviles y Póliza de Responsabilidad Civil),INSTITUTO COSTARRICENSE DE ACUEDUCTOS Y ALCANTARILLADOS,10/09/2026 18:29,11/09/2026 07:00,,12/10/2026 10:01,En recepción de ofertas,En recepción de ofertas,LE,,01,4000042138,EDWIN ANDRES GUERRERO MENESES,G4000042138002,00
2026LY-000020-0001102103,20260901473,DISPOSITIVOS DE TAPÓN OCLUSOR SEPTAL PARA CIERRE DE COMUNICACIÓN INTERAURICULAR ESPECIAL (DIFERENTES MEDIDAS Y BALONES) PARA HEMODINAMIA PEDIÁTRICA CARC-HNN,CAJA COSTARRICENSE DE SEGURO SOCIAL,10/09/2026 16:09,11/09/2026 00:00,,09/10/2026 10:30,En recepción de ofertas,En recepción de ofertas,LY,,02,4000042147,MARIA SANCHO LEIVA,L4000042147421,00
2026LY-000023-0001300001,20260701344,"Llantas para vehículos, bajo la modalidad según demanda",CORTE SUPREMA DE JUSTICIA-PODER JUDICIAL,10/09/2026 15:51,11/09/2026 00:00,,15/10/2026 07:30,En recepción de ofertas,En recepción de ofertas,LY,,02,2300042155,MARIELA MARIN ASTORGA,G2300042155046,00
2026LY-000035-0001102101,20260901331,TRASTUZUMAB DERUXTECÁN 100MG IV,CAJA COSTARRICENSE DE SEGURO SOCIAL,10/09/2026 15:09,11/09/2026 00:00,,13/10/2026 09:00,En recepción de ofertas,En recepción de ofertas,LY,,02,4000042147,JONATHAN SEBASTIAN OBANDO LOPEZ,N4000042147315,00
2026LY-000004-0012900001,20260901382,Suscripción de contrato para servicios de mano de obra para la conducción y gestión del tráfico ferroviario del sector Atlántico y Pacífico – según demanda,INSTITUTO COSTARRICENSE DE FERROCARRILES,10/09/2026 14:40,10/09/2026 14:50,,23/10/2026 09:00,En recepción de ofertas,En recepción de ofertas,LY,,02,3007071557,MARIA JOSE BRENES ERAS,G3007071557065,00
2026LY-000115-0001101142,20260901304,ALEACION PARA AMALGAMA DE PLATA EN POLVO Y MERCURIO CÓD INST 2-48-09-0490,CAJA COSTARRICENSE DE SEGURO SOCIAL,10/09/2026 14:30,11/09/2026 00:00,,21/10/2026 09:00,En recepción de ofertas,En recepción de ofertas,LY,,02,4000042147,ANDREA PAOLA MONGE CASTRO,H4000042147864,00
2026LE-000037-0001102208,20260901433,SOLICITUD DE COMPRA POR SUMINISTRO DE FÓRMULAS POLIMÉRICAS ESPECIALIZADAS PARA PACIENTES HOSPITALIZADOS.,CAJA COSTARRICENSE DE SEGURO SOCIAL,10/09/2026 13:28,11/09/2026 07:00,,15/10/2026 08:00,En recepción de ofertas,En recepción de ofertas,LE,,02,4000042147,JOSE PABLO VILLEGAS SOTO,K4000042147608,00
2026LE-000036-0001102208,20260901399,Arrendamiento de ventilador mecánico en el hogar,CAJA COSTARRICENSE DE SEGURO SOCIAL,10/09/2026 12:40,11/09/2026 07:00,,19/10/2026 08:00,En recepción de ofertas,En recepción de ofertas,LE,,02,4000042147,ROBERTO CARLOS VARGAS MORA,H4000042147596,00
2026XE-000152-0001101142,20260901238,DEXTROMETORFANO BROMHIDRATO 15 MG. TABLETAS. CÓDIGO 1-10-24-0470.LEY 6914,CAJA COSTARRICENSE DE SEGURO SOCIAL,10/09/2026 11:41,11/09/2026 07:00,,20/10/2026 10:00,Objetado,Objetado,PE,,02,4000042147,Jonathan Montoya Bermúdez,H4000042147125,00
2026LY-000002-0019400001,20260901356,Servicio de recolección de residuos sólidos ordinarios generados en el cantón de Osa,MUNICIPALIDAD DE OSA,10/09/2026 10:30,11/09/2026 09:00,,13/10/2026 09:00,En recepción de ofertas,En recepción de ofertas,LY,,02,3014042119,Gámez Picado Anthony Albán,G3014042119062,00
2026LY-000114-0001101142,20260803433,TELA FRANELA CELESTE CODIGO INSTITUCIONAL: 5-10-07-0501,CAJA COSTARRICENSE DE SEGURO SOCIAL,10/09/2026 09:55,11/09/2026 00:00,,21/10/2026 09:00,En recepción de ofertas,En recepción de ofertas,LY,,02,4000042147,ANDREA PAOLA MONGE CASTRO,H4000042147864,00
2026XE-000731-0000400001,20260802138,S.E- Licitación Abreviada / Servicio de Perforación de Pilotes / GE-116 / DISA / P.E,INSTITUTO COSTARRICENSE DE ELECTRICIDAD,10/09/2026 09:50,11/09/2026 00:00,,13/10/2026 07:30,En recepción de ofertas,En recepción de ofertas,PE,,02,4000042139,DANNY LIZANO CERDAS,G4000042139080,00
2026XE-000042-0001700001,20260901180,"Adquisición de licenciamiento SaaS, configuración, personalización, integración, capacitación e implementación de un Sistema de Gestión Documental",PROMOTORA DEL COMERCIO EXTERIOR DE COSTA RICA,10/09/2026 07:56,10/09/2026 08:00,,22/10/2026 10:00,Objetado,Objetado,PE,,02,3007196350,MARIO AGUILAR SANCHEZ,G3007196350108,00
2026LE-000059-0001102104,20260901220,COMPRA DE CONSUMIBLES (SET) PARA BIOPSIA DE TEJIDO MAMARIO ASISTIDO PORVACÍO,CAJA COSTARRICENSE DE SEGURO SOCIAL,09/09/2026 16:33,10/09/2026 00:00,,13/10/2026 10:30,En recepción de ofertas,En recepción de ofertas,LE,,02,4000042147,Lourdes Brizuela Sánchez,H4000042147320,00
2026LY-000002-0003200001,20260901223,"CONTRATACIÓN DE SERVICIOS, ORIENTADOS A MEJORAR Y REDUCIR EL SERVICIO AL CLIENTE, MEDIANTE LA PLATAFORMA TECNOLÓGICA DE LA MUNICIPALIDAD DE CARRILLO, GUNANACASTE",MUNICIPALIDAD DE CARRILLO GUANACASTE,09/09/2026 16:25,09/09/2026 16:27,,22/10/2026 15:00,En recepción de ofertas,En recepción de ofertas,LY,,02,3014042104,MAYCOL NOVOA ARCEYU,G3014042104001,00
2026LY-000040-0001102104,20260901099,INSUMOS VARIOS DE ASEO Y LIMPIEZA,CAJA COSTARRICENSE DE SEGURO SOCIAL,09/09/2026 15:47,10/09/2026 00:00,,22/10/2026 09:00,Objetado,Objetado,LY,,02,4000042147,Jeffrey Chaves Salazar,N4000042147010,00
2026LY-000002-0002100003,20260900104,"CONTRATACIÓN DE SERVICIOS DE SEGURIDAD Y VIGILANCIA FÍSICA Y ELECTRÓNICA, POLIVALENTE DE NARANJO Y SEDE ADMINISTRATIVA URCOC.",INSTITUTO NACIONAL DE APRENDIZAJE,09/09/2026 13:50,10/09/2026 07:30,,21/10/2026 08:30,Objetado,Objetado,LY,,01,4000045127,XINIA LORENA PEREZ RODRIGUEZ,G4000045127060,00
2026LE-000004-0033700001,20260901189,CONTRATACIÓN DE CONSTRUCCIÓN DE ASFALTADOS EN RUTAS CANTONALES,MUNICIPALIDAD DE PUERTO JIMÉNEZ,09/09/2026 11:49,10/09/2026 11:00,,12/10/2026 11:05,En recepción de ofertas,En recepción de ofertas,LE,,01,3014904283,DAYRA ANDREA CASTILLO ARIAS,G301490428300001,00
2026LY-000034-0001102101,20260901130,INSUMOS HEMOSTÁTICOS.,CAJA COSTARRICENSE DE SEGURO SOCIAL,09/09/2026 10:39,10/09/2026 00:00,,19/10/2026 09:00,En recepción de ofertas,En recepción de ofertas,LY,,02,4000042147,DEILYN VIVIANA PRADO ARIAS,N400004214701725,00
2026LY-000022-0001300001,20260501956,Compra y renovación de licenciamiento de Microsoft Visual Studio según demanda,CORTE SUPREMA DE JUSTICIA-PODER JUDICIAL,09/09/2026 09:20,10/09/2026 00:00,,03/11/2026 08:30,Objetado,Objetado,LY,,02,2300042155,IVONNE ROCIO VALVERDE SANABRIA,G2300042155155,00
2026LD-000032-0004611901,20260901017,COMPRA DE PICK UPS PARA DIFERENTES DEPENDENCIAS DE LA MUNICIPALIDAD DE PÉRE ZELEDÓN,MUNICIPALIDAD DE PÉREZ ZELEDÓN,08/09/2026 15:42,09/09/2026 00:00,,09/10/2026 10:00,En recepción de ofertas,En recepción de ofertas,LD,,01,3014042056,JULIAN FALLAS CARVAJAL,G3014042056005,00
2026LY-000011-0007100001,20260901033,"COMPRA INSTITUCIONAL MOCHILAS, SALVEQUES Y BOLSOS - MSP",MINISTERIO DE SEGURIDAD PUBLICA,08/09/2026 15:05,06/10/2026 16:00,,27/10/2026 10:00,Objetado,Objetado,LY,,02,2100042011,GRISELLE FRANCINI ARTAVIA MONTERO,G2100042011012,00
2026RE-000003-0000100001,20260901008,REMATE DE BIENES PROPIOS INMUEBLES Y MUEBLES DEL BANCO NACIONAL DE COSTA RICA,BANCO NACIONAL DE COSTA RICA,08/09/2026 15:02,,,02/11/2026 09:00,En recepción de ofertas,En recepción de ofertas,RE,,01,4000001021,YENNIA SALAZAR VARGAS,G4000001021296,00
2026LY-000025-0001102501,20260900877,Reactivos para la determinación de análisis Inmunológicos y Bioquímicos.,CAJA COSTARRICENSE DE SEGURO SOCIAL,08/09/2026 08:13,09/09/2026 07:00,,14/10/2026 10:00,Objetado,Objetado,LY,,02,4000042147,Dereck Camareno Cortes,N400004214702013,00
2026LY-000007-0006000001,20260900778,"Contratación por demanda de servicios profesionales para la elaboración de estudios de preinversión, perfil, prefactibilidad y,o factibilidad",CONSEJO NACIONAL DE VIALIDAD,07/09/2026 14:12,07/09/2026 15:01,,20/10/2026 11:00,Objetado,Objetado,LY,,02,3007231686,DAYANA MONTERO CALDERON,G3007231686044,00
2026LY-000025-0015700001,20260900284,"Convenio Marco Contratación de servicios de mantenimiento preventivo, correctivo y suministro de equipos de potencia ininterrumpida UPS’s.",BANCO DE COSTA RICA,07/09/2026 12:56,08/09/2026 10:00,,03/11/2026 10:05,En recepción de ofertas,En recepción de ofertas,LY,,CM,4000000019,HAYLIANA CALVO JIMENEZ,G4000000019005,00
2026LY-000002-0011900001,20260900729,"“MANTENIMIENTO Y MEJORAMIENTO DE LA RED VIAL DE LIBERIA, BAJO LA MODALIDAD DE ENTREGA SEGÚN DEMANDA”",MUNICIPALIDAD DE LIBERIA,07/09/2026 09:11,07/09/2026 09:15,,16/10/2026 09:16,Objetado,Objetado,LY,,02,3014042106,JUAN PABLO MORA ULLOA,G3014042106001,00
2026LY-000003-0016800001,20260900428,"Servicio estación de transferencia, transporte hasta el Parque Ambiental para tratamiento y disposición final de residuos sólidos",MUNICIPALIDAD DE SAN ISIDRO DE HEREDIA,04/09/2026 16:07,07/09/2026 07:00,,12/10/2026 09:01,En recepción de ofertas,En recepción de ofertas,LY,,02,3014042093,Karen Madrigal Madrigal,G3014042093002,00
2026LY-000004-0020600005,20260900619,Compra de Oracle EXADATA X11 M - Pool proveedores 2024LY-000003-0020600001,BANCO POPULAR Y DE DESARROLLO COMUNAL,04/09/2026 12:27,07/09/2026 08:00,,21/10/2026 14:00,Objetado,Objetado,LY,,01,4000042152,MARGOT NAVARRO GAMBOA,G4000042152043,00
2026LY-000003-0001102602,20260900386,REACTIVOS DE COAGULACIÓN,CAJA COSTARRICENSE DE SEGURO SOCIAL,03/09/2026 13:54,04/09/2026 07:00,,16/10/2026 09:00,En recepción de ofertas,En recepción de ofertas,LY,,02,4000042147,Ana Requene Guadamuz,N400004214702307,00
2026LY-000112-0001101142,20260900050,SONDA PARA ALIMENTACION MATERIAL PLASTICO GRADO MEDICO CALIBRE 5 FR CÓDIGO 2-94-03-0880,CAJA COSTARRICENSE DE SEGURO SOCIAL,02/09/2026 11:40,03/09/2026 00:00,,22/10/2026 09:00,En recepción de ofertas,En recepción de ofertas,LY,,02,4000042147,VERONICA LEIVA CASTRO,G4000042147018,00
2026LY-000007-0000900001,20260802490,"SUMINISTRO, INSTALACIÓN Y PUESTA EN MARCHA DE SISTEMAS DE CLIMATIZACIÓN (COBERTURA MULTISEDE) EN LA UNIVERSIDAD DE COSTA RICA SEDE DEL SUR (GOLFITO)",UNIVERSIDAD DE COSTA RICA,01/09/2026 15:20,01/09/2026 15:30,,12/10/2026 09:00,En recepción de ofertas,En recepción de ofertas,LY,,01,4000042149,YANORI LORENA RAMIREZ MORA,G4000042149132,00
2026LY-000015-0021400001,20260803465,21400001  Servicio Técnico Especializado para Mantenimiento Preventivo y Correctivo de Equipos Especializados para la Perforación y Construcción de Pozos,INSTITUTO COSTARRICENSE DE ACUEDUCTOS Y ALCANTARILLADOS,01/09/2026 15:08,02/09/2026 07:00,,15/10/2026 09:01,En recepción de ofertas,En recepción de ofertas,LY,,02,4000042138,ALEXIS ARNAEZ SERRANO,G4000042138016,00
2026LY-000005-0001102299,20260900029,Servicios Profesionales de Vigilancia y Seguridad del Área de Salud de Poás,CAJA COSTARRICENSE DE SEGURO SOCIAL,01/09/2026 12:22,02/09/2026 07:00,,14/10/2026 10:00,En recepción de ofertas,En recepción de ofertas,LY,,08,4000042147,MARILYN DAYANA HERRERA ARAYA,M4000042147132,00
2026XE-000694-0000400001,20260801972,"S.E.-Licitación Abreviada / Adquisición de Excavadoras de Orugas, Motoniveladora y Tractores de Orugas P.E GE-075",INSTITUTO COSTARRICENSE DE ELECTRICIDAD,01/09/2026 10:10,02/09/2026 00:00,,15/10/2026 07:30,En recepción de ofertas,En recepción de ofertas,PE,,01,4000042139,YENDRY MARIA AMADOR NUÑEZ,H400004213901023,00
2026LY-000111-0001101142,20260802800," BOLSAS TRIPLE, CÓDIGO INSTITUCIONAL: 2-88-26-0220",CAJA COSTARRICENSE DE SEGURO SOCIAL,01/09/2026 07:10,02/09/2026 00:00,,23/10/2026 09:00,En recepción de ofertas,En recepción de ofertas,LY,,02,4000042147,ANDREA PAOLA MONGE CASTRO,H4000042147864,00
2026LY-000004-0001102308,20260803329,Insumos varios para el Servicio de Enfermería,CAJA COSTARRICENSE DE SEGURO SOCIAL,29/08/2026 10:25,01/09/2026 07:00,,09/11/2026 13:00,En recepción de ofertas,En recepción de ofertas,LY,,02,4000042147,Roibin Cortes Duran,G4000042147753,00
2026LY-000011-0003500001,20260803500,EQUIPO DE LABORATORIO,UNIVERSIDAD NACIONAL,28/08/2026 16:04,01/09/2026 00:00,,23/10/2026 17:01,En recepción de ofertas,En recepción de ofertas,LY,,01,4000042150,DIANA ELENA ALVARADO JIMENEZ,G4000042150027,00
2026XE-000689-0000400001,20260801203,"S.T- LICITACIÓN PÚBLICA ADQUISICIÓN DE EQUIPO ACTIVO, SOFTWARE Y SERVICIOS PARA LA IMPLEMENTACIÓN DE RED FIJA, ENTREGA SEGÚN DEMANDA",INSTITUTO COSTARRICENSE DE ELECTRICIDAD,28/08/2026 15:36,01/09/2026 00:00,,21/10/2026 07:30,En recepción de ofertas,En recepción de ofertas,PE,,02,4000042139,CRISTINA MARIA VARGAS ARIAS,H400004213901024,00
2026LY-000032-0001102101,20260802815,"Construcción, Mobiliario, Equipamiento y Mantenimiento Preventivo PostGarantía para la Unidad de Electrofisiología del Hosp Dr. Rafael ÁngelCalderón Guardia",CAJA COSTARRICENSE DE SEGURO SOCIAL,28/08/2026 14:42,01/09/2026 00:00,,03/11/2026 09:00,En recepción de ofertas,En recepción de ofertas,LY,,01,4000042147,STEPHANIE YUADIXSA DURAN CHINCHILLA,L4000042147467,00
2026LY-000110-0001101142,20260803457,Set de succión estéril. Código Instituciona: 2-94-01-1790.,CAJA COSTARRICENSE DE SEGURO SOCIAL,28/08/2026 12:04,01/09/2026 00:00,,22/10/2026 09:00,En recepción de ofertas,En recepción de ofertas,LY,,02,4000042147,VERONICA LEIVA CASTRO,G4000042147018,00
2026LY-000002-0001102701,20260803345,PANES Y REPOSTERIA HEP,CAJA COSTARRICENSE DE SEGURO SOCIAL,27/08/2026 14:31,28/09/2026 00:00,,23/10/2026 08:01,En recepción de ofertas,En recepción de ofertas,LY,,02,4000042147,LUIS DIEGO QUIROS AZOFEIFA,H4000042147568,00
2026LY-000108-0001101142,20260802921,"Compra de un sistema de CCTV, videovigilancia, control de acceso y contra intrusión para los Almacenes de Distribución de la Caja Costarricense de Seguro Social",CAJA COSTARRICENSE DE SEGURO SOCIAL,26/08/2026 08:58,27/08/2026 00:00,,20/10/2026 09:00,En recepción de ofertas,En recepción de ofertas,LY,,01,4000042147,Yenory Romero Ureña,H4000042147123,00
2026LY-000024-0015700001,20260802515,"SERVICIO DE ASEO, RECOLECCIÓN DE BASURA, FUMIGACIÓN Y REQUERIMIENTOS COMPLEMENTARIOS",BANCO DE COSTA RICA,25/08/2026 17:43,26/08/2026 08:00,,22/10/2026 10:05,En recepción de ofertas,En recepción de ofertas,LY,,02,4000000019,MARIAM LEÓN UREÑA,G4000000019428,00
2026LY-000015-0001102306,20260802814,PINZAS DE ENERGÍA BIPOLAR Y FAJAS,CAJA COSTARRICENSE DE SEGURO SOCIAL,25/08/2026 17:04,26/08/2026 07:00,,20/10/2026 10:00,En recepción de ofertas,En recepción de ofertas,LY,,02,4000042147,GRETTEL PATRICIA VEGA ALVARADO,H4000042147314,00
2026LY-000106-0001101142,20260802820,"Tela Lienzo Blanco, código institucional 5-10-02-0100",CAJA COSTARRICENSE DE SEGURO SOCIAL,25/08/2026 08:26,26/08/2026 00:00,,14/10/2026 10:00,En recepción de ofertas,En recepción de ofertas,LY,,02,4000042147,PILAR DE LOS ANGELES DELGADO ARAYA,H4000042147676,00
2026LY-000104-0001101142,20260802430,"DETERGENTE LÍQUIDO ODONTOLOGICO, CÓDIGO INSTITUCIONAL 1-90-02-0005",CAJA COSTARRICENSE DE SEGURO SOCIAL,24/08/2026 15:59,25/08/2026 00:00,,19/10/2026 10:00,En recepción de ofertas,En recepción de ofertas,LY,,02,4000042147,MAUREN PATRICIA ARAYA GOÑI,G4000042147080,00
2026LY-000013-0001101107,20260802691,"Adquisición de Soluciones Integrales para Conectividad, Seguridad, Balanceo de Cargas y Optimización de Redes para la CCSS.",CAJA COSTARRICENSE DE SEGURO SOCIAL,24/08/2026 14:40,25/08/2026 00:00,,05/11/2026 10:00,En recepción de ofertas,En recepción de ofertas,LY,,02,4000042147,DARLYN PATRICIA JIMENEZ RUIZ,M4000042147924,00
2026LE-000009-0015700001,20260801977,Compra por demanda de Chalecos Antibalas para la Oficina de Transporte de Valores del Banco de Costa Rica.,BANCO DE COSTA RICA,24/08/2026 11:21,24/08/2026 13:00,,15/10/2026 13:00,En recepción de ofertas,En recepción de ofertas,LE,,02,4000000019,Ronald Antonio Agüero Castro,G4000000019065,00
2026LY-000002-0012900001,20260802494,Servicios de mantenimiento de equipos ferroviarios y especiales para los talleres industriales de los sectores Pacífico y Atlántico,INSTITUTO COSTARRICENSE DE FERROCARRILES,20/08/2026 15:55,20/08/2026 16:00,,20/10/2026 09:00,En recepción de ofertas,En recepción de ofertas,LY,,02,3007071557,MARIA JOSE BRENES ERAS,G3007071557065,00
2026LY-000030-0001102101,20260802378,Pruebas para caracterización citogenética de Neoplasias Hematológicas mediante mapeo óptico del genoma,CAJA COSTARRICENSE DE SEGURO SOCIAL,20/08/2026 14:38,21/08/2026 00:00,,16/10/2026 09:00,En recepción de ofertas,En recepción de ofertas,LY,,02,4000042147,Rocío Sanabria Hernández,H4000042147194,00
2026LY-000008-0006100001,20260801871,CONTRATACIÓN SERVICIO ADMINISTRADO DE SOFTWARE (SaaS) ERP,PATRONATO NACIONAL DE LA INFANCIA,20/08/2026 10:47,20/08/2026 11:00,,27/10/2026 11:01,En recepción de ofertas,En recepción de ofertas,LY,,08,3007042039,MARIA JOSE GARITA BRENES,G3007042039328,00
2026LY-000009-0012700001,20260801395,Reserva abierta según demanda profesionales especializados en Tecnologías de Información y Comunicación para la UTIC de la DNCC.,DIRECCIÓN NACIONAL DE CENTROS DE EDUCACIÓN Y NUTRICIÓN Y DE CENTROS INFANTILES DE ATENCIÓN INTEGRAL,19/08/2026 15:23,25/09/2026 00:00,,15/10/2026 09:01,En recepción de ofertas,En recepción de ofertas,LY,,02,3007610100,Marta Julieth Salas Lopez,G300761010000220,00
2026LY-000013-0001102306,20260802040,Insumos para terapia de cicatrización de heridas asistida por vacío,CAJA COSTARRICENSE DE SEGURO SOCIAL,18/08/2026 11:56,19/08/2026 07:00,,09/10/2026 10:00,En recepción de ofertas,En recepción de ofertas,LY,,02,4000042147,JOSE MANUEL PEÑA PEREZ,N400004214701427,00
2026XE-000135-0001101142,20260801579,FLUTICASONA PROPIONATO 250 MCG/ DOSIS. SUSPENSIÓN PARA INHALACIÓN ORAL. Código 1-10-23-7015. LEY 6914.,CAJA COSTARRICENSE DE SEGURO SOCIAL,17/08/2026 14:56,18/08/2026 07:00,,14/10/2026 10:00,En recepción de ofertas,En recepción de ofertas,PE,,02,4000042147,Jonathan Montoya Bermúdez,H4000042147125,00
2026LY-000008-0020600001,20260801805,Adquisición y renovación de licencias de productos Microsoft Premisas y Nube para el Conglomerado Financiero Banco Popular y de Desarrollo Comunal – Entrega Según Demanda.,BANCO POPULAR Y DE DESARROLLO COMUNAL,17/08/2026 14:40,18/08/2026 08:00,,29/10/2026 14:00,En recepción de ofertas,En recepción de ofertas,LY,,02,4000042152,SERGEY BOLAÑOS QUIROS,G4000042152003,00
2026LY-000003-0018962008,20260801854,L-223-2026 SERVICIO DE CAMBIO DE INFRAESTRUCTURA TECNOLOGICA (RED DE CÓMPUTO CABLEADA E INALAMBRICA) DE LA UTN,UNIVERSIDAD TÉCNICA NACIONAL,17/08/2026 13:15,18/08/2026 14:00,,21/10/2026 14:01,En recepción de ofertas,En recepción de ofertas,LY,,08,3007556085,LIDIA MARIA PEREZ MONTENEGRO,G3007556085022,00
2026XE-000646-0000400001,20260800022,S.E Licitación Abreviada-Adquisición de Equipos de Alta Tensión Proyecto Subestación Borinquen/GE-398/DISA/P.E,INSTITUTO COSTARRICENSE DE ELECTRICIDAD,14/08/2026 15:16,17/08/2026 00:00,,14/10/2026 07:30,En recepción de ofertas,En recepción de ofertas,PE,,01,4000042139,JASON ABRAHAM CECILIANO FERNANDEZ,G4000042139387,00
2026XE-000134-0001101142,20260801412,"PACLITAXEL 6MG/ML SOLUCION ESTERIL PARAINYECCION CONCENTRADO.  1-10-41-4395, Ley 6914",CAJA COSTARRICENSE DE SEGURO SOCIAL,14/08/2026 14:22,17/08/2026 08:00,,02/11/2026 11:00,Objetado,Objetado,PE,,02,4000042147,Jonathan Coto Cordero,H4000042147116,00
2026LY-000098-0001101142,20260801664,"Apósito estéril impregnado con petrolatum o Aloe Vera, código 2-94-01-0610",CAJA COSTARRICENSE DE SEGURO SOCIAL,14/08/2026 13:23,17/08/2026 00:00,,15/10/2026 10:00,En recepción de ofertas,En recepción de ofertas,LY,,02,4000042147,PILAR DE LOS ANGELES DELGADO ARAYA,H4000042147676,00
2026LY-000097-0001101142,20260801068,Inicio procedimiento de compra Torunda de algodón Cód. 2-94-01-0535,CAJA COSTARRICENSE DE SEGURO SOCIAL,14/08/2026 11:37,17/08/2026 23:00,,21/10/2026 09:00,En recepción de ofertas,En recepción de ofertas,LY,,02,4000042147,KATTIA ARCE ULATE,H4000042147980,00
2026LY-000002-0009200001,20260703222,Compra de vehículos todo terreno tipo pick up,MINISTERIO DE SALUD,14/08/2026 08:20,17/08/2026 08:00,,09/10/2026 10:00,En recepción de ofertas,En recepción de ofertas,LY,,01,2100042010,JOSE FABIO GUZMAN ENRIQUEZ,G2100042010007,00
2026LY-000001-0008400001,20260800923,CONSULTORÍA ESPECIALIZADA PARA LA GESTIÓN PREVENTIVA DE RIESGOS Y LA REINGENIERÍA CONTRACTUAL DE LAS FASES FUTURAS DE INVERSIÓN DE LA TERMINAL DE CONTENEDORES DE MOÍN (TCM),CONSEJO NACIONAL DE CONCESIONES,13/08/2026 14:00,14/08/2026 23:59,,20/10/2026 23:59,En recepción de ofertas,En recepción de ofertas,LY,,08,3007228766,LUIS FUENTES ZUÑIGA,G3007228766003,00
2026LY-000011-0001102306,20260801459,CANASTAS E INSTRUMENTAL PARA VARIOS SERVICIOS.,CAJA COSTARRICENSE DE SEGURO SOCIAL,13/08/2026 11:06,14/08/2026 07:00,,15/10/2026 10:00,Objetado,Objetado,LY,,01,4000042147,ISABEL CRISTINA HIDALGO CORONADO,H4000042147315,00
2026LY-000021-0015700001,20260800654,Convenio Marco para la contratación de dos agencias integrales de comunicación para el Conglomerado Financiero BCR,BANCO DE COSTA RICA,12/08/2026 14:37,13/08/2026 10:00,,29/10/2026 10:05,En recepción de ofertas,En recepción de ofertas,LY,,CM,4000000019,Nadia Calderón Umaña,G4000000019020,00
2026XE-000133-0001101142,20260801140,"FENOFIBRATO 250MG, Código institucional:1-10-13-1025 Ley 6914",CAJA COSTARRICENSE DE SEGURO SOCIAL,12/08/2026 13:18,13/08/2026 00:00,,16/10/2026 10:00,Objetado,Objetado,PE,,02,4000042147,Katherine Sancho Poveda,L4000042147339,00
2026LY-000011-0012800001,20260801320,Vestuario de protección personal para bomberos  -Según demanda-,BENEMÉRITO CUERPO DE BOMBEROS DE COSTA RICA,12/08/2026 11:51,12/08/2026 17:00,,20/10/2026 10:01,En recepción de ofertas,En recepción de ofertas,LY,,02,3007547060,ISABEL MIRANDA COTO,G3007547060059,00
2026LD-000012-0009200001,20260800293,Compra de rótulos de prohibido fumar / vapear,MINISTERIO DE SALUD,12/08/2026 10:55,13/08/2026 10:00,,15/10/2026 10:01,En recepción de ofertas,En recepción de ofertas,LD,,01,2100042010,MATILDE MORICE RUGAMA,G210004201010060,00
2026LY-000011-0003400001,20260801269,SERVICIOS DE CONSTRUCCIÓN EN INFRAESTRUCTURA PÚBLICA DEL CANTÓN POR DEMANDA 2,MUNICIPALIDAD DE MONTES DE OCA,12/08/2026 09:25,12/08/2026 09:30,,13/10/2026 10:00,En recepción de ofertas,En recepción de ofertas,LY,,02,3014042053,RONNY CECILIANO VALVERDE,G3014042053011,00
2026LY-000009-0012800001,20260801188,"Compresores de aire para ARAC, solución que incluye rack de llenado, sistema de cascada y mástil de iluminación con remolque y vehículos",BENEMÉRITO CUERPO DE BOMBEROS DE COSTA RICA,11/08/2026 15:21,11/08/2026 17:00,,13/10/2026 08:35,En recepción de ofertas,En recepción de ofertas,LY,,01,3007547060,Leidy Viviana Goñi Castillo,G3007547060158,00
2026LY-000007-0006100001,20260801081,"LICITACION MAYOR, CONTRATACIÓN DE SERVICIOS PROFESIONALES EN MEDICINA DE EMPRESA Y PSICOLOGIA PARA LOS FUNCIONACIORIOS DEL PANI, CANTIDAD DEFINIDA.",PATRONATO NACIONAL DE LA INFANCIA,11/08/2026 14:04,12/08/2026 11:00,,13/10/2026 08:01,Objetado,Objetado,LY,,01,3007042039,XINIA HERNANDEZ ARANA,G3007042039004,00
2026LY-000008-0015499999,20260601041,COMPRA DE CONTENEDORES PLASTICOS URBANOS PARA RESIDUOS SOLIDOS CARGA TRASERA Y CARGA LATERAL,MUNICIPALIDAD DEL CANTÓN CENTRAL DE SAN JOSÉ,11/08/2026 11:27,12/08/2026 07:30,,09/10/2026 10:00,En recepción de ofertas,En recepción de ofertas,LY,,02,3014042058,PABLO ESTEBAN ZUÑIGA VARGAS,G3014042058063,00
2026LY-000020-0015700001,20260703024,SERVICIOS DE SOPORTE LOCAL PARA LAS SOLUCIONES DE CIBERSEGURIDAD,BANCO DE COSTA RICA,11/08/2026 10:22,12/08/2026 10:00,,15/10/2026 10:05,En recepción de ofertas,En recepción de ofertas,LY,,CM,4000000019,DANILO VILLAVICENCIO MONGE,G4000000019529,00
2026LD-000062-0006600001,20260800382,Compra de máquina de rayos X para la Unidad del Aeropuerto Internacional de Limón,CONSEJO TÉCNICO DE AVIACIÓN CIVIL,11/08/2026 07:26,30/09/2026 10:00,,12/10/2026 09:01,En recepción de ofertas,En recepción de ofertas,LD,,01,3007045551,CARLOS ANTONIO GUERRERO TORRES,G3007045551074,00
2026LY-000030-0001000001,20260800512,"Servicios de Atención Médica Primaria a domicilio para Seguros Personales, según demanda",INSTITUTO NACIONAL DE SEGUROS,10/08/2026 17:00,10/08/2026 17:00,,15/10/2026 10:00,En recepción de ofertas,En recepción de ofertas,LY,,02,4000001902,ISABEL MARIA MONGE ORTEGA,G4000001902469,00
2026XE-000130-0001101142,20260800743,ALUMINIO HIDRÓXIDO Y MAGNESIO HIDRÓXIDO CON SIMETICONA. Código 1-10-32-0890. LEY 6914.,CAJA COSTARRICENSE DE SEGURO SOCIAL,10/08/2026 15:05,11/08/2026 07:00,,22/10/2026 10:00,En recepción de ofertas,En recepción de ofertas,PE,,02,4000042147,Jonathan Montoya Bermúdez,H4000042147125,00
2026LY-000002-0022300001,20260800808,"Contra. obra pública, mantenimiento, mejoramiento de caminos del cantón de Talamanca mediante convenios institucionales, precios unitarios, cuantía inestimable.",MUNICIPALIDAD DE TALAMANCA,07/08/2026 16:49,07/08/2026 19:00,,20/10/2026 14:00,En recepción de ofertas,En recepción de ofertas,LY,,02,3014042127,CARLOS LUIS SANCHEZ RODRIGUEZ,G3014042127038,00
2026LY-000014-0021400001,20260200353,21400001Contratación de Servicios de Distribución de Agua Potable para Consumo Humano Mediante Camiones Cisterna a Nivel Nacional,INSTITUTO COSTARRICENSE DE ACUEDUCTOS Y ALCANTARILLADOS,07/08/2026 08:16,10/08/2026 07:00,,26/10/2026 08:05,En recepción de ofertas,En recepción de ofertas,LY,,02,4000042138,María Victoria Castro Corrales,G4000042138026,00
2026LY-000007-0012300001,20260800361,SERVICIO DE SEGURIDAD Y VIGILANCIA PARA OFICINAS REGIONALES DEL TSE,TRIBUNAL SUPREMO DE ELECCIONES,06/08/2026 14:46,07/08/2026 00:01,,22/10/2026 08:05,En recepción de ofertas,En recepción de ofertas,LY,,02,2400042156,Michael Jesús Calvo Barrios,G2400042156199,00
2026LY-000013-0021400001,20260502997,21400001 SUMINISTRO DE EQUIPOS PARA MEDICIÓN DE CAUDAL MODALIDAD: SEGÚN DEMANDA,INSTITUTO COSTARRICENSE DE ACUEDUCTOS Y ALCANTARILLADOS,06/08/2026 10:31,07/08/2026 07:00,,22/10/2026 09:01,En recepción de ofertas,En recepción de ofertas,LY,,02,4000042138,ALEXIS ARNAEZ SERRANO,G4000042138016,00
2026LY-000003-0058700001,20260702906,Adquisición de dispositivos móviles handheld,CONSEJO DE SEGURIDAD VIAL,04/08/2026 16:04,05/08/2026 23:59,,21/10/2026 10:01,Objetado,Objetado,LY,,02,3007061394,NOELIA MARIA SOLIS VASQUEZ,G3007061394004,00
2026LY-000011-0001101107,20260800318,Obras complementarias Proyecto integral en materia de protección contraincendios Hospital Nacional de Geriatría y Gerontología CCSS-1212 yLavandería Zeledón Venegas CCSS-953-5,CAJA COSTARRICENSE DE SEGURO SOCIAL,04/08/2026 15:55,05/08/2026 07:00,,12/11/2026 10:00,En recepción de ofertas,En recepción de ofertas,LY,,01,4000042147,JORGE ESTEBAN BRENES QUIROS,J4000042147158,00
2026LY-000010-0007100001,20260703426,"Compra Institucional de Armas Cortas, Municiones, Accesorios, kit de limpieza, insumos de limpieza y dispositivos para el control de muchedumbres",MINISTERIO DE SEGURIDAD PUBLICA,31/07/2026 16:33,31/07/2026 17:00,,30/10/2026 10:00,Objetado,Objetado,LY,,02,2100042011,BIANCA CHAVES MONTERO,G2100042011284,00
2026LY-000008-0001102205,20260703102,SUTURA MECANICA Y TRÓCARES QUIRÚRGICOS,CAJA COSTARRICENSE DE SEGURO SOCIAL,31/07/2026 14:09,17/09/2026 07:00,,21/10/2026 09:00,En recepción de ofertas,En recepción de ofertas,LY,,03,4000042147,Scarleth Maria Blanco Jimenez,M4000042147443,00
2026XE-000123-0001101142,20260702862,TEMOZOLOMIDA 20 MG. CÁPSULA código: 1-10-41-1660 y TEMOZOLOMIDA 100 MG. CÁPSULA CÓDIGO 1-10-41-1665 LEY 6914,CAJA COSTARRICENSE DE SEGURO SOCIAL,30/07/2026 16:02,31/07/2026 07:00,,13/10/2026 10:00,En recepción de ofertas,En recepción de ofertas,PE,,02,4000042147,Jonathan Montoya Bermúdez,H4000042147125,00
2026LY-000009-0001101107,20260702988,Readecuación del Sistema de Almacenamiento y Bombeo de Agua Potable del Hospital México,CAJA COSTARRICENSE DE SEGURO SOCIAL,30/07/2026 08:57,31/07/2026 07:00,,12/10/2026 10:00,En recepción de ofertas,En recepción de ofertas,LY,,01,4000042147,JOHNNY ALEXANDER VARGAS VARGAS,G4000042147070,00
2026LY-000002-0004611901,20260701796,CONTRATACIÓN DE SERVICIOS DE RECOLECCIÓN Y TRANSPORTE DE RESIDUOS SÓLIDOS MEDIANTE LA MODALIDAD SEGÚN DEMANDA PARA EL CANTÓN DE PÉREZ ZELEDÓN,MUNICIPALIDAD DE PÉREZ ZELEDÓN,30/07/2026 08:19,31/07/2026 00:00,,21/10/2026 10:00,En recepción de ofertas,En recepción de ofertas,LY,,02,3014042056,JULIAN FALLAS CARVAJAL,G3014042056005,00
2026LY-000002-0019700001,20260700023,CONTRATACIÓN DE SERVICIOS DE PUBLICIDAD Y COMUNICACIÓN PARA JUDESUR Y EL DEPÓSITO LIBRE COMERCIAL DE GOLFITO,JUNTA DE DESARROLLO REGIONAL DE LA ZONA SUR DE LA PROVINCIA DE PUNTARENAS,27/07/2026 13:15,28/07/2026 10:00,,26/11/2026 14:01,En recepción de ofertas,En recepción de ofertas,LY,,02,3007219667,HECTOR EDMUNDO PORTILLO MORALES,G3007219667026,00
2026LY-000001-0001800001,20260702507,SERVICIO DE ESTIBA Y DESESTIBA EN TERMINALES PORTUARIAS,JUNTA DE ADMINISTRACIÓN PORTUARIA Y DE DESARROLLO ECONÓMICO DE LA VERTIENTE ATLÁNTICA (JAPDEVA),24/07/2026 09:41,24/07/2026 09:40,,20/10/2026 14:00,En recepción de ofertas,En recepción de ofertas,LY,,08,4000042148,JHAMIER YOBONEY HUGHES STERLING,G4000042148069,00
2026LY-000007-0020600001,20260702318,Contratación solución tecnológica integral en la nube  para la automatización de procesos asociados Administración Servicios Tecnología Información ITSM,BANCO POPULAR Y DE DESARROLLO COMUNAL,23/07/2026 13:42,24/07/2026 08:00,,26/10/2026 10:00,Objetado,Objetado,LY,,02,4000042152,Jazmín Ariana Latouche Ferreto,G4000042152260,00
2026LY-000024-0001102102,20260702066,"SET DE SISTEMA DE PRESION GASTO CARDIACO,PREDICTORDE HIPOTENSION,SET SISTEMA MEDICIÓN GASTO CARDIACO CONTINUO PORTERMODILUSIÓN, CATETER TERMODILUCION ARTERIA PULMONAR(SWAN GANZ)",CAJA COSTARRICENSE DE SEGURO SOCIAL,23/07/2026 10:43,16/09/2026 00:00,,16/10/2026 08:00,En recepción de ofertas,En recepción de ofertas,LY,,02,4000042147,DAVID FERNANDEZ MARIN,H4000042147538,00
2026LY-000002-0023700001,20260702198,CONTRATACIÓN  PARA LA COMPRA DE UN PUENTE METÁLICO MODULAR LANZABLE PARA EL PASO VEHICULAR ENTRE LAS COMUNIDADES DE SILENCIO Y SAN CRISTÓBAL.,MUNICIPALIDAD DE QUEPOS,22/07/2026 11:29,22/07/2026 12:00,,27/10/2026 10:05,En recepción de ofertas,En recepción de ofertas,LY,,01,3014042111,Jonathan Mesén Jiménez,G3014042111001,00
2026LY-000013-0007300001,20260701940,"Servicios de producción de spots para televisión, videos, podcast, jingles y cuñas radiales",MINISTERIO DE EDUCACIÓN PUBLICA,21/07/2026 10:50,22/07/2026 07:00,,15/10/2026 07:15,En recepción de ofertas,En recepción de ofertas,LY,,02,2100042002,Gabriela Lucía Leiva Flores,G2100042002006,00
2026LY-000008-0003400001,20260701248,"SERVICIO DE VIDEOPROTECCIÓN URBANA PARA EL CANTÓN ( MODALIDAD LEASING ADMINISTRADO, SEGÚN DEMANDA )",MUNICIPALIDAD DE MONTES DE OCA,14/07/2026 11:40,14/07/2026 11:45,,14/10/2026 10:00,En recepción de ofertas,En recepción de ofertas,LY,,02,3014042053,YEIMY ELIZONDO VALERIO,G3014042053101,00
2026LY-000012-0001102103,20260603444,REACTIVOS PARA ESTUDIO DE VARIANTES EN MÚLTIPLES GENES POR TÉCNICAS DESECUENCIACIÓN MASIVA (NEXT GENERATION SEQUENCING),CAJA COSTARRICENSE DE SEGURO SOCIAL,10/07/2026 13:54,13/07/2026 00:00,,16/10/2026 10:30,En recepción de ofertas,En recepción de ofertas,LY,,02,4000042147,MARIA SANCHO LEIVA,L4000042147421,00
2026LY-000008-0001101107,20260700766,Proyecto integral en materia de protección contra incendios Hospital deUpala CCSS-1172 y Hospital Nacional de Salud Mental Dr. Roberto ChacónPaut CCSS-1173,CAJA COSTARRICENSE DE SEGURO SOCIAL,08/07/2026 15:06,09/07/2026 07:00,,16/10/2026 10:00,En recepción de ofertas,En recepción de ofertas,LY,,01,4000042147,ALEXANDRA CASTILLO MIRANDA,G4000042147011,00
2026LY-000003-0005800001,20260700548,"CONTRATACION DE SERVICIOS PROFESIONALES DE ABOGADOS EXTERNOS PARA COBRO JUDICIAL DEL INVU, BAJO LA MODALIDAD DE SERVICIOS SEGÚN DEMANDA",INSTITUTO NACIONAL DE VIVIENDA Y URBANISMO,07/07/2026 08:46,09/09/2026 10:00,,13/10/2026 10:01,Objetado,Objetado,LY,,02,4000042134,JOSELYN ALPIZAR BRENES,G400004213400114,00
2026LY-000082-0001101142,20260602983,"JUEGO DE PIEZA DE MANO, CODIGO  2-48-04-0810",CAJA COSTARRICENSE DE SEGURO SOCIAL,01/07/2026 07:37,02/07/2026 00:00,,13/10/2026 09:00,En recepción de ofertas,En recepción de ofertas,LY,,02,4000042147,SHIRLEY JAUBERT ROSALES,H4000042147620,00
2026LY-000007-0006900001,20260602012,"Suscripción contrato para suministro de casilleros, chalecos antibalas y forros de chalecos, para uso personal policial de Dir. Pol. Penitenciaria",MINISTERIO DE JUSTICIA Y PAZ,30/06/2026 12:50,01/07/2026 07:30,,30/10/2026 09:00,En recepción de ofertas,En recepción de ofertas,LY,,02,2100042006,María de los Angeles Retana Matarrita,G2100042006171,00
2026LY-000009-0021400001,20260502691,"MEJORAS AL SISTEMA DE ABASTECIMIENTO DE AGUA POTABLE DE ARTIEDA, CALDERA, ESPARZA",INSTITUTO COSTARRICENSE DE ACUEDUCTOS Y ALCANTARILLADOS,09/06/2026 20:33,10/06/2026 07:00,,27/10/2026 07:05,En recepción de ofertas,En recepción de ofertas,LY,,01,4000042138,VLADIMIR BALLESTERO MOYA,G4000042138087,00
2026LY-000020-0000100001,20260601131,"CONTRATACION DE UNA AGENCIA DE COMUNICACION QUE BRINDE APOYO A LA DRI DEL BNCR EN GESTION DE PRENSA, COMUNICACION ESTRATEGICA Y GESTION DE CRISIS",BANCO NACIONAL DE COSTA RICA,09/06/2026 16:49,10/06/2026 00:01,,28/10/2026 09:00,En recepción de ofertas,En recepción de ofertas,LY,,08,4000001021,Fiorella Montoya Carballo,G400000102100700,00
2026LD-000021-0003900001,20260600326,ADQUISICION MATERIALES DE FERRETERIA,MUNICIPALIDAD DE NICOYA,04/06/2026 09:49,09/06/2026 12:00,,12/10/2026 10:01,En recepción de ofertas,En recepción de ofertas,LD,,02,3014042108,José Angel Castro Rodriguez,G3014042108056,00
2026LY-000006-0001101107,20260600452,Fortalecimiento Hospital de Guápiles CCSS-0504-1,CAJA COSTARRICENSE DE SEGURO SOCIAL,03/06/2026 15:51,04/06/2026 00:00,,27/10/2026 10:01,Objetado,Objetado,LY,,01,4000042147,CARLOS ADRIAN MONTERO FERNANDEZ,G4000042147086,00
2026LY-000003-0000300001,20260502641,Servicio integral de atención al cliente omnicanal con soporte de inteligencia artificial y gestión de agentes según demanda,CORREOS DE COSTA RICA SOCIEDAD ANÓNIMA,27/05/2026 12:00,20/08/2026 08:00,,16/10/2026 15:00,En recepción de ofertas,En recepción de ofertas,LY,,02,3101227869,YANORI PATRICIA CASTRILLO SANCHEZ,G3101227869101,00
2026LY-000004-0001101107,20260501841,"Ampliación, Remodelación y Reforzamiento Estructural del CENDEISSS CCSS-1112",CAJA COSTARRICENSE DE SEGURO SOCIAL,20/05/2026 15:10,21/05/2026 07:00,,14/10/2026 10:00,Objetado,Objetado,LY,,01,4000042147,JOHNNY ALEXANDER VARGAS VARGAS,G4000042147070,00
2026LY-000063-0001101142,20260402609,COMPRA PARA ADQUIRIR SISTEMA FIJACIÓN EXTERNA,CAJA COSTARRICENSE DE SEGURO SOCIAL,06/05/2026 15:28,18/06/2026 00:00,,21/10/2026 10:00,En recepción de ofertas,En recepción de ofertas,LY,,03,4000042147,ALLAN RODA ACUÑA,G4000042147036,00
2026LY-000002-0021400001,20260401569,"IMPLEMENTACIÓN DE MEDIDAS DE EFICIENCIA ENERGÉTICA ESTIMADAS PARA SISTEMA GAM OESTE, GAM CENTRO, GAM ESTE, SISTEMAS PERIFÉRICOS",INSTITUTO COSTARRICENSE DE ACUEDUCTOS Y ALCANTARILLADOS,21/04/2026 14:47,22/04/2026 07:00,,16/10/2026 07:05,En recepción de ofertas,En recepción de ofertas,LY,,01,4000042138,VLADIMIR BALLESTERO MOYA,G4000042138087,00
